days,00:00:00,01:00:00,02:00:00,03:00:00,04:00:00,05:00:00,06:00:00,07:00:00,08:00:00,09:00:00,10:00:00,11:00:00,12:00:00,13:00:00,14:00:00,15:00:00,16:00:00,17:00:00,18:00:00,19:00:00,20:00:00,21:00:00,22:00:00,23:00:00
2012-10-03,13.0,10.0,2.0,5.0,7.0,31.0,155.0,352.0,437.0,276.0,118.0,42.0,76.0,90.0,128.0,164.0,315.0,583.0,380.0,128.0,80.0,63.0,49.0,17.0
2012-10-04,18.0,3.0,9.0,3.0,8.0,26.0,142.0,319.0,418.0,241.0,120.0,108.0,104.0,126.0,119.0,147.0,275.0,507.0,378.0,164.0,83.0,70.0,46.0,41.0
2012-10-05,11.0,8.0,7.0,4.0,9.0,25.0,105.0,319.0,370.0,212.0,119.0,104.0,101.0,112.0,125.0,164.0,310.0,434.0,316.0,115.0,68.0,42.0,36.0,32.0
2012-10-06,15.0,15.0,9.0,3.0,5.0,5.0,27.0,33.0,105.0,114.0,115.0,124.0,164.0,177.0,203.0,211.0,183.0,180.0,96.0,78.0,43.0,33.0,34.0,34.0
2012-10-07,11.0,17.0,3.0,6.0,3.0,9.0,17.0,26.0,69.0,103.0,108.0,165.0,191.0,228.0,241.0,231.0,225.0,191.0,113.0,49.0,55.0,47.0,18.0,16.0
2012-10-08,9.0,4.0,5.0,5.0,5.0,23.0,137.0,327.0,457.0,278.0,97.0,99.0,108.0,96.0,121.0,167.0,252.0,604.0,365.0,168.0,94.0,63.0,29.0,24.0
2012-10-09,12.0,3.0,4.0,8.0,9.0,31.0,153.0,368.0,462.0,275.0,94.0,74.0,77.0,83.0,108.0,134.0,244.0,597.0,396.0,163.0,85.0,64.0,34.0,23.0
2012-10-10,15.0,3.0,3.0,4.0,5.0,25.0,149.0,340.0,435.0,255.0,97.0,55.0,87.0,94.0,93.0,130.0,230.0,532.0,331.0,145.0,86.0,62.0,36.0,23.0
2012-10-11,21.0,10.0,13.0,2.0,12.0,12.0,43.0,304.0,404.0,189.0,4.0,92.0,81.0,118.0,108.0,143.0,270.0,517.0,299.0,149.0,104.0,71.0,48.0,33.0
2012-10-12,17.0,13.0,5.0,7.0,5.0,14.0,87.0,183.0,268.0,145.0,62.0,58.0,69.0,72.0,65.0,113.0,165.0,304.0,178.0,79.0,38.0,26.0,14.0,24.0
2012-10-13,18.0,11.0,16.0,4.0,3.0,10.0,14.0,30.0,32.0,41.0,46.0,42.0,72.0,64.0,62.0,41.0,58.0,50.0,59.0,27.0,19.0,10.0,18.0,19.0
2012-10-14,6.0,9.0,8.0,4.0,5.0,3.0,12.0,14.0,24.0,54.0,72.0,81.0,62.0,82.0,58.0,37.0,34.0,37.0,27.0,23.0,11.0,12.0,13.0,10.0
2012-10-15,7.0,3.0,5.0,3.0,6.0,26.0,93.0,225.0,327.0,203.0,86.0,66.0,84.0,71.0,73.0,107.0,140.0,335.0,204.0,78.0,55.0,36.0,26.0,14.0
2012-10-16,10.0,5.0,3.0,5.0,5.0,29.0,122.0,256.0,357.0,207.0,124.0,83.0,75.0,90.0,97.0,163.0,255.0,500.0,307.0,135.0,88.0,65.0,30.0,25.0
2012-10-17,22.0,6.0,5.0,4.0,7.0,30.0,133.0,298.0,416.0,244.0,96.0,78.0,111.0,96.0,105.0,161.0,258.0,482.0,358.0,145.0,58.0,66.0,48.0,16.0
2012-10-18,7.0,7.0,9.0,5.0,8.0,26.0,123.0,279.0,376.0,230.0,94.0,93.0,110.0,121.0,104.0,145.0,230.0,464.0,280.0,87.0,59.0,36.0,16.0,14.0
2012-10-19,12.0,4.0,5.0,2.0,9.0,26.0,71.0,180.0,245.0,169.0,65.0,52.0,50.0,78.0,75.0,110.0,177.0,297.0,191.0,62.0,42.0,19.0,17.0,19.0
2012-10-20,9.0,8.0,12.0,5.0,3.0,15.0,16.0,28.0,46.0,59.0,83.0,92.0,98.0,113.0,98.0,72.0,76.0,63.0,69.0,36.0,22.0,13.0,12.0,20.0
2012-10-21,17.0,11.0,11.0,4.0,4.0,8.0,13.0,15.0,37.0,50.0,66.0,57.0,100.0,89.0,114.0,115.0,72.0,82.0,44.0,17.0,21.0,26.0,9.0,7.0
2012-10-22,6.0,4.0,2.0,4.0,10.0,27.0,117.0,258.0,348.0,161.0,67.0,42.0,41.0,40.0,45.0,71.0,150.0,369.0,199.0,74.0,40.0,28.0,15.0,11.0
2012-10-23,6.0,2.0,3.0,1.0,11.0,35.0,112.0,236.0,343.0,168.0,79.0,52.0,68.0,59.0,76.0,100.0,190.0,434.0,270.0,104.0,59.0,50.0,21.0,21.0
2012-10-24,11.0,11.0,9.0,4.0,5.0,25.0,118.0,225.0,313.0,172.0,78.0,49.0,35.0,66.0,78.0,101.0,192.0,399.0,265.0,117.0,62.0,46.0,33.0,15.0
2012-10-25,3.0,6.0,3.0,3.0,5.0,33.0,119.0,244.0,341.0,202.0,83.0,55.0,74.0,80.0,90.0,146.0,231.0,425.0,272.0,108.0,79.0,55.0,28.0,28.0
2012-10-26,19.0,16.0,4.0,1.0,10.0,21.0,87.0,203.0,283.0,171.0,86.0,50.0,42.0,40.0,59.0,116.0,198.0,298.0,196.0,65.0,42.0,33.0,15.0,18.0
2012-10-27,12.0,9.0,16.0,2.0,5.0,13.0,13.0,15.0,25.0,25.0,21.0,31.0,25.0,41.0,51.0,51.0,59.0,36.0,18.0,15.0,8.0,17.0,12.0,11.0
2012-10-28,10.0,11.0,7.0,4.0,3.0,6.0,10.0,17.0,31.0,42.0,53.0,78.0,115.0,125.0,138.0,120.0,99.0,89.0,34.0,21.0,17.0,12.0,14.0,6.0
2012-10-29,11.0,1.0,3.0,2.0,5.0,22.0,95.0,214.0,274.0,152.0,73.0,55.0,57.0,63.0,82.0,89.0,177.0,376.0,246.0,93.0,55.0,40.0,15.0,17.0
2012-10-30,15.0,1.0,5.0,3.0,6.0,24.0,82.0,200.0,260.0,141.0,56.0,35.0,30.0,41.0,43.0,64.0,113.0,282.0,189.0,65.0,35.0,16.0,16.0,13.0
2012-10-31,4.0,5.0,2.0,1.0,11.0,11.0,69.0,170.0,245.0,125.0,42.0,53.0,55.0,35.0,49.0,80.0,151.0,280.0,143.0,88.0,45.0,14.0,14.0,18.0
2012-11-01,7.0,5.0,2.0,0.0,6.0,18.0,89.0,198.0,260.0,130.0,56.0,40.0,58.0,68.0,71.0,100.0,187.0,316.0,233.0,106.0,59.0,40.0,21.0,21.0
2012-11-02,6.0,7.0,2.0,4.0,10.0,17.0,114.0,230.0,336.0,198.0,80.0,75.0,80.0,107.0,91.0,159.0,235.0,348.0,195.0,73.0,41.0,33.0,23.0,14.0
2012-11-03,12.0,6.0,5.0,2.0,4.0,12.0,13.0,13.0,33.0,69.0,62.0,88.0,79.0,82.0,109.0,71.0,73.0,65.0,52.0,35.0,24.0,9.0,13.0,21.0
2012-11-04,18.0,10.0,10.0,3.0,3.0,7.0,12.0,29.0,51.0,68.0,75.0,90.0,112.0,98.0,73.0,90.0,97.0,55.0,42.0,12.0,21.0,13.0,13.0,9.0
2012-11-05,7.0,3.0,2.0,3.0,5.0,25.0,126.0,312.0,373.0,182.0,91.0,57.0,95.0,63.0,98.0,123.0,246.0,470.0,261.0,108.0,68.0,45.0,24.0,23.0
2012-11-06,10.0,7.0,5.0,3.0,8.0,27.0,127.0,280.0,371.0,164.0,63.0,54.0,62.0,66.0,75.0,111.0,236.0,403.0,217.0,80.0,43.0,32.0,28.0,21.0
2012-11-07,12.0,5.0,6.0,6.0,10.0,14.0,116.0,266.0,371.0,200.0,96.0,58.0,71.0,67.0,104.0,132.0,237.0,387.0,270.0,114.0,67.0,45.0,43.0,22.0
2012-11-08,2.0,6.0,4.0,6.0,10.0,24.0,128.0,279.0,348.0,206.0,88.0,76.0,71.0,74.0,89.0,106.0,256.0,394.0,258.0,114.0,59.0,44.0,27.0,22.0
2012-11-09,19.0,5.0,5.0,2.0,7.0,15.0,100.0,233.0,329.0,167.0,92.0,75.0,66.0,90.0,102.0,163.0,222.0,324.0,208.0,84.0,32.0,25.0,25.0,16.0
2012-11-10,20.0,8.0,10.0,5.0,4.0,9.0,15.0,23.0,44.0,54.0,102.0,102.0,138.0,130.0,142.0,137.0,109.0,72.0,47.0,26.0,24.0,15.0,15.0,18.0
2012-11-11,10.0,7.0,8.0,4.0,3.0,3.0,12.0,21.0,36.0,58.0,54.0,58.0,51.0,58.0,71.0,35.0,39.0,27.0,19.0,14.0,11.0,14.0,7.0,8.0
2012-11-12,4.0,1.0,4.0,1.0,2.0,11.0,63.0,146.0,213.0,135.0,52.0,46.0,43.0,37.0,60.0,80.0,138.0,261.0,176.0,68.0,23.0,26.0,24.0,17.0
2012-11-13,9.0,3.0,4.0,2.0,8.0,25.0,113.0,246.0,318.0,171.0,56.0,52.0,28.0,41.0,51.0,75.0,164.0,331.0,205.0,77.0,40.0,37.0,19.0,12.0
2012-11-14,1.0,4.0,4.0,3.0,8.0,24.0,123.0,235.0,353.0,174.0,93.0,64.0,70.0,80.0,78.0,127.0,218.0,416.0,244.0,116.0,67.0,47.0,29.0,22.0
2012-11-15,6.0,3.0,4.0,1.0,8.0,25.0,109.0,242.0,309.0,186.0,76.0,77.0,77.0,85.0,105.0,132.0,204.0,328.0,246.0,116.0,63.0,58.0,32.0,28.0
2012-11-16,10.0,10.0,3.0,3.0,10.0,18.0,91.0,212.0,277.0,159.0,89.0,73.0,67.0,91.0,75.0,75.0,153.0,239.0,156.0,88.0,46.0,21.0,22.0,18.0
2012-11-17,14.0,5.0,5.0,1.0,4.0,5.0,12.0,24.0,31.0,46.0,49.0,66.0,81.0,60.0,43.0,32.0,40.0,29.0,23.0,20.0,15.0,11.0,12.0,12.0
2012-11-18,11.0,3.0,3.0,2.0,5.0,3.0,6.0,12.0,16.0,20.0,21.0,28.0,34.0,41.0,45.0,24.0,30.0,22.0,12.0,11.0,14.0,6.0,11.0,12.0
2012-11-19,3.0,6.0,2.0,2.0,8.0,15.0,46.0,103.0,139.0,66.0,35.0,13.0,18.0,13.0,32.0,45.0,78.0,155.0,78.0,50.0,18.0,19.0,15.0,8.0
2012-11-20,7.0,1.0,3.0,2.0,3.0,14.0,83.0,191.0,263.0,154.0,63.0,31.0,37.0,32.0,37.0,72.0,127.0,285.0,184.0,65.0,33.0,25.0,18.0,11.0
2012-11-21,9.0,1.0,3.0,2.0,6.0,9.0,52.0,119.0,183.0,117.0,58.0,30.0,30.0,64.0,74.0,100.0,148.0,139.0,97.0,42.0,40.0,21.0,17.0,9.0
2012-11-22,8.0,39.0,4.0,4.0,1.0,4.0,4.0,10.0,23.0,44.0,64.0,88.0,68.0,50.0,37.0,31.0,23.0,7.0,4.0,9.0,9.0,10.0,6.0,7.0
2012-11-23,15.0,0.0,2.0,0.0,3.0,9.0,11.0,22.0,25.0,15.0,32.0,16.0,17.0,18.0,23.0,27.0,22.0,31.0,15.0,13.0,14.0,3.0,13.0,9.0
2012-11-24,3.0,2.0,4.0,1.0,6.0,6.0,11.0,14.0,30.0,40.0,56.0,67.0,100.0,68.0,117.0,127.0,63.0,30.0,33.0,22.0,16.0,13.0,11.0,5.0
2012-11-25,9.0,9.0,2.0,4.0,3.0,2.0,13.0,22.0,33.0,45.0,52.0,66.0,82.0,146.0,154.0,133.0,88.0,47.0,30.0,27.0,17.0,13.0,7.0,14.0
2012-11-26,3.0,4.0,0.0,2.0,7.0,23.0,100.0,227.0,312.0,179.0,84.0,56.0,67.0,83.0,98.0,115.0,194.0,352.0,216.0,87.0,67.0,35.0,35.0,12.0
2012-11-27,10.0,4.0,1.0,4.0,8.0,27.0,105.0,229.0,366.0,185.0,68.0,63.0,55.0,81.0,83.0,125.0,232.0,385.0,258.0,102.0,62.0,42.0,32.0,20.0
2012-11-28,7.0,3.0,3.0,2.0,8.0,18.0,96.0,214.0,317.0,162.0,85.0,46.0,49.0,59.0,35.0,62.0,144.0,315.0,190.0,113.0,44.0,28.0,23.0,11.0
2012-11-29,5.0,2.0,5.0,3.0,7.0,21.0,90.0,191.0,278.0,139.0,45.0,38.0,41.0,29.0,46.0,75.0,151.0,273.0,182.0,97.0,42.0,40.0,24.0,20.0
2012-11-30,7.0,1.0,1.0,1.0,8.0,23.0,80.0,165.0,242.0,141.0,59.0,44.0,39.0,38.0,46.0,66.0,139.0,228.0,145.0,55.0,28.0,7.0,10.0,17.0
2012-12-01,10.0,3.0,3.0,3.0,3.0,4.0,10.0,21.0,37.0,43.0,51.0,53.0,62.0,53.0,51.0,54.0,44.0,40.0,24.0,19.0,10.0,10.0,12.0,14.0
2012-12-02,16.0,3.0,4.0,0.0,3.0,6.0,10.0,12.0,31.0,47.0,45.0,43.0,65.0,49.0,41.0,31.0,38.0,13.0,19.0,17.0,8.0,11.0,7.0,8.0
2012-12-03,2.0,6.0,3.0,1.0,2.0,22.0,89.0,186.0,290.0,151.0,62.0,50.0,51.0,41.0,43.0,58.0,139.0,287.0,196.0,97.0,39.0,29.0,15.0,9.0
2012-12-04,11.0,4.0,3.0,2.0,7.0,24.0,87.0,189.0,299.0,179.0,68.0,57.0,56.0,52.0,56.0,66.0,147.0,314.0,173.0,78.0,55.0,39.0,21.0,24.0
2012-12-05,9.0,1.0,3.0,2.0,6.0,21.0,84.0,210.0,312.0,190.0,77.0,66.0,63.0,84.0,67.0,107.0,174.0,328.0,250.0,122.0,45.0,39.0,26.0,14.0
2012-12-06,4.0,5.0,1.0,3.0,13.0,26.0,98.0,165.0,280.0,143.0,57.0,34.0,47.0,40.0,44.0,73.0,177.0,285.0,170.0,92.0,44.0,40.0,26.0,12.0
2012-12-07,9.0,8.0,0.0,1.0,7.0,15.0,80.0,162.0,255.0,149.0,81.0,43.0,45.0,46.0,51.0,69.0,171.0,263.0,164.0,74.0,38.0,28.0,33.0,24.0
2012-12-08,17.0,5.0,3.0,1.0,2.0,3.0,12.0,21.0,46.0,52.0,66.0,65.0,67.0,83.0,95.0,87.0,58.0,54.0,34.0,22.0,18.0,27.0,19.0,17.0
2012-12-09,6.0,6.0,5.0,8.0,3.0,2.0,8.0,16.0,29.0,22.0,29.0,37.0,39.0,39.0,29.0,33.0,27.0,27.0,20.0,13.0,10.0,9.0,3.0,2.0
2012-12-10,6.0,6.0,2.0,1.0,4.0,32.0,94.0,228.0,304.0,151.0,66.0,54.0,53.0,53.0,64.0,84.0,164.0,354.0,216.0,90.0,60.0,42.0,20.0,14.0
2012-12-11,12.0,2.0,3.0,4.0,8.0,25.0,90.0,208.0,299.0,154.0,57.0,34.0,34.0,53.0,58.0,75.0,136.0,313.0,187.0,75.0,54.0,34.0,20.0,10.0
2012-12-12,9.0,5.0,1.0,3.0,5.0,22.0,84.0,160.0,281.0,140.0,50.0,20.0,39.0,38.0,72.0,77.0,138.0,295.0,187.0,81.0,59.0,37.0,33.0,12.0
2012-12-13,6.0,4.0,7.0,2.0,5.0,23.0,100.0,175.0,284.0,154.0,71.0,60.0,72.0,58.0,59.0,95.0,171.0,280.0,155.0,107.0,60.0,30.0,20.0,15.0
2012-12-14,8.0,3.0,1.0,3.0,5.0,11.0,64.0,149.0,214.0,150.0,53.0,54.0,56.0,66.0,67.0,116.0,165.0,229.0,138.0,77.0,29.0,20.0,14.0,17.0
2012-12-15,22.0,6.0,11.0,4.0,3.0,10.0,19.0,17.0,40.0,46.0,42.0,29.0,32.0,16.0,33.0,19.0,22.0,19.0,23.0,15.0,10.0,11.0,6.0,8.0
2012-12-16,9.0,4.0,5.0,2.0,2.0,1.0,9.0,12.0,21.0,39.0,39.0,38.0,26.0,25.0,21.0,23.0,19.0,8.0,6.0,12.0,8.0,9.0,11.0,2.0
2012-12-17,1.0,1.0,7.0,1.0,4.0,12.0,59.0,123.0,196.0,118.0,53.0,34.0,33.0,42.0,52.0,58.0,131.0,220.0,151.0,85.0,34.0,36.0,26.0,15.0
2012-12-18,12.0,9.0,3.0,3.0,6.0,23.0,61.0,162.0,256.0,132.0,47.0,33.0,39.0,51.0,49.0,86.0,101.0,275.0,180.0,76.0,41.0,25.0,24.0,8.0
2012-12-19,6.0,5.0,5.0,1.0,6.0,14.0,43.0,98.0,141.0,78.0,37.0,22.0,22.0,29.0,26.0,38.0,76.0,147.0,121.0,53.0,21.0,9.0,16.0,6.0
2012-12-20,4.0,1.0,1.0,1.0,5.0,8.0,55.0,103.0,141.0,67.0,27.0,23.0,16.0,24.0,25.0,53.0,83.0,179.0,126.0,49.0,33.0,19.0,22.0,12.0
2012-12-21,8.0,2.0,4.0,2.0,6.0,9.0,36.0,103.0,150.0,94.0,34.0,35.0,28.0,38.0,77.0,127.0,111.0,161.0,92.0,38.0,23.0,21.0,17.0,16.0
2012-12-22,8.0,6.0,5.0,8.0,3.0,5.0,8.0,20.0,26.0,28.0,32.0,37.0,36.0,56.0,43.0,53.0,33.0,20.0,20.0,18.0,11.0,5.0,7.0,5.0
2012-12-23,8.0,7.0,5.0,2.0,4.0,2.0,8.0,15.0,13.0,11.0,23.0,48.0,37.0,49.0,42.0,41.0,33.0,25.0,13.0,10.0,9.0,10.0,15.0,11.0
2012-12-24,6.0,2.0,1.0,1.0,4.0,11.0,16.0,37.0,29.0,42.0,36.0,31.0,42.0,57.0,53.0,72.0,54.0,20.0,17.0,18.0,9.0,1.0,9.0,6.0
2012-12-25,2.0,2.0,1.0,2.0,1.0,1.0,3.0,4.0,4.0,7.0,6.0,3.0,7.0,11.0,8.0,3.0,7.0,11.0,3.0,2.0,1.0,5.0,3.0,1.0
2012-12-26,2.0,0.0,1.0,1.0,4.0,9.0,37.0,69.0,102.0,56.0,33.0,33.0,48.0,34.0,41.0,63.0,73.0,104.0,65.0,20.0,22.0,12.0,11.0,5.0
2012-12-27,5.0,2.0,0.0,0.0,8.0,11.0,55.0,95.0,122.0,78.0,53.0,34.0,39.0,42.0,49.0,76.0,114.0,153.0,90.0,65.0,17.0,14.0,18.0,8.0
2012-12-28,5.0,1.0,3.0,2.0,4.0,7.0,56.0,71.0,126.0,84.0,45.0,69.0,68.0,81.0,71.0,101.0,129.0,142.0,76.0,29.0,28.0,26.0,24.0,9.0
2012-12-29,12.0,5.0,9.0,7.0,7.0,3.0,11.0,23.0,30.0,21.0,23.0,48.0,41.0,26.0,36.0,48.0,37.0,20.0,29.0,18.0,14.0,8.0,8.0,3.0
2012-12-30,5.0,2.0,6.0,1.0,5.0,1.0,5.0,10.0,29.0,41.0,72.0,47.0,72.0,100.0,77.0,61.0,58.0,36.0,13.0,17.0,14.0,7.0,11.0,5.0
2012-12-31,1.0,6.0,5.0,1.0,5.0,9.0,42.0,64.0,89.0,70.0,39.0,36.0,55.0,48.0,86.0,81.0,138.0,92.0,41.0,28.0,21.0,6.0,11.0,12.0
2013-01-01,7.0,21.0,16.0,6.0,4.0,3.0,7.0,3.0,11.0,14.0,46.0,62.0,77.0,112.0,75.0,78.0,57.0,30.0,14.0,12.0,7.0,5.0,5.0,6.0
2013-01-02,1.0,1.0,2.0,1.0,5.0,21.0,86.0,157.0,230.0,144.0,63.0,51.0,65.0,45.0,70.0,104.0,164.0,299.0,171.0,72.0,45.0,21.0,11.0,6.0
2013-01-03,10.0,3.0,3.0,1.0,6.0,20.0,69.0,149.0,228.0,138.0,70.0,56.0,57.0,59.0,103.0,104.0,151.0,252.0,175.0,69.0,41.0,16.0,14.0,9.0
2013-01-04,7.0,2.0,2.0,2.0,5.0,13.0,63.0,138.0,229.0,125.0,55.0,56.0,45.0,63.0,79.0,89.0,158.0,245.0,156.0,79.0,45.0,28.0,12.0,16.0
2013-01-05,10.0,1.0,2.0,2.0,3.0,8.0,19.0,13.0,59.0,34.0,44.0,51.0,53.0,73.0,73.0,84.0,59.0,41.0,26.0,16.0,26.0,7.0,8.0,7.0
2013-01-06,11.0,9.0,7.0,1.0,3.0,4.0,9.0,13.0,37.0,43.0,59.0,105.0,75.0,96.0,45.0,42.0,32.0,35.0,31.0,15.0,14.0,12.0,6.0,2.0
2013-01-07,3.0,3.0,0.0,0.0,4.0,23.0,88.0,188.0,281.0,150.0,49.0,41.0,33.0,42.0,41.0,84.0,149.0,313.0,215.0,89.0,44.0,23.0,22.0,8.0
2013-01-08,10.0,2.0,2.0,2.0,6.0,25.0,81.0,200.0,252.0,108.0,32.0,30.0,27.0,30.0,29.0,57.0,116.0,269.0,189.0,48.0,28.0,15.0,14.0,6.0
2013-01-09,3.0,0.0,1.0,2.0,5.0,13.0,63.0,105.0,187.0,103.0,40.0,24.0,32.0,27.0,38.0,58.0,120.0,216.0,155.0,74.0,41.0,17.0,13.0,10.0
2013-01-10,6.0,5.0,1.0,0.0,7.0,12.0,85.0,163.0,273.0,159.0,42.0,46.0,45.0,38.0,46.0,62.0,136.0,278.0,206.0,83.0,44.0,28.0,26.0,19.0
2013-01-11,14.0,12.0,2.0,0.0,7.0,11.0,54.0,113.0,214.0,138.0,52.0,48.0,62.0,54.0,51.0,91.0,148.0,206.0,144.0,65.0,26.0,17.0,31.0,10.0
2013-01-12,5.0,5.0,3.0,1.0,4.0,5.0,9.0,12.0,25.0,35.0,35.0,54.0,42.0,80.0,78.0,80.0,59.0,40.0,32.0,25.0,13.0,6.0,14.0,15.0
2013-01-13,8.0,6.0,7.0,0.0,1.0,2.0,6.0,12.0,18.0,23.0,39.0,32.0,46.0,59.0,77.0,71.0,48.0,33.0,18.0,16.0,14.0,12.0,4.0,7.0
2013-01-14,7.0,2.0,2.0,3.0,5.0,19.0,81.0,152.0,276.0,148.0,57.0,51.0,53.0,41.0,59.0,74.0,146.0,283.0,209.0,91.0,53.0,26.0,23.0,8.0
2013-01-15,12.0,1.0,3.0,3.0,6.0,16.0,67.0,202.0,287.0,171.0,65.0,43.0,50.0,63.0,70.0,106.0,163.0,308.0,230.0,90.0,54.0,33.0,16.0,7.0
2013-01-16,6.0,2.0,4.0,4.0,13.0,15.0,75.0,165.0,251.0,154.0,64.0,51.0,50.0,55.0,80.0,95.0,160.0,288.0,206.0,85.0,67.0,24.0,24.0,12.0
2013-01-17,3.0,3.0,3.0,2.0,11.0,15.0,72.0,164.0,245.0,134.0,65.0,47.0,45.0,55.0,60.0,71.0,117.0,278.0,197.0,88.0,28.0,30.0,27.0,17.0
2013-01-18,10.0,6.0,2.0,2.0,4.0,7.0,52.0,137.0,195.0,139.0,55.0,53.0,49.0,55.0,66.0,66.0,119.0,245.0,157.0,70.0,33.0,21.0,21.0,21.0
2013-01-19,14.0,8.0,6.0,2.0,1.0,5.0,10.0,19.0,27.0,37.0,37.0,64.0,68.0,77.0,71.0,79.0,79.0,46.0,26.0,21.0,24.0,15.0,14.0,10.0
2013-01-20,11.0,11.0,7.0,0.0,5.0,1.0,8.0,16.0,26.0,31.0,40.0,61.0,74.0,79.0,92.0,95.0,87.0,50.0,22.0,24.0,18.0,10.0,17.0,16.0
2013-01-21,7.0,1.0,6.0,2.0,5.0,10.0,32.0,90.0,134.0,102.0,48.0,38.0,65.0,48.0,64.0,57.0,113.0,162.0,120.0,71.0,34.0,21.0,27.0,19.0
2013-01-22,6.0,2.0,4.0,1.0,5.0,20.0,84.0,195.0,261.0,147.0,62.0,52.0,49.0,59.0,62.0,95.0,146.0,317.0,217.0,82.0,38.0,29.0,19.0,13.0
2013-01-23,6.0,3.0,3.0,2.0,10.0,29.0,84.0,190.0,281.0,160.0,56.0,27.0,27.0,35.0,38.0,55.0,112.0,286.0,183.0,75.0,57.0,18.0,18.0,12.0
2013-01-24,5.0,4.0,3.0,3.0,7.0,18.0,98.0,173.0,268.0,163.0,72.0,57.0,68.0,54.0,66.0,92.0,125.0,283.0,190.0,93.0,54.0,26.0,20.0,13.0
2013-01-25,6.0,3.0,4.0,0.0,5.0,18.0,89.0,144.0,248.0,135.0,54.0,37.0,54.0,53.0,62.0,112.0,194.0,287.0,162.0,67.0,54.0,27.0,22.0,24.0
2013-01-26,18.0,7.0,8.0,4.0,2.0,7.0,13.0,11.0,19.0,32.0,35.0,46.0,42.0,46.0,34.0,45.0,47.0,30.0,27.0,15.0,17.0,16.0,9.0,14.0
2013-01-27,10.0,12.0,2.0,1.0,1.0,2.0,12.0,17.0,27.0,48.0,66.0,69.0,59.0,43.0,59.0,50.0,52.0,26.0,24.0,18.0,14.0,12.0,9.0,10.0
2013-01-28,5.0,2.0,2.0,1.0,3.0,20.0,97.0,177.0,268.0,137.0,44.0,44.0,38.0,34.0,31.0,55.0,151.0,272.0,185.0,70.0,35.0,17.0,15.0,5.0
2013-01-29,6.0,2.0,2.0,4.0,8.0,21.0,83.0,189.0,251.0,142.0,48.0,46.0,52.0,41.0,43.0,59.0,133.0,286.0,191.0,88.0,40.0,26.0,18.0,10.0
2013-01-30,4.0,0.0,4.0,2.0,11.0,22.0,72.0,174.0,259.0,135.0,56.0,35.0,43.0,31.0,50.0,56.0,127.0,286.0,192.0,87.0,53.0,29.0,17.0,15.0
2013-01-31,5.0,3.0,2.0,1.0,7.0,25.0,85.0,177.0,271.0,160.0,39.0,45.0,47.0,54.0,61.0,61.0,141.0,310.0,177.0,114.0,67.0,30.0,24.0,15.0
2013-02-01,12.0,4.0,3.0,0.0,6.0,15.0,74.0,195.0,261.0,154.0,92.0,58.0,71.0,74.0,96.0,131.0,182.0,301.0,190.0,82.0,43.0,15.0,27.0,22.0
2013-02-02,16.0,12.0,7.0,2.0,1.0,3.0,15.0,24.0,56.0,58.0,58.0,113.0,109.0,104.0,122.0,122.0,119.0,68.0,40.0,27.0,21.0,17.0,9.0,10.0
2013-02-03,14.0,9.0,7.0,0.0,3.0,3.0,13.0,14.0,28.0,46.0,92.0,71.0,90.0,94.0,85.0,90.0,53.0,43.0,25.0,18.0,26.0,21.0,13.0,10.0
2013-02-04,4.0,4.0,3.0,1.0,6.0,24.0,114.0,210.0,316.0,197.0,67.0,51.0,60.0,46.0,69.0,99.0,170.0,378.0,252.0,107.0,43.0,39.0,17.0,11.0
2013-02-05,8.0,4.0,3.0,3.0,6.0,19.0,87.0,192.0,305.0,171.0,62.0,55.0,47.0,56.0,70.0,59.0,126.0,306.0,227.0,86.0,50.0,31.0,23.0,16.0
2013-02-06,7.0,4.0,2.0,1.0,7.0,26.0,91.0,192.0,285.0,155.0,54.0,65.0,62.0,48.0,68.0,75.0,155.0,293.0,196.0,87.0,59.0,30.0,20.0,13.0
2013-02-07,6.0,6.0,2.0,0.0,6.0,17.0,68.0,196.0,278.0,160.0,59.0,64.0,60.0,69.0,104.0,104.0,179.0,324.0,223.0,96.0,62.0,55.0,32.0,17.0
2013-02-08,13.0,6.0,3.0,0.0,4.0,12.0,93.0,205.0,295.0,174.0,68.0,62.0,68.0,90.0,87.0,95.0,196.0,323.0,187.0,67.0,38.0,33.0,20.0,22.0
2013-02-09,17.0,9.0,6.0,1.0,3.0,4.0,16.0,24.0,56.0,65.0,87.0,96.0,104.0,113.0,135.0,106.0,76.0,69.0,29.0,32.0,24.0,13.0,18.0,11.0
2013-02-10,13.0,2.0,3.0,4.0,4.0,3.0,10.0,18.0,44.0,74.0,83.0,102.0,149.0,164.0,206.0,147.0,106.0,66.0,39.0,21.0,15.0,16.0,11.0,12.0
2013-02-11,6.0,3.0,1.0,0.0,10.0,17.0,100.0,237.0,286.0,149.0,64.0,38.0,58.0,42.0,61.0,91.0,179.0,334.0,259.0,87.0,54.0,37.0,22.0,10.0
2013-02-12,8.0,4.0,0.0,3.0,8.0,22.0,97.0,220.0,323.0,162.0,56.0,43.0,34.0,45.0,54.0,67.0,153.0,336.0,229.0,114.0,54.0,29.0,25.0,19.0
2013-02-13,7.0,3.0,1.0,1.0,11.0,18.0,83.0,204.0,292.0,152.0,59.0,55.0,51.0,40.0,49.0,86.0,166.0,334.0,209.0,91.0,68.0,42.0,24.0,20.0
2013-02-14,5.0,4.0,2.0,0.0,6.0,18.0,93.0,160.0,255.0,135.0,46.0,45.0,54.0,48.0,64.0,89.0,142.0,284.0,210.0,83.0,53.0,24.0,29.0,35.0
2013-02-15,11.0,10.0,2.0,4.0,5.0,11.0,79.0,170.0,255.0,162.0,84.0,61.0,86.0,100.0,133.0,165.0,249.0,325.0,207.0,71.0,50.0,29.0,19.0,16.0
2013-02-16,21.0,4.0,7.0,9.0,3.0,6.0,10.0,28.0,39.0,60.0,55.0,65.0,92.0,120.0,121.0,117.0,67.0,59.0,56.0,19.0,23.0,19.0,5.0,12.0
2013-02-17,14.0,5.0,7.0,10.0,2.0,3.0,6.0,20.0,26.0,55.0,50.0,50.0,62.0,83.0,94.0,98.0,92.0,68.0,41.0,28.0,18.0,13.0,15.0,9.0
2013-02-18,7.0,3.0,5.0,3.0,4.0,11.0,37.0,95.0,140.0,111.0,76.0,72.0,78.0,83.0,94.0,111.0,139.0,169.0,107.0,67.0,28.0,12.0,20.0,9.0
2013-02-19,4.0,3.0,1.0,2.0,5.0,21.0,97.0,234.0,341.0,197.0,79.0,58.0,83.0,89.0,101.0,106.0,220.0,399.0,285.0,120.0,47.0,41.0,28.0,25.0
2013-02-20,8.0,1.0,2.0,1.0,9.0,24.0,107.0,220.0,320.0,187.0,73.0,56.0,69.0,60.0,73.0,77.0,153.0,330.0,229.0,77.0,54.0,44.0,26.0,17.0
2013-02-21,4.0,0.0,2.0,1.0,5.0,19.0,93.0,171.0,253.0,145.0,55.0,48.0,37.0,44.0,57.0,73.0,138.0,310.0,213.0,93.0,59.0,24.0,35.0,12.0
2013-02-22,6.0,3.0,4.0,2.0,5.0,16.0,80.0,131.0,206.0,102.0,35.0,20.0,29.0,29.0,40.0,58.0,117.0,204.0,128.0,66.0,25.0,21.0,14.0,19.0
2013-02-23,10.0,3.0,2.0,7.0,1.0,4.0,16.0,30.0,42.0,47.0,61.0,91.0,114.0,101.0,129.0,117.0,100.0,71.0,55.0,36.0,34.0,27.0,13.0,15.0
2013-02-24,22.0,4.0,4.0,4.0,6.0,2.0,22.0,78.0,101.0,58.0,66.0,93.0,81.0,98.0,110.0,92.0,87.0,81.0,26.0,32.0,17.0,13.0,16.0,9.0
2013-02-25,7.0,3.0,1.0,0.0,5.0,22.0,83.0,189.0,267.0,142.0,56.0,45.0,50.0,51.0,81.0,111.0,176.0,352.0,232.0,100.0,46.0,35.0,21.0,11.0
2013-02-26,8.0,4.0,3.0,5.0,5.0,28.0,102.0,235.0,367.0,215.0,76.0,57.0,43.0,78.0,68.0,93.0,197.0,395.0,270.0,117.0,59.0,30.0,24.0,18.0
2013-02-27,6.0,3.0,2.0,3.0,9.0,23.0,123.0,240.0,318.0,200.0,84.0,56.0,67.0,61.0,57.0,95.0,169.0,360.0,250.0,96.0,45.0,34.0,20.0,13.0
2013-02-28,7.0,4.0,3.0,1.0,4.0,21.0,72.0,166.0,233.0,143.0,52.0,40.0,43.0,37.0,44.0,65.0,118.0,289.0,222.0,66.0,52.0,45.0,21.0,11.0
2013-03-01,5.0,4.0,0.0,3.0,2.0,19.0,91.0,147.0,235.0,131.0,56.0,40.0,58.0,62.0,81.0,101.0,170.0,279.0,153.0,91.0,39.0,34.0,17.0,27.0
2013-03-02,20.0,6.0,9.0,7.0,3.0,1.0,13.0,32.0,60.0,89.0,93.0,120.0,135.0,133.0,118.0,87.0,81.0,79.0,46.0,25.0,22.0,18.0,23.0,13.0
2013-03-03,15.0,9.0,2.0,3.0,2.0,6.0,11.0,22.0,63.0,77.0,142.0,161.0,170.0,238.0,211.0,158.0,143.0,105.0,63.0,35.0,15.0,8.0,20.0,11.0
2013-03-04,6.0,2.0,1.0,1.0,6.0,24.0,106.0,259.0,402.0,205.0,65.0,73.0,78.0,96.0,75.0,141.0,212.0,486.0,303.0,104.0,59.0,36.0,34.0,17.0
2013-03-05,5.0,5.0,3.0,2.0,5.0,23.0,112.0,257.0,357.0,171.0,65.0,55.0,44.0,59.0,63.0,100.0,178.0,397.0,241.0,109.0,70.0,39.0,23.0,15.0
2013-03-06,4.0,4.0,2.0,1.0,7.0,29.0,115.0,251.0,321.0,214.0,49.0,37.0,33.0,33.0,35.0,66.0,129.0,327.0,202.0,90.0,32.0,37.0,16.0,7.0
2013-03-07,5.0,2.0,3.0,1.0,4.0,21.0,81.0,193.0,236.0,147.0,74.0,68.0,42.0,72.0,67.0,96.0,197.0,313.0,217.0,144.0,62.0,49.0,34.0,22.0
2013-03-08,7.0,7.0,1.0,1.0,2.0,21.0,106.0,237.0,338.0,189.0,88.0,82.0,77.0,113.0,123.0,177.0,278.0,430.0,246.0,93.0,43.0,31.0,30.0,19.0
2013-03-09,22.0,6.0,9.0,5.0,2.0,10.0,18.0,40.0,93.0,106.0,143.0,208.0,174.0,250.0,256.0,296.0,277.0,175.0,160.0,66.0,37.0,33.0,22.0,22.0
2013-03-10,11.0,18.0,,11.0,0.0,2.0,6.0,18.0,34.0,63.0,88.0,65.0,100.0,105.0,104.0,93.0,122.0,68.0,58.0,17.0,15.0,12.0,25.0,11.0
2013-03-11,10.0,6.0,1.0,3.0,8.0,26.0,103.0,185.0,319.0,187.0,75.0,51.0,56.0,64.0,65.0,86.0,196.0,338.0,247.0,94.0,53.0,26.0,30.0,21.0
2013-03-12,9.0,2.0,4.0,0.0,6.0,22.0,98.0,199.0,263.0,157.0,69.0,49.0,45.0,54.0,62.0,86.0,134.0,283.0,215.0,102.0,46.0,42.0,19.0,14.0
2013-03-13,5.0,1.0,1.0,3.0,6.0,17.0,78.0,182.0,282.0,189.0,65.0,35.0,26.0,40.0,34.0,46.0,128.0,299.0,216.0,123.0,42.0,34.0,29.0,13.0
2013-03-14,4.0,3.0,3.0,2.0,5.0,26.0,85.0,208.0,305.0,183.0,78.0,47.0,59.0,63.0,75.0,77.0,161.0,341.0,249.0,107.0,56.0,31.0,23.0,11.0
2013-03-15,12.0,9.0,4.0,3.0,3.0,17.0,86.0,172.0,277.0,185.0,78.0,76.0,69.0,88.0,94.0,106.0,215.0,365.0,253.0,100.0,57.0,37.0,26.0,23.0
2013-03-16,15.0,10.0,11.0,5.0,3.0,9.0,19.0,37.0,64.0,84.0,82.0,85.0,90.0,78.0,71.0,80.0,83.0,65.0,56.0,34.0,28.0,21.0,19.0,14.0
2013-03-17,8.0,8.0,6.0,4.0,4.0,1.0,12.0,28.0,36.0,91.0,102.0,135.0,139.0,143.0,157.0,147.0,102.0,46.0,51.0,23.0,21.0,9.0,11.0,11.0
2013-03-18,6.0,4.0,4.0,1.0,6.0,23.0,98.0,210.0,305.0,178.0,64.0,75.0,60.0,75.0,81.0,106.0,167.0,392.0,272.0,119.0,50.0,40.0,32.0,13.0
2013-03-19,11.0,5.0,4.0,1.0,3.0,21.0,107.0,235.0,347.0,195.0,76.0,56.0,78.0,64.0,72.0,89.0,166.0,326.0,252.0,104.0,48.0,26.0,18.0,8.0
2013-03-20,5.0,3.0,1.0,1.0,6.0,10.0,43.0,113.0,181.0,124.0,38.0,40.0,28.0,26.0,41.0,67.0,116.0,250.0,187.0,100.0,53.0,37.0,27.0,10.0
2013-03-21,2.0,5.0,3.0,2.0,5.0,15.0,79.0,173.0,266.0,143.0,106.0,70.0,51.0,63.0,65.0,80.0,112.0,273.0,212.0,84.0,45.0,29.0,23.0,18.0
2013-03-22,6.0,3.0,7.0,2.0,5.0,23.0,87.0,148.0,231.0,118.0,52.0,39.0,40.0,67.0,71.0,99.0,174.0,266.0,188.0,95.0,47.0,47.0,30.0,17.0
2013-03-23,29.0,5.0,12.0,6.0,4.0,5.0,17.0,38.0,58.0,66.0,105.0,112.0,120.0,162.0,203.0,202.0,164.0,155.0,108.0,56.0,50.0,24.0,29.0,22.0
2013-03-24,12.0,7.0,6.0,4.0,2.0,3.0,9.0,20.0,43.0,66.0,91.0,103.0,128.0,127.0,149.0,116.0,172.0,113.0,82.0,45.0,39.0,12.0,13.0,23.0
2013-03-25,8.0,2.0,1.0,3.0,8.0,23.0,117.0,267.0,379.0,232.0,86.0,66.0,100.0,106.0,135.0,171.0,276.0,483.0,355.0,180.0,73.0,40.0,35.0,13.0
2013-03-26,13.0,5.0,2.0,2.0,8.0,24.0,124.0,290.0,412.0,206.0,74.0,64.0,57.0,81.0,81.0,139.0,219.0,503.0,359.0,174.0,77.0,56.0,26.0,19.0
2013-03-27,12.0,5.0,4.0,2.0,10.0,30.0,110.0,280.0,341.0,212.0,97.0,67.0,72.0,75.0,87.0,105.0,167.0,357.0,289.0,136.0,81.0,37.0,30.0,11.0
2013-03-28,10.0,3.0,3.0,3.0,9.0,21.0,84.0,207.0,303.0,189.0,78.0,63.0,71.0,70.0,80.0,152.0,236.0,420.0,337.0,156.0,90.0,43.0,55.0,23.0
2013-03-29,14.0,4.0,3.0,0.0,2.0,20.0,110.0,243.0,349.0,221.0,129.0,91.0,115.0,137.0,168.0,185.0,302.0,456.0,320.0,138.0,76.0,45.0,47.0,32.0
2013-03-30,21.0,10.0,8.0,4.0,1.0,6.0,19.0,41.0,84.0,120.0,168.0,173.0,250.0,228.0,269.0,244.0,219.0,238.0,158.0,89.0,52.0,28.0,40.0,27.0
2013-03-31,19.0,11.0,11.0,4.0,7.0,1.0,12.0,26.0,44.0,107.0,163.0,185.0,196.0,282.0,249.0,251.0,217.0,204.0,170.0,89.0,49.0,37.0,18.0,11.0
2013-04-01,6.0,2.0,3.0,1.0,6.0,28.0,122.0,345.0,433.0,241.0,83.0,64.0,68.0,85.0,88.0,128.0,248.0,557.0,381.0,182.0,91.0,40.0,21.0,25.0
2013-04-02,10.0,5.0,4.0,1.0,3.0,36.0,123.0,312.0,464.0,262.0,81.0,70.0,65.0,90.0,118.0,126.0,241.0,531.0,399.0,156.0,75.0,67.0,32.0,16.0
2013-04-03,13.0,9.0,3.0,3.0,9.0,24.0,108.0,333.0,429.0,230.0,108.0,103.0,113.0,105.0,108.0,132.0,288.0,527.0,412.0,210.0,97.0,65.0,35.0,22.0
2013-04-04,10.0,5.0,8.0,2.0,4.0,30.0,104.0,220.0,300.0,159.0,86.0,53.0,35.0,40.0,57.0,59.0,131.0,265.0,254.0,76.0,36.0,36.0,18.0,19.0
2013-04-05,6.0,3.0,3.0,0.0,2.0,15.0,65.0,148.0,273.0,140.0,73.0,59.0,71.0,53.0,72.0,84.0,156.0,289.0,161.0,69.0,34.0,27.0,20.0,19.0
2013-04-06,8.0,3.0,3.0,3.0,2.0,4.0,18.0,20.0,57.0,63.0,103.0,88.0,64.0,21.0,43.0,49.0,68.0,41.0,38.0,31.0,21.0,20.0,13.0,8.0
2013-04-07,4.0,7.0,4.0,5.0,3.0,2.0,6.0,8.0,25.0,70.0,63.0,34.0,44.0,34.0,41.0,41.0,44.0,41.0,30.0,28.0,13.0,11.0,13.0,6.0
2013-04-08,4.0,2.0,3.0,0.0,7.0,17.0,97.0,233.0,345.0,187.0,88.0,65.0,76.0,80.0,98.0,113.0,199.0,447.0,308.0,156.0,65.0,49.0,26.0,24.0
2013-04-09,14.0,5.0,2.0,3.0,7.0,22.0,125.0,321.0,355.0,218.0,107.0,62.0,49.0,65.0,81.0,114.0,232.0,474.0,335.0,143.0,67.0,53.0,31.0,15.0
2013-04-10,11.0,4.0,3.0,1.0,9.0,32.0,105.0,194.0,252.0,117.0,49.0,27.0,50.0,65.0,72.0,88.0,164.0,312.0,272.0,120.0,71.0,48.0,27.0,20.0
2013-04-11,29.0,14.0,4.0,4.0,3.0,32.0,116.0,231.0,360.0,143.0,59.0,53.0,46.0,61.0,63.0,90.0,202.0,379.0,302.0,124.0,89.0,36.0,38.0,21.0
2013-04-12,3.0,15.0,3.0,0.0,3.0,21.0,95.0,223.0,311.0,182.0,90.0,76.0,66.0,70.0,54.0,58.0,157.0,277.0,192.0,60.0,36.0,16.0,16.0,21.0
2013-04-13,9.0,7.0,2.0,3.0,1.0,6.0,12.0,24.0,57.0,64.0,68.0,86.0,93.0,71.0,73.0,79.0,48.0,37.0,39.0,14.0,15.0,12.0,16.0,10.0
2013-04-14,7.0,2.0,5.0,3.0,3.0,2.0,4.0,18.0,27.0,64.0,78.0,109.0,144.0,143.0,158.0,161.0,151.0,137.0,104.0,64.0,34.0,23.0,14.0,9.0
2013-04-15,8.0,4.0,1.0,2.0,7.0,28.0,119.0,224.0,307.0,204.0,90.0,70.0,70.0,69.0,97.0,113.0,217.0,410.0,372.0,127.0,67.0,39.0,28.0,14.0
2013-04-16,12.0,3.0,1.0,0.0,6.0,27.0,129.0,298.0,352.0,211.0,71.0,81.0,74.0,82.0,113.0,150.0,234.0,410.0,377.0,196.0,104.0,74.0,40.0,31.0
2013-04-17,11.0,5.0,4.0,2.0,7.0,29.0,123.0,274.0,357.0,207.0,91.0,93.0,79.0,102.0,105.0,132.0,215.0,420.0,324.0,199.0,79.0,37.0,29.0,15.0
2013-04-18,6.0,6.0,3.0,3.0,4.0,23.0,103.0,188.0,272.0,172.0,94.0,59.0,67.0,56.0,51.0,71.0,130.0,252.0,216.0,89.0,42.0,30.0,23.0,12.0
2013-04-19,11.0,4.0,5.0,0.0,5.0,14.0,80.0,138.0,197.0,126.0,43.0,22.0,23.0,40.0,29.0,48.0,123.0,193.0,137.0,65.0,28.0,19.0,23.0,12.0
2013-04-20,6.0,9.0,6.0,3.0,3.0,7.0,13.0,27.0,42.0,78.0,82.0,90.0,86.0,103.0,126.0,100.0,69.0,66.0,40.0,18.0,22.0,3.0,18.0,15.0
2013-04-21,6.0,6.0,5.0,3.0,1.0,6.0,9.0,15.0,36.0,31.0,55.0,75.0,63.0,60.0,76.0,86.0,112.0,101.0,81.0,61.0,31.0,13.0,25.0,11.0
2013-04-22,12.0,4.0,3.0,1.0,6.0,28.0,143.0,334.0,434.0,268.0,107.0,89.0,102.0,105.0,120.0,177.0,290.0,595.0,409.0,210.0,83.0,63.0,26.0,24.0
2013-04-23,11.0,3.0,5.0,0.0,6.0,36.0,174.0,368.0,491.0,242.0,119.0,90.0,61.0,110.0,145.0,184.0,324.0,590.0,492.0,249.0,99.0,69.0,46.0,28.0
2013-04-24,7.0,7.0,4.0,0.0,7.0,33.0,156.0,395.0,530.0,296.0,121.0,109.0,127.0,123.0,142.0,214.0,389.0,688.0,515.0,280.0,141.0,86.0,46.0,34.0
2013-04-25,8.0,13.0,5.0,1.0,8.0,29.0,152.0,357.0,477.0,279.0,125.0,123.0,96.0,133.0,159.0,214.0,335.0,618.0,438.0,270.0,148.0,82.0,56.0,40.0
2013-04-26,19.0,11.0,9.0,2.0,5.0,29.0,144.0,268.0,418.0,261.0,97.0,104.0,90.0,124.0,183.0,186.0,303.0,466.0,353.0,164.0,96.0,44.0,45.0,36.0
2013-04-27,32.0,20.0,5.0,4.0,1.0,7.0,21.0,37.0,65.0,88.0,90.0,74.0,114.0,95.0,105.0,90.0,73.0,74.0,64.0,47.0,36.0,32.0,16.0,24.0
2013-04-28,18.0,11.0,7.0,5.0,3.0,6.0,9.0,17.0,39.0,67.0,69.0,90.0,76.0,126.0,139.0,130.0,111.0,86.0,68.0,38.0,22.0,21.0,22.0,10.0
2013-04-29,8.0,2.0,3.0,1.0,4.0,31.0,90.0,252.0,343.0,218.0,91.0,81.0,59.0,79.0,64.0,103.0,207.0,438.0,332.0,131.0,74.0,44.0,30.0,8.0
2013-04-30,8.0,6.0,2.0,1.0,4.0,23.0,129.0,367.0,468.0,219.0,106.0,67.0,73.0,81.0,104.0,138.0,267.0,529.0,384.0,218.0,95.0,66.0,32.0,15.0
2013-05-01,15.0,9.0,9.0,6.0,7.0,41.0,200.0,471.0,622.0,356.0,149.0,119.0,95.0,122.0,136.0,216.0,361.0,803.0,666.0,271.0,169.0,92.0,46.0,36.0
2013-05-02,20.0,4.0,6.0,2.0,6.0,46.0,260.0,508.0,603.0,365.0,152.0,180.0,121.0,145.0,139.0,181.0,340.0,734.0,533.0,243.0,107.0,91.0,51.0,40.0
2013-05-03,17.0,16.0,4.0,1.0,5.0,37.0,176.0,418.0,519.0,333.0,160.0,97.0,132.0,134.0,146.0,252.0,432.0,668.0,413.0,243.0,103.0,99.0,63.0,52.0
2013-05-04,26.0,13.0,12.0,7.0,1.0,11.0,29.0,81.0,116.0,186.0,210.0,247.0,217.0,303.0,270.0,249.0,253.0,205.0,163.0,99.0,82.0,65.0,48.0,19.0
2013-05-05,23.0,21.0,17.0,2.0,4.0,10.0,21.0,32.0,87.0,181.0,184.0,226.0,261.0,350.0,311.0,315.0,252.0,221.0,163.0,119.0,99.0,41.0,43.0,20.0
2013-05-06,12.0,1.0,4.0,2.0,5.0,41.0,215.0,517.0,650.0,346.0,119.0,119.0,101.0,165.0,154.0,203.0,425.0,816.0,516.0,319.0,130.0,121.0,64.0,21.0
2013-05-07,14.0,5.0,2.0,1.0,5.0,54.0,247.0,524.0,666.0,348.0,126.0,59.0,98.0,109.0,136.0,204.0,412.0,831.0,585.0,314.0,168.0,102.0,59.0,34.0
2013-05-08,14.0,8.0,5.0,4.0,6.0,54.0,216.0,503.0,646.0,367.0,130.0,93.0,98.0,108.0,142.0,193.0,367.0,757.0,542.0,341.0,189.0,105.0,45.0,39.0
2013-05-09,10.0,17.0,7.0,4.0,6.0,51.0,206.0,496.0,570.0,298.0,129.0,87.0,97.0,120.0,131.0,195.0,345.0,751.0,511.0,282.0,145.0,99.0,51.0,55.0
2013-05-10,24.0,2.0,4.0,0.0,7.0,51.0,225.0,481.0,642.0,319.0,157.0,131.0,144.0,146.0,185.0,236.0,433.0,692.0,447.0,225.0,118.0,89.0,56.0,52.0
2013-05-11,32.0,15.0,9.0,5.0,3.0,11.0,34.0,56.0,91.0,154.0,186.0,195.0,200.0,208.0,183.0,244.0,223.0,203.0,137.0,101.0,75.0,44.0,42.0,30.0
2013-05-12,29.0,11.0,16.0,5.0,4.0,7.0,6.0,14.0,53.0,53.0,51.0,99.0,73.0,106.0,103.0,142.0,109.0,115.0,97.0,59.0,41.0,28.0,22.0,20.0
2013-05-13,9.0,5.0,2.0,3.0,5.0,43.0,185.0,372.0,510.0,253.0,116.0,69.0,64.0,73.0,56.0,88.0,225.0,510.0,390.0,175.0,103.0,50.0,38.0,23.0
2013-05-14,23.0,5.0,2.0,0.0,6.0,43.0,209.0,468.0,589.0,286.0,113.0,71.0,92.0,97.0,141.0,188.0,347.0,705.0,566.0,299.0,136.0,104.0,60.0,25.0
2013-05-15,21.0,6.0,7.0,5.0,4.0,36.0,198.0,417.0,561.0,285.0,135.0,111.0,96.0,110.0,113.0,149.0,264.0,607.0,374.0,166.0,105.0,59.0,43.0,24.0
2013-05-16,5.0,3.0,7.0,2.0,3.0,40.0,183.0,375.0,541.0,311.0,118.0,91.0,91.0,94.0,145.0,177.0,315.0,697.0,476.0,270.0,146.0,95.0,46.0,43.0
2013-05-17,20.0,7.0,9.0,4.0,8.0,68.0,302.0,741.0,701.0,338.0,126.0,94.0,85.0,101.0,124.0,197.0,376.0,637.0,410.0,168.0,108.0,78.0,51.0,30.0
2013-05-18,34.0,14.0,8.0,6.0,4.0,15.0,35.0,53.0,79.0,126.0,123.0,127.0,122.0,144.0,132.0,126.0,109.0,123.0,126.0,91.0,66.0,56.0,57.0,38.0
2013-05-19,33.0,21.0,6.0,7.0,5.0,9.0,15.0,45.0,85.0,109.0,137.0,164.0,155.0,210.0,204.0,203.0,174.0,142.0,140.0,113.0,61.0,50.0,26.0,22.0
2013-05-20,12.0,3.0,5.0,5.0,4.0,56.0,198.0,501.0,590.0,329.0,115.0,85.0,93.0,104.0,157.0,212.0,384.0,764.0,523.0,245.0,117.0,82.0,39.0,26.0
2013-05-21,19.0,6.0,1.0,1.0,4.0,24.0,94.0,264.0,347.0,213.0,65.0,34.0,54.0,65.0,71.0,87.0,175.0,410.0,269.0,109.0,75.0,55.0,18.0,21.0
2013-05-22,3.0,3.0,3.0,1.0,2.0,32.0,136.0,320.0,360.0,229.0,85.0,43.0,37.0,44.0,62.0,91.0,198.0,479.0,345.0,155.0,97.0,67.0,43.0,25.0
2013-05-23,6.0,10.0,3.0,1.0,2.0,30.0,116.0,274.0,430.0,233.0,113.0,82.0,99.0,75.0,88.0,100.0,204.0,421.0,354.0,175.0,95.0,46.0,41.0,25.0
2013-05-24,12.0,3.0,3.0,5.0,4.0,26.0,143.0,288.0,387.0,214.0,137.0,84.0,112.0,131.0,132.0,214.0,350.0,433.0,317.0,146.0,82.0,61.0,56.0,33.0
2013-05-25,22.0,15.0,9.0,6.0,3.0,9.0,21.0,50.0,78.0,98.0,108.0,126.0,116.0,145.0,144.0,202.0,141.0,128.0,103.0,79.0,55.0,38.0,41.0,29.0
2013-05-26,14.0,5.0,5.0,5.0,4.0,5.0,11.0,17.0,17.0,34.0,53.0,58.0,92.0,91.0,91.0,121.0,137.0,112.0,95.0,82.0,53.0,33.0,31.0,25.0
2013-05-27,15.0,12.0,4.0,2.0,2.0,12.0,17.0,42.0,65.0,57.0,65.0,50.0,58.0,43.0,48.0,52.0,44.0,38.0,38.0,24.0,31.0,23.0,18.0,9.0
2013-05-28,9.0,4.0,7.0,2.0,4.0,29.0,142.0,347.0,462.0,249.0,102.0,79.0,63.0,97.0,87.0,114.0,230.0,544.0,410.0,169.0,95.0,59.0,41.0,14.0
2013-05-29,12.0,3.0,3.0,0.0,5.0,24.0,119.0,277.0,407.0,270.0,98.0,85.0,66.0,65.0,90.0,138.0,224.0,444.0,414.0,186.0,80.0,72.0,37.0,18.0
2013-05-30,11.0,6.0,3.0,3.0,8.0,42.0,170.0,375.0,515.0,276.0,142.0,87.0,90.0,95.0,108.0,132.0,269.0,607.0,502.0,220.0,124.0,84.0,57.0,37.0
2013-05-31,18.0,12.0,4.0,3.0,2.0,33.0,169.0,389.0,540.0,305.0,150.0,122.0,106.0,138.0,142.0,216.0,382.0,689.0,418.0,239.0,157.0,84.0,59.0,38.0
2013-06-01,32.0,22.0,6.0,7.0,8.0,13.0,29.0,53.0,86.0,135.0,130.0,151.0,172.0,194.0,200.0,244.0,171.0,203.0,117.0,103.0,47.0,31.0,53.0,33.0
2013-06-02,23.0,22.0,13.0,2.0,8.0,7.0,11.0,27.0,76.0,128.0,166.0,213.0,263.0,224.0,292.0,247.0,233.0,201.0,200.0,98.0,90.0,64.0,36.0,32.0
2013-06-03,23.0,9.0,3.0,3.0,5.0,38.0,176.0,409.0,520.0,267.0,111.0,81.0,87.0,99.0,120.0,187.0,325.0,670.0,560.0,249.0,144.0,122.0,59.0,25.0
2013-06-04,9.0,8.0,2.0,2.0,8.0,48.0,205.0,498.0,601.0,343.0,135.0,106.0,140.0,141.0,134.0,185.0,382.0,770.0,632.0,323.0,190.0,154.0,69.0,36.0
2013-06-05,22.0,10.0,11.0,4.0,11.0,46.0,208.0,445.0,579.0,376.0,155.0,119.0,132.0,128.0,167.0,213.0,366.0,753.0,579.0,301.0,189.0,104.0,86.0,34.0
2013-06-06,11.0,10.0,9.0,2.0,7.0,50.0,184.0,424.0,578.0,326.0,140.0,103.0,116.0,158.0,137.0,155.0,367.0,682.0,494.0,297.0,145.0,95.0,106.0,43.0
2013-06-07,15.0,7.0,4.0,3.0,6.0,37.0,158.0,325.0,497.0,280.0,120.0,98.0,110.0,116.0,132.0,123.0,327.0,423.0,450.0,156.0,113.0,83.0,45.0,48.0
2013-06-08,31.0,19.0,7.0,5.0,3.0,5.0,24.0,42.0,84.0,115.0,134.0,140.0,131.0,186.0,177.0,179.0,175.0,184.0,162.0,122.0,62.0,65.0,75.0,52.0
2013-06-09,26.0,10.0,9.0,6.0,5.0,5.0,18.0,25.0,79.0,93.0,151.0,139.0,143.0,228.0,180.0,233.0,209.0,175.0,114.0,95.0,53.0,31.0,28.0,26.0
2013-06-10,9.0,6.0,5.0,3.0,8.0,52.0,166.0,411.0,557.0,291.0,114.0,83.0,103.0,139.0,114.0,190.0,353.0,654.0,545.0,235.0,136.0,98.0,61.0,36.0
2013-06-11,14.0,4.0,11.0,4.0,12.0,43.0,149.0,384.0,485.0,272.0,125.0,57.0,66.0,67.0,65.0,135.0,279.0,561.0,423.0,216.0,118.0,102.0,58.0,28.0
2013-06-12,13.0,4.0,5.0,4.0,6.0,33.0,141.0,350.0,458.0,299.0,130.0,123.0,104.0,112.0,108.0,169.0,298.0,601.0,514.0,219.0,136.0,98.0,50.0,30.0
2013-06-13,17.0,5.0,10.0,2.0,8.0,36.0,133.0,343.0,485.0,268.0,123.0,93.0,78.0,118.0,122.0,136.0,279.0,588.0,488.0,230.0,147.0,103.0,71.0,32.0
2013-06-14,16.0,14.0,1.0,6.0,33.0,154.0,314.0,417.0,254.0,,,43.0,85.0,108.0,113.0,181.0,296.0,516.0,342.0,148.0,138.0,68.0,47.0,28.0
2013-06-15,16.0,14.0,9.0,4.0,5.0,14.0,48.0,69.0,98.0,183.0,171.0,204.0,194.0,219.0,220.0,221.0,202.0,188.0,141.0,117.0,79.0,57.0,45.0,38.0
2013-06-16,28.0,21.0,11.0,11.0,5.0,5.0,22.0,55.0,68.0,119.0,137.0,186.0,233.0,198.0,214.0,218.0,194.0,174.0,127.0,85.0,80.0,44.0,44.0,23.0
2013-06-17,16.0,5.0,4.0,1.0,7.0,37.0,160.0,353.0,514.0,290.0,132.0,107.0,128.0,108.0,114.0,168.0,324.0,635.0,526.0,257.0,191.0,101.0,51.0,23.0
2013-06-18,18.0,9.0,7.0,2.0,5.0,44.0,171.0,434.0,537.0,311.0,118.0,117.0,113.0,109.0,143.0,182.0,336.0,688.0,531.0,259.0,159.0,112.0,89.0,32.0
2013-06-19,22.0,3.0,4.0,4.0,4.0,41.0,133.0,345.0,458.0,262.0,123.0,99.0,96.0,102.0,120.0,160.0,266.0,529.0,424.0,201.0,108.0,81.0,42.0,28.0
2013-06-20,12.0,2.0,8.0,2.0,6.0,33.0,111.0,264.0,374.0,209.0,87.0,70.0,56.0,44.0,60.0,88.0,140.0,357.0,273.0,121.0,77.0,39.0,21.0,17.0
2013-06-21,25.0,1.0,2.0,3.0,1.0,19.0,97.0,210.0,319.0,214.0,115.0,82.0,82.0,130.0,110.0,154.0,263.0,424.0,296.0,170.0,104.0,94.0,57.0,38.0
2013-06-22,31.0,19.0,10.0,9.0,5.0,13.0,46.0,76.0,117.0,175.0,230.0,232.0,313.0,317.0,269.0,76.0,61.0,180.0,240.0,185.0,189.0,159.0,110.0,81.0
2013-06-23,50.0,35.0,28.0,7.0,19.0,10.0,35.0,25.0,47.0,111.0,140.0,123.0,114.0,154.0,120.0,116.0,136.0,114.0,122.0,52.0,37.0,22.0,20.0,7.0
2013-06-24,6.0,0.0,2.0,3.0,7.0,33.0,79.0,177.0,244.0,180.0,69.0,48.0,81.0,63.0,73.0,97.0,177.0,366.0,306.0,207.0,104.0,57.0,41.0,12.0
2013-06-25,11.0,8.0,7.0,0.0,6.0,26.0,118.0,220.0,263.0,209.0,110.0,93.0,71.0,100.0,107.0,144.0,232.0,424.0,247.0,124.0,48.0,47.0,18.0,16.0
2013-06-26,11.0,4.0,4.0,0.0,7.0,21.0,104.0,238.0,326.0,224.0,89.0,84.0,73.0,64.0,54.0,115.0,215.0,422.0,350.0,203.0,131.0,85.0,60.0,20.0
2013-06-27,19.0,8.0,12.0,1.0,4.0,31.0,100.0,243.0,341.0,209.0,65.0,54.0,76.0,71.0,93.0,146.0,249.0,455.0,349.0,161.0,102.0,69.0,47.0,23.0
2013-06-28,22.0,6.0,4.0,1.0,2.0,30.0,157.0,349.0,475.0,268.0,168.0,112.0,151.0,132.0,156.0,239.0,357.0,588.0,345.0,239.0,127.0,87.0,51.0,33.0
2013-06-29,31.0,14.0,16.0,10.0,6.0,18.0,52.0,89.0,118.0,157.0,202.0,222.0,192.0,208.0,238.0,207.0,187.0,181.0,158.0,143.0,102.0,88.0,51.0,42.0
2013-06-30,25.0,12.0,16.0,5.0,9.0,13.0,29.0,52.0,85.0,151.0,236.0,279.0,208.0,256.0,251.0,233.0,205.0,148.0,157.0,121.0,97.0,89.0,44.0,25.0
2013-07-01,16.0,9.0,3.0,2.0,10.0,41.0,173.0,413.0,531.0,282.0,160.0,109.0,109.0,107.0,102.0,141.0,307.0,610.0,474.0,261.0,147.0,109.0,67.0,24.0
2013-07-02,15.0,11.0,7.0,1.0,12.0,45.0,183.0,444.0,596.0,295.0,136.0,116.0,129.0,139.0,136.0,170.0,332.0,672.0,554.0,275.0,182.0,135.0,71.0,40.0
2013-07-03,20.0,8.0,5.0,2.0,10.0,33.0,164.0,366.0,519.0,331.0,143.0,90.0,104.0,112.0,162.0,235.0,394.0,580.0,404.0,190.0,143.0,107.0,86.0,47.0
2013-07-04,23.0,14.0,61.0,6.0,4.0,17.0,32.0,59.0,108.0,137.0,171.0,198.0,191.0,236.0,272.0,279.0,266.0,286.0,247.0,242.0,224.0,186.0,98.0,392.0
2013-07-05,124.0,35.0,12.0,3.0,8.0,17.0,74.0,189.0,199.0,196.0,143.0,142.0,169.0,154.0,197.0,182.0,265.0,301.0,238.0,182.0,90.0,68.0,64.0,36.0
2013-07-06,31.0,9.0,5.0,9.0,8.0,15.0,39.0,72.0,115.0,161.0,162.0,203.0,210.0,236.0,257.0,216.0,246.0,245.0,178.0,111.0,120.0,84.0,87.0,103.0
2013-07-07,49.0,19.0,10.0,3.0,6.0,11.0,22.0,44.0,76.0,110.0,142.0,178.0,199.0,238.0,249.0,256.0,234.0,218.0,168.0,135.0,99.0,66.0,42.0,21.0
2013-07-08,23.0,11.0,4.0,4.0,9.0,39.0,167.0,423.0,493.0,324.0,108.0,87.0,98.0,137.0,134.0,170.0,326.0,662.0,523.0,271.0,165.0,87.0,52.0,30.0
2013-07-09,22.0,9.0,6.0,1.0,9.0,41.0,205.0,452.0,573.0,319.0,153.0,130.0,114.0,150.0,134.0,151.0,342.0,713.0,548.0,304.0,185.0,132.0,81.0,42.0
2013-07-10,30.0,9.0,10.0,6.0,7.0,50.0,185.0,402.0,546.0,350.0,133.0,97.0,121.0,139.0,131.0,182.0,342.0,692.0,514.0,312.0,155.0,105.0,55.0,34.0
2013-07-11,21.0,11.0,6.0,0.0,7.0,36.0,150.0,333.0,483.0,292.0,132.0,107.0,137.0,115.0,138.0,159.0,323.0,587.0,466.0,239.0,163.0,89.0,60.0,46.0
2013-07-12,15.0,13.0,8.0,3.0,4.0,30.0,138.0,316.0,438.0,283.0,167.0,83.0,110.0,99.0,144.0,190.0,310.0,520.0,328.0,180.0,125.0,88.0,64.0,40.0
2013-07-13,25.0,13.0,15.0,15.0,44.0,53.0,70.0,57.0,102.0,161.0,178.0,181.0,207.0,221.0,224.0,236.0,179.0,162.0,169.0,89.0,99.0,76.0,70.0,52.0
2013-07-14,42.0,18.0,14.0,5.0,4.0,11.0,18.0,53.0,68.0,131.0,188.0,188.0,204.0,242.0,230.0,248.0,222.0,219.0,161.0,136.0,129.0,59.0,38.0,12.0
2013-07-15,13.0,3.0,5.0,5.0,7.0,40.0,152.0,382.0,537.0,328.0,154.0,110.0,116.0,127.0,133.0,175.0,300.0,649.0,536.0,277.0,160.0,106.0,73.0,30.0
2013-07-16,10.0,5.0,2.0,4.0,13.0,54.0,179.0,442.0,613.0,321.0,169.0,89.0,112.0,143.0,123.0,180.0,323.0,703.0,488.0,267.0,155.0,106.0,62.0,30.0
2013-07-17,12.0,2.0,11.0,2.0,9.0,31.0,162.0,362.0,523.0,319.0,127.0,93.0,106.0,121.0,105.0,179.0,288.0,592.0,474.0,284.0,153.0,104.0,65.0,47.0
2013-07-18,16.0,8.0,3.0,3.0,7.0,33.0,162.0,392.0,510.0,333.0,128.0,100.0,110.0,139.0,141.0,181.0,306.0,623.0,475.0,286.0,193.0,113.0,71.0,53.0
2013-07-19,24.0,14.0,6.0,3.0,9.0,28.0,147.0,315.0,463.0,250.0,166.0,105.0,133.0,127.0,149.0,237.0,312.0,520.0,357.0,198.0,128.0,115.0,66.0,43.0
2013-07-20,29.0,16.0,11.0,7.0,9.0,15.0,38.0,75.0,93.0,156.0,115.0,160.0,188.0,200.0,200.0,229.0,233.0,199.0,162.0,122.0,77.0,74.0,49.0,54.0
2013-07-21,27.0,24.0,9.0,9.0,9.0,13.0,12.0,40.0,68.0,91.0,117.0,122.0,186.0,194.0,274.0,239.0,240.0,228.0,184.0,109.0,84.0,75.0,35.0,36.0
2013-07-22,14.0,3.0,4.0,3.0,9.0,38.0,153.0,342.0,462.0,329.0,153.0,84.0,102.0,122.0,125.0,181.0,295.0,633.0,482.0,290.0,167.0,96.0,58.0,29.0
2013-07-23,19.0,8.0,5.0,4.0,9.0,42.0,159.0,415.0,556.0,357.0,175.0,116.0,129.0,126.0,121.0,167.0,320.0,624.0,585.0,281.0,182.0,105.0,58.0,41.0
2013-07-24,18.0,7.0,5.0,3.0,7.0,40.0,172.0,398.0,578.0,348.0,165.0,118.0,124.0,135.0,124.0,191.0,317.0,697.0,528.0,327.0,182.0,113.0,67.0,30.0
2013-07-25,19.0,30.0,3.0,5.0,5.0,34.0,147.0,407.0,532.0,331.0,161.0,103.0,116.0,137.0,133.0,158.0,298.0,616.0,547.0,286.0,190.0,114.0,65.0,36.0
2013-07-26,25.0,17.0,7.0,4.0,4.0,38.0,126.0,316.0,454.0,295.0,155.0,140.0,112.0,149.0,135.0,194.0,349.0,534.0,343.0,239.0,120.0,89.0,45.0,73.0
2013-07-27,30.0,12.0,12.0,10.0,7.0,15.0,32.0,51.0,102.0,129.0,161.0,220.0,187.0,189.0,210.0,188.0,186.0,228.0,133.0,128.0,119.0,78.0,41.0,33.0
2013-07-28,33.0,13.0,13.0,5.0,1.0,16.0,18.0,34.0,63.0,92.0,170.0,84.0,132.0,125.0,203.0,192.0,174.0,161.0,150.0,94.0,65.0,52.0,61.0,29.0
2013-07-29,14.0,10.0,10.0,1.0,9.0,34.0,142.0,344.0,489.0,328.0,114.0,105.0,90.0,115.0,125.0,156.0,299.0,636.0,490.0,276.0,138.0,91.0,43.0,29.0
2013-07-30,20.0,3.0,1.0,5.0,11.0,40.0,165.0,397.0,548.0,318.0,146.0,105.0,96.0,132.0,127.0,192.0,332.0,704.0,527.0,289.0,174.0,98.0,71.0,39.0
2013-07-31,18.0,6.0,8.0,3.0,6.0,41.0,164.0,377.0,480.0,319.0,131.0,93.0,98.0,101.0,132.0,147.0,291.0,643.0,465.0,272.0,137.0,106.0,46.0,38.0
2013-08-01,18.0,9.0,10.0,4.0,5.0,38.0,129.0,301.0,464.0,300.0,136.0,104.0,97.0,111.0,111.0,151.0,245.0,563.0,403.0,207.0,135.0,96.0,52.0,30.0
2013-08-02,11.0,10.0,13.0,2.0,10.0,24.0,109.0,250.0,352.0,258.0,127.0,76.0,57.0,67.0,64.0,91.0,187.0,379.0,249.0,101.0,54.0,43.0,22.0,23.0
2013-08-03,20.0,18.0,12.0,10.0,2.0,14.0,24.0,46.0,76.0,108.0,114.0,140.0,176.0,168.0,183.0,218.0,196.0,193.0,161.0,120.0,85.0,77.0,53.0,43.0
2013-08-04,25.0,19.0,11.0,3.0,11.0,5.0,18.0,50.0,73.0,105.0,151.0,186.0,177.0,244.0,228.0,216.0,198.0,207.0,147.0,130.0,118.0,68.0,45.0,31.0
2013-08-05,22.0,6.0,4.0,3.0,7.0,41.0,156.0,335.0,522.0,322.0,155.0,92.0,102.0,132.0,142.0,182.0,340.0,633.0,519.0,263.0,165.0,93.0,54.0,22.0
2013-08-06,16.0,8.0,5.0,3.0,9.0,39.0,175.0,390.0,602.0,329.0,142.0,104.0,109.0,148.0,128.0,164.0,343.0,738.0,525.0,293.0,148.0,104.0,51.0,29.0
2013-08-07,22.0,4.0,35.0,2.0,14.0,29.0,171.0,365.0,539.0,344.0,139.0,108.0,118.0,129.0,116.0,177.0,324.0,671.0,512.0,312.0,199.0,122.0,60.0,44.0
2013-08-08,17.0,11.0,6.0,6.0,4.0,42.0,166.0,353.0,488.0,295.0,144.0,92.0,122.0,114.0,138.0,147.0,329.0,592.0,500.0,291.0,183.0,95.0,82.0,58.0
2013-08-09,16.0,18.0,13.0,3.0,5.0,28.0,135.0,266.0,441.0,284.0,141.0,113.0,141.0,126.0,154.0,204.0,316.0,544.0,356.0,199.0,136.0,80.0,67.0,47.0
2013-08-10,36.0,27.0,8.0,3.0,4.0,10.0,35.0,41.0,75.0,93.0,132.0,112.0,127.0,140.0,156.0,194.0,169.0,151.0,120.0,86.0,65.0,37.0,43.0,33.0
2013-08-11,27.0,13.0,9.0,0.0,4.0,6.0,17.0,42.0,71.0,137.0,161.0,195.0,213.0,178.0,191.0,215.0,216.0,184.0,144.0,117.0,74.0,53.0,35.0,13.0
2013-08-12,12.0,9.0,4.0,0.0,13.0,30.0,149.0,345.0,488.0,315.0,114.0,93.0,114.0,96.0,126.0,166.0,322.0,603.0,480.0,250.0,134.0,85.0,48.0,32.0
2013-08-13,16.0,8.0,5.0,0.0,8.0,30.0,167.0,407.0,514.0,325.0,154.0,110.0,112.0,110.0,126.0,184.0,337.0,679.0,500.0,296.0,191.0,97.0,60.0,33.0
2013-08-14,13.0,7.0,2.0,0.0,4.0,38.0,147.0,368.0,545.0,350.0,147.0,124.0,116.0,116.0,135.0,180.0,282.0,634.0,471.0,250.0,133.0,52.0,37.0,20.0
2013-08-15,19.0,9.0,8.0,4.0,4.0,34.0,133.0,287.0,452.0,269.0,129.0,90.0,73.0,71.0,88.0,97.0,215.0,485.0,393.0,199.0,134.0,65.0,41.0,35.0
2013-08-16,21.0,10.0,8.0,5.0,5.0,23.0,137.0,269.0,421.0,282.0,142.0,102.0,120.0,136.0,142.0,198.0,310.0,550.0,410.0,209.0,143.0,80.0,46.0,50.0
2013-08-17,28.0,31.0,16.0,5.0,8.0,18.0,50.0,45.0,89.0,134.0,144.0,152.0,165.0,159.0,169.0,187.0,197.0,152.0,131.0,104.0,103.0,48.0,59.0,25.0
2013-08-18,21.0,16.0,6.0,4.0,6.0,13.0,24.0,45.0,65.0,99.0,184.0,147.0,217.0,182.0,242.0,204.0,211.0,191.0,158.0,115.0,58.0,40.0,32.0,21.0
2013-08-19,23.0,6.0,5.0,0.0,6.0,33.0,143.0,366.0,494.0,289.0,143.0,77.0,98.0,133.0,149.0,157.0,290.0,643.0,551.0,228.0,121.0,79.0,53.0,30.0
2013-08-20,13.0,10.0,11.0,2.0,9.0,28.0,151.0,382.0,565.0,290.0,154.0,95.0,113.0,131.0,108.0,154.0,303.0,642.0,613.0,301.0,192.0,143.0,70.0,44.0
2013-08-21,23.0,5.0,14.0,4.0,5.0,37.0,152.0,368.0,531.0,311.0,152.0,106.0,123.0,143.0,134.0,171.0,326.0,605.0,557.0,268.0,156.0,114.0,48.0,39.0
2013-08-22,24.0,10.0,7.0,3.0,10.0,33.0,134.0,354.0,471.0,309.0,155.0,128.0,110.0,133.0,126.0,149.0,316.0,611.0,482.0,257.0,154.0,94.0,50.0,50.0
2013-08-23,21.0,13.0,5.0,5.0,7.0,24.0,124.0,257.0,399.0,259.0,153.0,124.0,98.0,122.0,130.0,182.0,270.0,484.0,331.0,180.0,99.0,68.0,46.0,45.0
2013-08-24,34.0,22.0,16.0,7.0,8.0,8.0,31.0,60.0,79.0,125.0,121.0,125.0,115.0,190.0,176.0,176.0,192.0,149.0,130.0,81.0,75.0,36.0,41.0,33.0
2013-08-25,26.0,13.0,8.0,8.0,7.0,11.0,14.0,20.0,52.0,98.0,173.0,164.0,219.0,222.0,225.0,195.0,195.0,119.0,99.0,47.0,52.0,31.0,45.0,16.0
2013-08-26,19.0,7.0,5.0,3.0,8.0,34.0,145.0,293.0,408.0,267.0,122.0,82.0,72.0,96.0,120.0,152.0,256.0,482.0,336.0,144.0,80.0,56.0,33.0,20.0
2013-08-27,15.0,9.0,4.0,3.0,7.0,29.0,134.0,335.0,506.0,304.0,117.0,97.0,111.0,121.0,113.0,155.0,292.0,565.0,505.0,220.0,115.0,67.0,43.0,25.0
2013-08-28,15.0,6.0,8.0,4.0,5.0,24.0,93.0,271.0,396.0,261.0,122.0,98.0,134.0,103.0,114.0,138.0,232.0,494.0,427.0,241.0,133.0,87.0,42.0,36.0
2013-08-29,20.0,16.0,10.0,3.0,6.0,23.0,88.0,241.0,358.0,190.0,87.0,47.0,43.0,53.0,59.0,93.0,164.0,347.0,251.0,117.0,70.0,40.0,20.0,29.0
2013-08-30,6.0,7.0,2.0,3.0,4.0,22.0,106.0,265.0,362.0,242.0,134.0,116.0,121.0,132.0,129.0,202.0,342.0,436.0,321.0,185.0,102.0,70.0,43.0,24.0
2013-08-31,24.0,11.0,16.0,10.0,4.0,8.0,32.0,56.0,83.0,128.0,178.0,173.0,179.0,195.0,188.0,182.0,189.0,157.0,133.0,101.0,70.0,67.0,59.0,49.0
2013-09-01,41.0,14.0,18.0,9.0,3.0,9.0,19.0,37.0,74.0,62.0,128.0,174.0,188.0,218.0,230.0,229.0,187.0,152.0,130.0,137.0,58.0,55.0,49.0,67.0
2013-09-02,38.0,18.0,7.0,4.0,7.0,5.0,15.0,55.0,69.0,116.0,152.0,157.0,198.0,198.0,226.0,193.0,203.0,177.0,145.0,127.0,76.0,44.0,47.0,48.0
2013-09-03,19.0,7.0,6.0,1.0,8.0,25.0,86.0,212.0,390.0,220.0,85.0,74.0,80.0,68.0,58.0,92.0,183.0,451.0,385.0,223.0,121.0,56.0,56.0,25.0
2013-09-04,20.0,11.0,5.0,3.0,8.0,29.0,134.0,331.0,493.0,316.0,150.0,86.0,91.0,91.0,118.0,125.0,256.0,577.0,476.0,237.0,109.0,83.0,46.0,35.0
2013-09-05,13.0,12.0,9.0,6.0,7.0,23.0,120.0,192.0,231.0,130.0,73.0,45.0,55.0,62.0,84.0,105.0,160.0,353.0,229.0,171.0,62.0,48.0,34.0,24.0
2013-09-06,12.0,4.0,6.0,2.0,8.0,26.0,86.0,175.0,263.0,167.0,72.0,37.0,50.0,65.0,50.0,105.0,181.0,338.0,272.0,131.0,73.0,45.0,29.0,26.0
2013-09-07,23.0,20.0,6.0,5.0,7.0,13.0,25.0,38.0,62.0,111.0,99.0,117.0,100.0,139.0,162.0,161.0,165.0,173.0,161.0,86.0,69.0,53.0,50.0,35.0
2013-09-08,32.0,18.0,8.0,7.0,6.0,12.0,19.0,41.0,61.0,117.0,153.0,155.0,154.0,236.0,216.0,275.0,208.0,207.0,156.0,110.0,64.0,32.0,25.0,19.0
2013-09-09,14.0,8.0,3.0,2.0,5.0,35.0,139.0,344.0,483.0,311.0,114.0,78.0,84.0,112.0,121.0,157.0,299.0,606.0,489.0,239.0,122.0,56.0,51.0,21.0
2013-09-10,35.0,4.0,8.0,5.0,8.0,30.0,129.0,398.0,551.0,294.0,140.0,93.0,110.0,102.0,127.0,164.0,287.0,685.0,548.0,264.0,111.0,65.0,44.0,43.0
2013-09-11,20.0,3.0,8.0,5.0,8.0,42.0,136.0,397.0,562.0,358.0,128.0,110.0,117.0,138.0,147.0,160.0,304.0,645.0,511.0,286.0,138.0,85.0,75.0,28.0
2013-09-12,16.0,10.0,6.0,1.0,3.0,33.0,144.0,367.0,502.0,327.0,118.0,96.0,100.0,112.0,109.0,152.0,287.0,618.0,499.0,260.0,118.0,87.0,43.0,37.0
2013-09-13,18.0,5.0,10.0,2.0,4.0,36.0,106.0,288.0,388.0,272.0,128.0,85.0,82.0,106.0,106.0,160.0,279.0,469.0,341.0,147.0,76.0,41.0,52.0,31.0
2013-09-14,18.0,8.0,9.0,8.0,8.0,10.0,18.0,33.0,88.0,132.0,81.0,132.0,136.0,143.0,170.0,125.0,135.0,158.0,148.0,96.0,69.0,53.0,30.0,24.0
2013-09-15,20.0,11.0,11.0,5.0,5.0,9.0,18.0,42.0,59.0,70.0,72.0,77.0,74.0,96.0,100.0,101.0,75.0,51.0,34.0,27.0,20.0,11.0,21.0,15.0
2013-09-16,10.0,4.0,4.0,2.0,5.0,30.0,100.0,275.0,424.0,270.0,102.0,74.0,73.0,75.0,70.0,124.0,213.0,492.0,400.0,168.0,60.0,46.0,28.0,16.0
2013-09-17,10.0,4.0,4.0,2.0,7.0,37.0,111.0,326.0,465.0,275.0,115.0,85.0,80.0,101.0,91.0,120.0,214.0,471.0,381.0,180.0,93.0,48.0,29.0,35.0
2013-09-18,10.0,4.0,8.0,1.0,6.0,40.0,111.0,308.0,513.0,290.0,132.0,101.0,138.0,121.0,122.0,147.0,290.0,582.0,493.0,239.0,102.0,67.0,50.0,34.0
2013-09-19,13.0,3.0,16.0,0.0,5.0,43.0,109.0,345.0,528.0,301.0,116.0,112.0,116.0,116.0,136.0,195.0,281.0,621.0,480.0,247.0,152.0,86.0,55.0,42.0
2013-09-20,22.0,9.0,8.0,5.0,8.0,29.0,107.0,270.0,460.0,273.0,157.0,91.0,97.0,110.0,128.0,172.0,309.0,487.0,337.0,113.0,51.0,40.0,28.0,23.0
2013-09-21,14.0,15.0,14.0,3.0,6.0,10.0,30.0,26.0,74.0,93.0,100.0,134.0,129.0,133.0,184.0,219.0,202.0,185.0,128.0,92.0,49.0,37.0,31.0,24.0
2013-09-22,21.0,10.0,8.0,5.0,6.0,7.0,17.0,19.0,41.0,64.0,86.0,71.0,54.0,29.0,34.0,25.0,70.0,54.0,60.0,34.0,44.0,14.0,16.0,7.0
2013-09-23,10.0,1.0,3.0,0.0,4.0,25.0,87.0,207.0,286.0,164.0,64.0,37.0,53.0,72.0,79.0,78.0,151.0,394.0,272.0,113.0,60.0,47.0,31.0,19.0
2013-09-24,13.0,3.0,0.0,2.0,6.0,34.0,108.0,273.0,429.0,271.0,105.0,77.0,109.0,101.0,105.0,142.0,222.0,506.0,349.0,177.0,64.0,51.0,34.0,25.0
2013-09-25,5.0,3.0,2.0,1.0,7.0,26.0,83.0,249.0,431.0,270.0,100.0,54.0,75.0,86.0,77.0,103.0,223.0,524.0,431.0,170.0,75.0,51.0,40.0,16.0
2013-09-26,6.0,5.0,7.0,1.0,4.0,28.0,118.0,299.0,477.0,319.0,101.0,88.0,80.0,98.0,105.0,176.0,282.0,566.0,431.0,191.0,93.0,71.0,40.0,27.0
2013-09-27,11.0,10.0,8.0,5.0,6.0,21.0,96.0,184.0,286.0,169.0,87.0,62.0,51.0,62.0,76.0,92.0,186.0,315.0,208.0,86.0,42.0,30.0,34.0,22.0
2013-09-28,14.0,6.0,12.0,4.0,5.0,3.0,13.0,14.0,40.0,39.0,39.0,37.0,25.0,24.0,35.0,34.0,28.0,24.0,13.0,23.0,18.0,11.0,7.0,9.0
2013-09-29,7.0,8.0,2.0,4.0,4.0,5.0,7.0,11.0,19.0,32.0,48.0,37.0,38.0,36.0,38.0,37.0,40.0,31.0,26.0,18.0,17.0,10.0,6.0,9.0
2013-09-30,4.0,4.0,1.0,1.0,6.0,23.0,91.0,172.0,317.0,225.0,64.0,50.0,30.0,55.0,65.0,88.0,165.0,372.0,269.0,120.0,46.0,36.0,33.0,22.0
2013-10-01,9.0,3.0,6.0,0.0,5.0,24.0,87.0,264.0,387.0,205.0,80.0,74.0,79.0,67.0,86.0,119.0,187.0,411.0,331.0,132.0,66.0,50.0,29.0,29.0
2013-10-02,12.0,8.0,2.0,0.0,8.0,22.0,77.0,206.0,334.0,239.0,77.0,43.0,44.0,39.0,48.0,98.0,158.0,395.0,331.0,128.0,58.0,36.0,31.0,18.0
2013-10-03,5.0,3.0,8.0,4.0,6.0,26.0,110.0,283.0,391.0,283.0,119.0,73.0,77.0,91.0,82.0,148.0,230.0,524.0,398.0,190.0,86.0,62.0,29.0,23.0
2013-10-04,11.0,16.0,5.0,2.0,3.0,19.0,111.0,227.0,402.0,270.0,116.0,71.0,94.0,117.0,124.0,164.0,262.0,525.0,345.0,157.0,66.0,50.0,35.0,22.0
2013-10-05,32.0,6.0,9.0,6.0,6.0,13.0,28.0,36.0,88.0,110.0,108.0,155.0,183.0,229.0,221.0,230.0,175.0,196.0,118.0,74.0,42.0,28.0,31.0,29.0
2013-10-06,18.0,10.0,12.0,9.0,1.0,9.0,15.0,26.0,51.0,100.0,132.0,139.0,140.0,193.0,240.0,298.0,255.0,213.0,131.0,61.0,52.0,20.0,21.0,24.0
2013-10-07,9.0,2.0,4.0,1.0,6.0,23.0,110.0,252.0,389.0,274.0,111.0,58.0,54.0,63.0,81.0,111.0,209.0,501.0,369.0,137.0,71.0,57.0,29.0,19.0
2013-10-08,15.0,3.0,5.0,1.0,9.0,28.0,117.0,289.0,417.0,238.0,104.0,47.0,63.0,55.0,64.0,94.0,200.0,446.0,365.0,168.0,68.0,52.0,26.0,16.0
2013-10-09,10.0,5.0,3.0,1.0,5.0,29.0,116.0,288.0,477.0,339.0,126.0,89.0,114.0,90.0,104.0,138.0,279.0,573.0,427.0,155.0,78.0,80.0,42.0,19.0
2013-10-10,11.0,6.0,5.0,1.0,4.0,25.0,116.0,275.0,402.0,283.0,123.0,82.0,81.0,108.0,105.0,155.0,196.0,477.0,371.0,158.0,76.0,49.0,40.0,23.0
2013-10-11,21.0,6.0,7.0,2.0,6.0,17.0,94.0,184.0,304.0,209.0,84.0,40.0,65.0,54.0,84.0,87.0,226.0,330.0,245.0,115.0,54.0,22.0,48.0,30.0
2013-10-12,15.0,8.0,14.0,3.0,3.0,5.0,21.0,23.0,44.0,69.0,62.0,91.0,113.0,77.0,77.0,116.0,130.0,119.0,96.0,57.0,29.0,34.0,40.0,28.0
2013-10-13,17.0,8.0,7.0,3.0,5.0,5.0,8.0,19.0,70.0,60.0,85.0,123.0,110.0,111.0,171.0,192.0,163.0,124.0,93.0,49.0,29.0,23.0,25.0,15.0
2013-10-14,13.0,2.0,7.0,2.0,6.0,29.0,109.0,269.0,429.0,318.0,105.0,71.0,92.0,99.0,132.0,152.0,241.0,562.0,400.0,159.0,91.0,51.0,44.0,22.0
2013-10-15,15.0,5.0,8.0,4.0,8.0,31.0,122.0,306.0,447.0,287.0,121.0,86.0,90.0,93.0,122.0,142.0,225.0,531.0,430.0,184.0,86.0,68.0,32.0,21.0
2013-10-16,6.0,7.0,6.0,2.0,12.0,22.0,113.0,301.0,434.0,283.0,124.0,92.0,81.0,78.0,98.0,136.0,232.0,520.0,440.0,170.0,77.0,47.0,38.0,21.0
2013-10-17,18.0,2.0,4.0,2.0,4.0,20.0,121.0,272.0,415.0,280.0,123.0,70.0,91.0,80.0,69.0,136.0,253.0,529.0,360.0,145.0,118.0,63.0,48.0,28.0
2013-10-18,22.0,10.0,6.0,2.0,6.0,26.0,101.0,228.0,361.0,264.0,126.0,64.0,81.0,86.0,103.0,127.0,283.0,462.0,331.0,121.0,61.0,26.0,20.0,33.0
2013-10-19,19.0,9.0,6.0,3.0,5.0,7.0,23.0,26.0,51.0,83.0,89.0,70.0,71.0,85.0,88.0,116.0,85.0,89.0,65.0,46.0,34.0,18.0,25.0,21.0
2013-10-20,21.0,13.0,13.0,10.0,6.0,8.0,11.0,24.0,39.0,41.0,79.0,63.0,86.0,84.0,126.0,133.0,87.0,102.0,39.0,33.0,28.0,21.0,25.0,20.0
2013-10-21,15.0,5.0,6.0,1.0,6.0,22.0,110.0,275.0,403.0,265.0,110.0,70.0,76.0,65.0,75.0,135.0,207.0,474.0,374.0,137.0,76.0,49.0,26.0,24.0
2013-10-22,7.0,10.0,4.0,4.0,3.0,22.0,104.0,300.0,436.0,270.0,81.0,73.0,75.0,67.0,90.0,136.0,213.0,530.0,376.0,147.0,96.0,57.0,34.0,27.0
2013-10-23,9.0,4.0,2.0,1.0,3.0,23.0,98.0,248.0,422.0,289.0,103.0,58.0,60.0,61.0,79.0,123.0,239.0,512.0,391.0,142.0,71.0,64.0,52.0,30.0
2013-10-24,11.0,3.0,2.0,4.0,4.0,22.0,102.0,257.0,407.0,262.0,80.0,69.0,81.0,81.0,65.0,120.0,217.0,479.0,359.0,134.0,88.0,63.0,79.0,26.0
2013-10-25,16.0,8.0,5.0,1.0,2.0,20.0,81.0,228.0,309.0,223.0,87.0,60.0,68.0,64.0,56.0,123.0,178.0,391.0,249.0,123.0,57.0,36.0,24.0,26.0
2013-10-26,15.0,12.0,13.0,2.0,8.0,5.0,18.0,17.0,58.0,58.0,96.0,93.0,103.0,139.0,111.0,109.0,81.0,97.0,164.0,42.0,40.0,37.0,19.0,30.0
2013-10-27,19.0,16.0,6.0,7.0,5.0,7.0,9.0,11.0,14.0,45.0,39.0,25.0,34.0,61.0,53.0,92.0,83.0,101.0,40.0,33.0,26.0,24.0,13.0,15.0
2013-10-28,4.0,3.0,1.0,2.0,4.0,25.0,109.0,285.0,423.0,302.0,122.0,63.0,81.0,86.0,96.0,160.0,268.0,587.0,378.0,137.0,72.0,67.0,23.0,30.0
2013-10-29,12.0,9.0,5.0,1.0,5.0,26.0,110.0,284.0,444.0,268.0,133.0,85.0,93.0,116.0,123.0,134.0,262.0,517.0,344.0,152.0,95.0,64.0,28.0,42.0
2013-10-30,4.0,9.0,4.0,2.0,5.0,28.0,103.0,252.0,407.0,261.0,107.0,73.0,72.0,79.0,56.0,122.0,205.0,454.0,354.0,157.0,83.0,54.0,44.0,19.0
2013-10-31,13.0,9.0,3.0,2.0,8.0,21.0,96.0,218.0,325.0,242.0,97.0,71.0,64.0,70.0,80.0,115.0,222.0,398.0,246.0,118.0,57.0,36.0,37.0,25.0
2013-11-01,26.0,28.0,9.0,4.0,11.0,21.0,99.0,211.0,342.0,247.0,110.0,62.0,90.0,112.0,111.0,110.0,235.0,453.0,271.0,113.0,50.0,31.0,45.0,21.0
2013-11-02,17.0,9.0,8.0,3.0,8.0,9.0,11.0,14.0,28.0,35.0,33.0,29.0,53.0,42.0,38.0,41.0,63.0,55.0,48.0,29.0,25.0,18.0,34.0,20.0
2013-11-03,15.0,3.0,1.0,2.0,1.0,5.0,10.0,28.0,50.0,86.0,97.0,125.0,132.0,137.0,168.0,113.0,113.0,95.0,42.0,26.0,22.0,20.0,17.0,13.0
2013-11-04,10.0,4.0,2.0,3.0,6.0,23.0,115.0,317.0,424.0,233.0,96.0,84.0,84.0,77.0,97.0,123.0,237.0,499.0,313.0,136.0,62.0,65.0,29.0,19.0
2013-11-05,8.0,3.0,4.0,1.0,4.0,22.0,97.0,283.0,376.0,229.0,111.0,67.0,69.0,59.0,89.0,115.0,208.0,419.0,317.0,151.0,71.0,44.0,23.0,19.0
2013-11-06,14.0,2.0,4.0,2.0,8.0,24.0,97.0,266.0,409.0,267.0,110.0,53.0,91.0,87.0,88.0,105.0,193.0,464.0,335.0,115.0,66.0,53.0,40.0,25.0
2013-11-07,5.0,6.0,0.0,3.0,5.0,18.0,55.0,160.0,251.0,154.0,46.0,47.0,52.0,35.0,47.0,57.0,119.0,244.0,185.0,98.0,51.0,23.0,29.0,19.0
2013-11-08,10.0,3.0,4.0,1.0,8.0,13.0,90.0,204.0,340.0,249.0,112.0,69.0,80.0,101.0,111.0,117.0,238.0,414.0,223.0,105.0,55.0,29.0,31.0,25.0
2013-11-09,12.0,9.0,14.0,3.0,0.0,7.0,15.0,19.0,54.0,82.0,105.0,117.0,106.0,137.0,104.0,105.0,99.0,56.0,34.0,24.0,28.0,34.0,15.0,14.0
2013-11-10,19.0,9.0,7.0,4.0,1.0,4.0,11.0,19.0,32.0,64.0,73.0,64.0,85.0,87.0,98.0,108.0,89.0,75.0,33.0,25.0,28.0,23.0,16.0,16.0
2013-11-11,6.0,4.0,3.0,1.0,6.0,17.0,82.0,203.0,300.0,227.0,99.0,86.0,94.0,103.0,126.0,133.0,223.0,376.0,285.0,117.0,63.0,55.0,32.0,20.0
2013-11-12,13.0,6.0,2.0,2.0,6.0,19.0,91.0,187.0,305.0,251.0,85.0,56.0,60.0,55.0,66.0,106.0,176.0,353.0,267.0,126.0,77.0,48.0,41.0,18.0
2013-11-13,7.0,7.0,5.0,2.0,10.0,32.0,101.0,263.0,416.0,281.0,132.0,72.0,80.0,77.0,79.0,122.0,229.0,445.0,342.0,144.0,88.0,66.0,46.0,21.0
2013-11-14,9.0,6.0,6.0,1.0,5.0,21.0,100.0,247.0,368.0,235.0,102.0,64.0,62.0,67.0,53.0,94.0,189.0,371.0,278.0,131.0,74.0,45.0,41.0,22.0
2013-11-15,7.0,7.0,5.0,1.0,5.0,17.0,81.0,195.0,283.0,219.0,92.0,56.0,39.0,45.0,42.0,98.0,166.0,309.0,189.0,92.0,52.0,26.0,22.0,15.0
2013-11-16,13.0,6.0,7.0,0.0,3.0,5.0,14.0,16.0,42.0,72.0,74.0,114.0,142.0,106.0,91.0,90.0,93.0,73.0,41.0,36.0,28.0,24.0,16.0,15.0
2013-11-17,14.0,6.0,2.0,6.0,5.0,4.0,8.0,16.0,36.0,65.0,68.0,92.0,88.0,82.0,88.0,88.0,56.0,68.0,49.0,51.0,26.0,22.0,14.0,12.0
2013-11-18,8.0,3.0,1.0,2.0,2.0,25.0,80.0,228.0,339.0,228.0,69.0,48.0,27.0,39.0,41.0,64.0,137.0,321.0,241.0,103.0,49.0,27.0,19.0,11.0
2013-11-19,9.0,5.0,5.0,1.0,4.0,20.0,78.0,220.0,319.0,194.0,92.0,46.0,50.0,45.0,66.0,96.0,148.0,357.0,275.0,104.0,85.0,44.0,28.0,18.0
2013-11-20,6.0,4.0,4.0,4.0,4.0,24.0,78.0,231.0,374.0,292.0,81.0,87.0,72.0,91.0,93.0,129.0,220.0,406.0,323.0,130.0,58.0,56.0,32.0,35.0
2013-11-21,13.0,3.0,3.0,4.0,12.0,23.0,66.0,211.0,342.0,226.0,103.0,76.0,78.0,79.0,87.0,120.0,180.0,303.0,283.0,132.0,69.0,35.0,29.0,28.0
2013-11-22,16.0,6.0,5.0,3.0,4.0,15.0,63.0,193.0,288.0,220.0,90.0,57.0,86.0,76.0,87.0,145.0,201.0,311.0,219.0,120.0,39.0,30.0,28.0,28.0
2013-11-23,21.0,3.0,11.0,4.0,3.0,9.0,16.0,21.0,41.0,56.0,91.0,151.0,101.0,134.0,135.0,106.0,85.0,60.0,39.0,33.0,31.0,24.0,16.0,19.0
2013-11-24,10.0,6.0,5.0,4.0,4.0,4.0,3.0,15.0,35.0,50.0,80.0,92.0,104.0,128.0,135.0,149.0,117.0,68.0,40.0,21.0,36.0,9.0,17.0,9.0
2013-11-25,8.0,5.0,4.0,2.0,8.0,36.0,85.0,236.0,342.0,219.0,95.0,61.0,68.0,78.0,79.0,117.0,193.0,398.0,314.0,109.0,67.0,34.0,33.0,18.0
2013-11-26,10.0,5.0,2.0,0.0,6.0,23.0,87.0,225.0,346.0,210.0,87.0,65.0,83.0,77.0,98.0,126.0,198.0,344.0,270.0,126.0,68.0,30.0,39.0,16.0
2013-11-27,6.0,6.0,4.0,4.0,6.0,16.0,79.0,183.0,274.0,188.0,101.0,69.0,75.0,89.0,146.0,192.0,238.0,225.0,158.0,87.0,42.0,28.0,23.0,12.0
2013-11-28,12.0,6.0,4.0,2.0,4.0,3.0,5.0,22.0,20.0,45.0,57.0,59.0,68.0,74.0,58.0,45.0,26.0,15.0,11.0,10.0,11.0,8.0,8.0,9.0
2013-11-29,11.0,9.0,5.0,2.0,5.0,7.0,28.0,36.0,31.0,54.0,67.0,76.0,86.0,73.0,81.0,72.0,103.0,81.0,64.0,45.0,20.0,18.0,12.0,18.0
2013-11-30,6.0,3.0,2.0,3.0,3.0,5.0,13.0,12.0,53.0,60.0,57.0,79.0,69.0,108.0,81.0,72.0,61.0,51.0,29.0,25.0,27.0,17.0,11.0,18.0
2013-12-01,12.0,7.0,5.0,1.0,3.0,2.0,8.0,20.0,28.0,33.0,53.0,57.0,69.0,61.0,68.0,60.0,56.0,40.0,19.0,20.0,16.0,10.0,20.0,13.0
2013-12-02,9.0,2.0,2.0,4.0,4.0,28.0,73.0,218.0,308.0,209.0,65.0,70.0,73.0,62.0,82.0,104.0,181.0,338.0,246.0,87.0,49.0,38.0,21.0,10.0
2013-12-03,11.0,3.0,3.0,3.0,5.0,19.0,70.0,190.0,309.0,219.0,84.0,63.0,54.0,57.0,71.0,83.0,155.0,296.0,249.0,114.0,47.0,48.0,38.0,20.0
2013-12-04,14.0,1.0,4.0,1.0,5.0,22.0,60.0,156.0,290.0,206.0,85.0,61.0,56.0,53.0,59.0,85.0,138.0,301.0,261.0,82.0,47.0,42.0,23.0,26.0
2013-12-05,10.0,2.0,2.0,3.0,4.0,18.0,59.0,171.0,267.0,188.0,84.0,38.0,46.0,55.0,49.0,86.0,130.0,268.0,222.0,103.0,55.0,33.0,24.0,21.0
2013-12-06,9.0,14.0,4.0,4.0,5.0,11.0,48.0,124.0,220.0,158.0,90.0,69.0,47.0,46.0,79.0,74.0,134.0,225.0,162.0,57.0,44.0,20.0,29.0,21.0
2013-12-07,8.0,11.0,5.0,4.0,1.0,4.0,10.0,20.0,18.0,42.0,32.0,38.0,67.0,63.0,59.0,55.0,43.0,25.0,18.0,14.0,18.0,15.0,13.0,8.0
2013-12-08,6.0,4.0,1.0,2.0,1.0,5.0,3.0,9.0,13.0,16.0,35.0,29.0,37.0,56.0,52.0,48.0,32.0,31.0,22.0,22.0,14.0,14.0,12.0,9.0
2013-12-09,7.0,4.0,1.0,1.0,5.0,11.0,67.0,154.0,256.0,187.0,62.0,46.0,54.0,32.0,56.0,56.0,122.0,271.0,203.0,98.0,47.0,24.0,19.0,10.0
2013-12-10,9.0,2.0,6.0,3.0,2.0,16.0,51.0,163.0,272.0,176.0,77.0,49.0,54.0,53.0,57.0,72.0,126.0,234.0,234.0,93.0,51.0,32.0,17.0,21.0
2013-12-11,8.0,10.0,7.0,2.0,7.0,17.0,75.0,176.0,310.0,219.0,71.0,47.0,47.0,49.0,69.0,84.0,157.0,280.0,261.0,112.0,48.0,39.0,24.0,17.0
2013-12-12,10.0,4.0,3.0,2.0,3.0,24.0,74.0,164.0,273.0,205.0,92.0,51.0,52.0,59.0,25.0,63.0,110.0,254.0,201.0,136.0,50.0,35.0,26.0,18.0
2013-12-13,17.0,6.0,4.0,3.0,6.0,21.0,56.0,150.0,229.0,164.0,54.0,46.0,54.0,48.0,54.0,82.0,150.0,235.0,179.0,88.0,51.0,32.0,16.0,24.0
2013-12-14,19.0,11.0,6.0,1.0,4.0,2.0,10.0,17.0,36.0,63.0,96.0,59.0,66.0,76.0,86.0,89.0,58.0,47.0,34.0,20.0,27.0,23.0,17.0,17.0
2013-12-15,19.0,8.0,11.0,4.0,2.0,5.0,8.0,7.0,28.0,57.0,53.0,53.0,60.0,80.0,77.0,89.0,51.0,37.0,26.0,24.0,16.0,11.0,13.0,16.0
2013-12-16,6.0,3.0,3.0,7.0,7.0,28.0,92.0,210.0,344.0,217.0,86.0,58.0,66.0,67.0,96.0,132.0,178.0,350.0,267.0,134.0,61.0,50.0,23.0,15.0
2013-12-17,12.0,5.0,5.0,2.0,7.0,23.0,71.0,207.0,342.0,217.0,67.0,39.0,42.0,47.0,63.0,75.0,157.0,314.0,282.0,134.0,37.0,41.0,22.0,21.0
2013-12-18,5.0,2.0,6.0,1.0,5.0,24.0,81.0,178.0,314.0,193.0,87.0,43.0,49.0,60.0,62.0,85.0,150.0,306.0,268.0,107.0,70.0,32.0,27.0,16.0
2013-12-19,5.0,6.0,3.0,2.0,1.0,22.0,73.0,169.0,284.0,193.0,90.0,48.0,46.0,64.0,61.0,94.0,131.0,293.0,253.0,108.0,49.0,44.0,16.0,20.0
2013-12-20,12.0,8.0,4.0,1.0,2.0,13.0,18.0,36.0,67.0,64.0,43.0,27.0,24.0,27.0,25.0,43.0,73.0,84.0,62.0,35.0,33.0,15.0,15.0,8.0
2013-12-21,5.0,2.0,6.0,3.0,4.0,3.0,11.0,19.0,25.0,44.0,37.0,32.0,30.0,48.0,44.0,48.0,38.0,28.0,19.0,25.0,18.0,11.0,9.0,11.0
2013-12-22,5.0,10.0,6.0,2.0,3.0,6.0,6.0,9.0,23.0,25.0,29.0,36.0,38.0,32.0,33.0,28.0,16.0,22.0,14.0,10.0,10.0,17.0,8.0,12.0
2013-12-23,12.0,3.0,1.0,1.0,4.0,17.0,53.0,98.0,150.0,98.0,64.0,52.0,48.0,53.0,64.0,94.0,148.0,197.0,95.0,63.0,44.0,24.0,23.0,11.0
2013-12-24,8.0,5.0,2.0,1.0,6.0,12.0,35.0,82.0,95.0,80.0,60.0,52.0,89.0,87.0,121.0,128.0,91.0,52.0,25.0,19.0,12.0,4.0,14.0,2.0
2013-12-25,7.0,4.0,0.0,0.0,1.0,3.0,3.0,2.0,6.0,11.0,13.0,31.0,19.0,48.0,76.0,52.0,33.0,13.0,8.0,17.0,8.0,7.0,4.0,5.0
2013-12-26,2.0,0.0,0.0,1.0,2.0,14.0,31.0,77.0,118.0,83.0,63.0,46.0,62.0,61.0,78.0,87.0,111.0,147.0,87.0,51.0,27.0,15.0,20.0,7.0
2013-12-27,5.0,7.0,3.0,2.0,3.0,10.0,44.0,75.0,109.0,88.0,81.0,34.0,41.0,49.0,47.0,63.0,101.0,127.0,73.0,38.0,28.0,14.0,13.0,11.0
2013-12-28,6.0,4.0,3.0,4.0,1.0,3.0,15.0,11.0,24.0,43.0,49.0,75.0,73.0,86.0,90.0,92.0,119.0,46.0,31.0,28.0,28.0,16.0,11.0,17.0
2013-12-29,9.0,4.0,7.0,7.0,3.0,3.0,8.0,10.0,21.0,36.0,48.0,68.0,67.0,66.0,73.0,57.0,44.0,51.0,35.0,16.0,16.0,6.0,14.0,15.0
2013-12-30,4.0,8.0,2.0,2.0,4.0,19.0,72.0,137.0,208.0,142.0,62.0,54.0,55.0,74.0,48.0,99.0,150.0,258.0,146.0,64.0,43.0,24.0,23.0,24.0
2013-12-31,12.0,6.0,1.0,1.0,4.0,15.0,60.0,107.0,160.0,127.0,57.0,47.0,49.0,54.0,72.0,124.0,166.0,172.0,64.0,38.0,36.0,11.0,14.0,22.0
2014-01-01,23.0,27.0,19.0,13.0,6.0,6.0,2.0,9.0,22.0,27.0,47.0,74.0,90.0,103.0,140.0,77.0,105.0,37.0,20.0,20.0,14.0,9.0,15.0,9.0
2014-01-02,3.0,3.0,0.0,4.0,2.0,20.0,74.0,165.0,248.0,182.0,75.0,60.0,74.0,51.0,53.0,67.0,145.0,281.0,205.0,76.0,44.0,12.0,8.0,13.0
2014-01-03,10.0,5.0,1.0,1.0,6.0,15.0,64.0,169.0,231.0,192.0,85.0,65.0,72.0,86.0,95.0,109.0,193.0,282.0,175.0,77.0,30.0,32.0,20.0,12.0
2014-01-04,9.0,8.0,2.0,0.0,5.0,2.0,11.0,8.0,41.0,60.0,63.0,91.0,125.0,151.0,163.0,133.0,92.0,67.0,32.0,36.0,26.0,20.0,11.0,16.0
2014-01-05,12.0,4.0,5.0,3.0,7.0,6.0,5.0,10.0,42.0,43.0,69.0,77.0,139.0,129.0,170.0,153.0,104.0,54.0,40.0,26.0,12.0,14.0,14.0,13.0
2014-01-06,7.0,3.0,3.0,3.0,2.0,26.0,81.0,201.0,306.0,232.0,92.0,57.0,58.0,53.0,81.0,82.0,172.0,358.0,258.0,105.0,54.0,32.0,22.0,16.0
2014-01-07,6.0,3.0,4.0,1.0,5.0,21.0,87.0,195.0,321.0,202.0,79.0,35.0,32.0,41.0,54.0,71.0,134.0,323.0,263.0,99.0,44.0,29.0,21.0,12.0
2014-01-08,7.0,3.0,1.0,3.0,5.0,20.0,63.0,192.0,329.0,223.0,75.0,43.0,30.0,36.0,31.0,55.0,111.0,255.0,247.0,91.0,62.0,27.0,21.0,18.0
2014-01-09,6.0,4.0,2.0,3.0,3.0,16.0,68.0,183.0,306.0,194.0,89.0,64.0,31.0,27.0,57.0,73.0,140.0,293.0,253.0,126.0,103.0,36.0,27.0,16.0
2014-01-10,8.0,10.0,2.0,3.0,5.0,14.0,68.0,147.0,253.0,177.0,86.0,43.0,45.0,52.0,66.0,88.0,130.0,242.0,192.0,64.0,36.0,17.0,14.0,18.0
2014-01-11,10.0,4.0,3.0,3.0,0.0,4.0,10.0,14.0,33.0,50.0,57.0,27.0,21.0,29.0,18.0,13.0,21.0,18.0,32.0,17.0,12.0,10.0,11.0,6.0
2014-01-12,11.0,5.0,2.0,4.0,3.0,6.0,10.0,2.0,21.0,33.0,41.0,42.0,64.0,56.0,68.0,65.0,62.0,37.0,36.0,35.0,16.0,16.0,9.0,11.0
2014-01-13,8.0,4.0,2.0,4.0,4.0,16.0,84.0,202.0,359.0,234.0,95.0,63.0,53.0,68.0,67.0,91.0,165.0,378.0,317.0,125.0,82.0,57.0,27.0,25.0
2014-01-14,14.0,1.0,1.0,1.0,11.0,24.0,99.0,254.0,385.0,290.0,105.0,55.0,67.0,75.0,76.0,107.0,199.0,405.0,319.0,142.0,65.0,60.0,36.0,17.0
2014-01-15,7.0,4.0,2.0,2.0,8.0,18.0,96.0,226.0,371.0,244.0,96.0,66.0,88.0,76.0,93.0,95.0,192.0,365.0,361.0,153.0,86.0,60.0,49.0,14.0
2014-01-16,13.0,7.0,5.0,2.0,2.0,24.0,102.0,226.0,382.0,234.0,116.0,59.0,72.0,60.0,82.0,97.0,170.0,357.0,305.0,147.0,72.0,56.0,35.0,16.0
2014-01-17,10.0,6.0,5.0,3.0,3.0,20.0,76.0,194.0,333.0,211.0,103.0,59.0,66.0,70.0,73.0,102.0,199.0,337.0,208.0,106.0,41.0,37.0,26.0,22.0
2014-01-18,15.0,11.0,5.0,6.0,5.0,6.0,17.0,18.0,58.0,61.0,77.0,75.0,93.0,116.0,104.0,124.0,117.0,62.0,55.0,31.0,20.0,26.0,14.0,19.0
2014-01-19,14.0,8.0,3.0,2.0,0.0,6.0,9.0,9.0,34.0,53.0,69.0,64.0,97.0,93.0,69.0,71.0,35.0,34.0,22.0,35.0,37.0,28.0,13.0,17.0
2014-01-20,8.0,5.0,2.0,1.0,2.0,13.0,43.0,134.0,157.0,139.0,77.0,71.0,86.0,110.0,138.0,140.0,167.0,210.0,159.0,98.0,44.0,32.0,24.0,14.0
2014-01-21,8.0,4.0,2.0,2.0,5.0,18.0,101.0,218.0,376.0,222.0,114.0,64.0,76.0,50.0,63.0,110.0,192.0,408.0,335.0,162.0,55.0,46.0,33.0,16.0
2014-01-22,13.0,6.0,3.0,3.0,6.0,20.0,88.0,233.0,375.0,253.0,105.0,56.0,63.0,73.0,74.0,102.0,188.0,398.0,328.0,143.0,68.0,49.0,32.0,13.0
2014-01-23,5.0,4.0,6.0,3.0,3.0,26.0,90.0,223.0,366.0,233.0,103.0,69.0,73.0,69.0,81.0,127.0,191.0,371.0,287.0,131.0,87.0,36.0,44.0,21.0
2014-01-24,19.0,8.0,4.0,2.0,8.0,20.0,75.0,192.0,314.0,221.0,126.0,79.0,82.0,91.0,110.0,146.0,201.0,336.0,224.0,90.0,59.0,43.0,37.0,34.0
2014-01-25,18.0,10.0,6.0,2.0,3.0,4.0,12.0,21.0,42.0,71.0,62.0,94.0,135.0,137.0,165.0,231.0,164.0,80.0,68.0,30.0,31.0,14.0,24.0,17.0
2014-01-26,19.0,8.0,6.0,8.0,3.0,5.0,14.0,8.0,35.0,44.0,73.0,88.0,123.0,161.0,296.0,172.0,131.0,110.0,44.0,24.0,20.0,19.0,9.0,9.0
2014-01-27,8.0,4.0,3.0,1.0,1.0,18.0,94.0,218.0,357.0,224.0,83.0,59.0,53.0,63.0,74.0,96.0,180.0,400.0,294.0,122.0,61.0,39.0,27.0,20.0
2014-01-28,8.0,3.0,4.0,0.0,4.0,19.0,93.0,226.0,354.0,237.0,80.0,48.0,61.0,48.0,55.0,103.0,162.0,391.0,277.0,147.0,63.0,40.0,31.0,12.0
2014-01-29,6.0,3.0,1.0,0.0,3.0,19.0,61.0,177.0,277.0,202.0,71.0,36.0,38.0,33.0,41.0,60.0,126.0,271.0,231.0,121.0,48.0,31.0,26.0,17.0
2014-01-30,6.0,3.0,4.0,1.0,7.0,19.0,81.0,182.0,310.0,217.0,95.0,66.0,52.0,46.0,55.0,93.0,161.0,307.0,252.0,124.0,60.0,48.0,30.0,10.0
2014-01-31,8.0,10.0,2.0,5.0,3.0,17.0,60.0,159.0,252.0,166.0,93.0,61.0,69.0,62.0,85.0,91.0,157.0,286.0,216.0,93.0,54.0,36.0,30.0,20.0
2014-02-01,21.0,14.0,4.0,2.0,1.0,6.0,11.0,26.0,60.0,71.0,91.0,81.0,111.0,86.0,122.0,111.0,110.0,52.0,47.0,35.0,21.0,18.0,16.0,17.0
2014-02-02,19.0,8.0,5.0,5.0,6.0,3.0,9.0,11.0,37.0,36.0,93.0,108.0,121.0,156.0,135.0,77.0,47.0,41.0,23.0,41.0,44.0,29.0,24.0,17.0
2014-02-03,5.0,1.0,1.0,2.0,6.0,20.0,66.0,196.0,309.0,216.0,91.0,57.0,50.0,52.0,72.0,89.0,186.0,370.0,260.0,113.0,53.0,38.0,24.0,13.0
2014-02-04,4.0,2.0,1.0,2.0,4.0,22.0,78.0,200.0,312.0,176.0,74.0,42.0,52.0,46.0,61.0,61.0,143.0,294.0,266.0,130.0,38.0,45.0,23.0,15.0
2014-02-05,9.0,2.0,1.0,2.0,3.0,13.0,55.0,183.0,317.0,248.0,245.0,114.0,100.0,157.0,99.0,120.0,161.0,307.0,226.0,109.0,56.0,26.0,16.0,19.0
2014-02-06,5.0,3.0,0.0,2.0,2.0,15.0,52.0,117.0,229.0,164.0,69.0,54.0,44.0,40.0,41.0,58.0,102.0,199.0,172.0,84.0,45.0,28.0,16.0,21.0
2014-02-07,7.0,6.0,1.0,1.0,4.0,12.0,46.0,110.0,194.0,150.0,71.0,45.0,54.0,35.0,67.0,79.0,124.0,220.0,154.0,74.0,45.0,28.0,21.0,24.0
2014-02-08,34.0,7.0,2.0,4.0,0.0,6.0,11.0,11.0,26.0,44.0,67.0,61.0,76.0,75.0,90.0,69.0,73.0,49.0,34.0,13.0,19.0,10.0,8.0,6.0
2014-02-09,5.0,0.0,4.0,1.0,0.0,0.0,3.0,4.0,9.0,12.0,21.0,16.0,18.0,16.0,17.0,17.0,19.0,11.0,12.0,8.0,5.0,9.0,7.0,7.0
2014-02-10,5.0,0.0,1.0,1.0,3.0,11.0,53.0,101.0,180.0,151.0,53.0,47.0,49.0,42.0,35.0,50.0,100.0,212.0,165.0,72.0,44.0,23.0,14.0,16.0
2014-02-11,7.0,1.0,1.0,3.0,2.0,20.0,85.0,196.0,304.0,207.0,89.0,52.0,56.0,63.0,68.0,77.0,119.0,271.0,212.0,89.0,53.0,24.0,16.0,9.0
2014-02-12,8.0,3.0,1.0,1.0,7.0,10.0,66.0,137.0,267.0,187.0,85.0,59.0,69.0,71.0,57.0,122.0,156.0,295.0,275.0,119.0,59.0,44.0,22.0,19.0
2014-02-13,7.0,5.0,2.0,1.0,2.0,23.0,91.0,191.0,321.0,207.0,90.0,75.0,63.0,68.0,61.0,99.0,174.0,340.0,288.0,112.0,68.0,44.0,33.0,24.0
2014-02-14,11.0,6.0,3.0,3.0,5.0,8.0,62.0,155.0,244.0,155.0,55.0,37.0,43.0,48.0,57.0,102.0,138.0,266.0,199.0,79.0,43.0,27.0,24.0,16.0
2014-02-15,19.0,5.0,7.0,2.0,6.0,2.0,16.0,13.0,47.0,67.0,62.0,74.0,84.0,68.0,32.0,23.0,36.0,16.0,19.0,17.0,15.0,8.0,9.0,11.0
2014-02-16,15.0,2.0,2.0,2.0,3.0,1.0,9.0,3.0,24.0,58.0,62.0,58.0,46.0,40.0,41.0,35.0,24.0,12.0,12.0,11.0,12.0,6.0,2.0,5.0
2014-02-17,4.0,0.0,2.0,2.0,2.0,4.0,25.0,52.0,93.0,87.0,40.0,41.0,38.0,45.0,68.0,59.0,104.0,119.0,113.0,54.0,23.0,28.0,15.0,10.0
2014-02-18,4.0,0.0,4.0,1.0,4.0,10.0,67.0,140.0,229.0,154.0,46.0,20.0,25.0,19.0,27.0,52.0,91.0,246.0,215.0,74.0,36.0,25.0,25.0,11.0
2014-02-19,5.0,1.0,2.0,2.0,2.0,18.0,69.0,170.0,273.0,205.0,90.0,52.0,68.0,81.0,59.0,105.0,157.0,309.0,222.0,129.0,70.0,36.0,32.0,10.0
2014-02-20,2.0,4.0,2.0,1.0,5.0,14.0,69.0,184.0,298.0,187.0,85.0,47.0,55.0,79.0,76.0,103.0,177.0,305.0,233.0,132.0,55.0,51.0,28.0,22.0
2014-02-21,10.0,5.0,2.0,3.0,5.0,14.0,64.0,175.0,275.0,179.0,84.0,53.0,51.0,61.0,49.0,81.0,133.0,262.0,187.0,103.0,33.0,15.0,24.0,21.0
2014-02-22,10.0,13.0,6.0,5.0,1.0,3.0,15.0,17.0,39.0,41.0,32.0,42.0,34.0,41.0,47.0,57.0,59.0,37.0,36.0,18.0,14.0,19.0,22.0,16.0
2014-02-23,9.0,5.0,8.0,2.0,2.0,4.0,19.0,44.0,55.0,48.0,67.0,42.0,73.0,65.0,69.0,43.0,31.0,28.0,10.0,13.0,17.0,12.0,12.0,13.0
2014-02-24,4.0,0.0,1.0,1.0,3.0,17.0,72.0,160.0,240.0,146.0,44.0,28.0,19.0,25.0,32.0,53.0,95.0,242.0,191.0,90.0,43.0,19.0,22.0,10.0
2014-02-25,6.0,0.0,2.0,1.0,2.0,24.0,73.0,229.0,367.0,216.0,87.0,51.0,66.0,62.0,72.0,128.0,176.0,396.0,313.0,135.0,68.0,43.0,30.0,16.0
2014-02-26,5.0,1.0,6.0,3.0,4.0,17.0,79.0,250.0,375.0,263.0,90.0,77.0,110.0,100.0,98.0,140.0,223.0,451.0,319.0,153.0,83.0,49.0,40.0,24.0
2014-02-27,11.0,5.0,1.0,3.0,3.0,26.0,91.0,231.0,347.0,216.0,113.0,76.0,90.0,91.0,85.0,127.0,200.0,355.0,300.0,144.0,75.0,56.0,31.0,44.0
2014-02-28,21.0,5.0,7.0,1.0,7.0,16.0,78.0,187.0,354.0,245.0,113.0,101.0,109.0,101.0,119.0,149.0,237.0,395.0,314.0,108.0,65.0,35.0,34.0,28.0
2014-03-01,21.0,6.0,2.0,1.0,1.0,3.0,13.0,16.0,58.0,86.0,111.0,114.0,99.0,57.0,83.0,56.0,72.0,41.0,43.0,32.0,23.0,17.0,19.0,15.0
2014-03-02,8.0,2.0,5.0,3.0,1.0,3.0,12.0,8.0,19.0,54.0,57.0,41.0,34.0,28.0,23.0,34.0,33.0,22.0,13.0,9.0,10.0,3.0,5.0,4.0
2014-03-03,2.0,0.0,0.0,2.0,2.0,15.0,61.0,152.0,205.0,130.0,55.0,21.0,29.0,50.0,57.0,73.0,137.0,263.0,238.0,105.0,46.0,26.0,35.0,16.0
2014-03-04,4.0,2.0,3.0,2.0,2.0,21.0,81.0,191.0,339.0,186.0,60.0,44.0,54.0,39.0,54.0,80.0,139.0,326.0,235.0,91.0,43.0,26.0,14.0,17.0
2014-03-05,9.0,3.0,5.0,3.0,4.0,8.0,53.0,141.0,259.0,188.0,63.0,66.0,62.0,71.0,80.0,64.0,117.0,257.0,211.0,87.0,46.0,27.0,29.0,21.0
2014-03-06,5.0,2.0,2.0,1.0,5.0,14.0,56.0,142.0,245.0,153.0,87.0,46.0,41.0,39.0,43.0,81.0,126.0,254.0,200.0,117.0,53.0,34.0,28.0,27.0
2014-03-07,13.0,7.0,1.0,4.0,4.0,19.0,89.0,173.0,332.0,210.0,89.0,63.0,74.0,101.0,105.0,147.0,220.0,370.0,258.0,112.0,60.0,42.0,36.0,31.0
2014-03-08,22.0,17.0,6.0,2.0,3.0,4.0,20.0,31.0,78.0,91.0,99.0,79.0,51.0,35.0,35.0,29.0,26.0,22.0,21.0,12.0,19.0,8.0,6.0,10.0
2014-03-09,6.0,0.0,,0.0,4.0,3.0,4.0,7.0,15.0,31.0,37.0,51.0,68.0,101.0,145.0,186.0,171.0,136.0,78.0,36.0,31.0,15.0,12.0,5.0
2014-03-10,7.0,2.0,0.0,2.0,1.0,13.0,68.0,193.0,279.0,220.0,103.0,45.0,50.0,37.0,52.0,73.0,143.0,325.0,285.0,116.0,55.0,38.0,21.0,17.0
2014-03-11,5.0,3.0,1.0,0.0,3.0,20.0,99.0,266.0,417.0,309.0,109.0,59.0,107.0,92.0,100.0,159.0,254.0,507.0,474.0,213.0,107.0,56.0,38.0,18.0
2014-03-12,8.0,3.0,4.0,1.0,3.0,23.0,95.0,254.0,425.0,338.0,131.0,88.0,96.0,116.0,127.0,157.0,251.0,562.0,476.0,244.0,128.0,63.0,56.0,16.0
2014-03-13,10.0,2.0,6.0,1.0,9.0,25.0,94.0,253.0,423.0,287.0,105.0,85.0,104.0,101.0,98.0,157.0,255.0,431.0,479.0,184.0,85.0,65.0,33.0,21.0
2014-03-14,5.0,10.0,3.0,4.0,4.0,21.0,74.0,129.0,270.0,189.0,83.0,55.0,59.0,80.0,89.0,117.0,167.0,331.0,232.0,150.0,60.0,31.0,25.0,28.0
2014-03-15,11.0,11.0,9.0,4.0,2.0,5.0,16.0,29.0,49.0,80.0,96.0,91.0,86.0,90.0,129.0,97.0,126.0,93.0,57.0,28.0,27.0,12.0,13.0,16.0
2014-03-16,14.0,8.0,5.0,2.0,1.0,6.0,8.0,12.0,14.0,24.0,28.0,26.0,27.0,31.0,14.0,30.0,45.0,27.0,14.0,7.0,16.0,7.0,6.0,3.0
2014-03-17,4.0,5.0,1.0,3.0,3.0,17.0,84.0,198.0,377.0,269.0,112.0,94.0,92.0,99.0,80.0,116.0,171.0,404.0,380.0,136.0,72.0,40.0,30.0,22.0
2014-03-18,6.0,8.0,2.0,1.0,5.0,19.0,112.0,232.0,391.0,245.0,128.0,50.0,63.0,57.0,80.0,114.0,172.0,383.0,388.0,178.0,71.0,43.0,36.0,18.0
2014-03-19,6.0,6.0,2.0,2.0,4.0,14.0,81.0,171.0,293.0,226.0,98.0,55.0,57.0,46.0,55.0,72.0,134.0,310.0,302.0,126.0,56.0,38.0,21.0,17.0
2014-03-20,1.0,3.0,0.0,2.0,5.0,19.0,80.0,205.0,306.0,241.0,101.0,70.0,57.0,66.0,104.0,137.0,190.0,400.0,339.0,165.0,82.0,51.0,40.0,27.0
2014-03-21,16.0,7.0,4.0,4.0,6.0,15.0,70.0,202.0,340.0,229.0,110.0,62.0,71.0,98.0,116.0,139.0,207.0,389.0,283.0,134.0,70.0,25.0,24.0,31.0
2014-03-22,16.0,9.0,4.0,3.0,1.0,7.0,14.0,45.0,59.0,89.0,112.0,147.0,156.0,125.0,137.0,126.0,133.0,100.0,83.0,53.0,34.0,19.0,18.0,14.0
2014-03-23,13.0,6.0,5.0,4.0,2.0,5.0,8.0,23.0,54.0,72.0,90.0,147.0,220.0,204.0,191.0,259.0,232.0,178.0,106.0,61.0,31.0,19.0,19.0,14.0
2014-03-24,15.0,3.0,0.0,1.0,6.0,23.0,104.0,258.0,485.0,299.0,121.0,91.0,106.0,112.0,108.0,148.0,261.0,585.0,476.0,227.0,75.0,55.0,43.0,34.0
2014-03-25,10.0,11.0,6.0,1.0,6.0,21.0,89.0,222.0,298.0,190.0,80.0,37.0,34.0,34.0,42.0,71.0,116.0,327.0,263.0,93.0,60.0,34.0,21.0,21.0
2014-03-26,9.0,7.0,3.0,3.0,2.0,17.0,75.0,214.0,358.0,239.0,80.0,47.0,45.0,60.0,65.0,88.0,138.0,332.0,291.0,128.0,58.0,27.0,28.0,32.0
2014-03-27,9.0,8.0,3.0,4.0,5.0,24.0,73.0,180.0,314.0,180.0,75.0,53.0,44.0,57.0,81.0,60.0,179.0,366.0,282.0,152.0,85.0,49.0,46.0,28.0
2014-03-28,11.0,12.0,5.0,5.0,6.0,20.0,70.0,129.0,170.0,159.0,51.0,38.0,29.0,37.0,39.0,53.0,114.0,222.0,163.0,85.0,48.0,20.0,23.0,16.0
2014-03-29,11.0,7.0,2.0,2.0,2.0,7.0,16.0,9.0,25.0,31.0,31.0,44.0,56.0,50.0,46.0,51.0,46.0,34.0,24.0,19.0,18.0,14.0,11.0,15.0
2014-03-30,7.0,5.0,3.0,1.0,4.0,5.0,7.0,18.0,41.0,52.0,65.0,81.0,102.0,128.0,149.0,164.0,198.0,107.0,77.0,35.0,29.0,14.0,17.0,11.0
2014-03-31,5.0,3.0,3.0,2.0,4.0,20.0,99.0,276.0,469.0,296.0,97.0,76.0,99.0,100.0,100.0,129.0,246.0,559.0,427.0,229.0,96.0,50.0,29.0,22.0
2014-04-01,18.0,3.0,8.0,1.0,2.0,23.0,122.0,330.0,478.0,294.0,118.0,80.0,68.0,89.0,105.0,170.0,261.0,601.0,509.0,241.0,124.0,70.0,42.0,34.0
2014-04-02,8.0,11.0,3.0,2.0,7.0,25.0,112.0,306.0,474.0,295.0,128.0,66.0,91.0,100.0,113.0,138.0,259.0,576.0,474.0,202.0,133.0,81.0,51.0,17.0
2014-04-03,22.0,7.0,2.0,2.0,2.0,18.0,87.0,263.0,344.0,260.0,118.0,87.0,76.0,71.0,77.0,78.0,185.0,295.0,304.0,153.0,67.0,54.0,30.0,21.0
2014-04-04,8.0,4.0,3.0,3.0,5.0,18.0,73.0,199.0,356.0,258.0,104.0,81.0,73.0,76.0,108.0,139.0,210.0,414.0,307.0,176.0,78.0,50.0,42.0,32.0
2014-04-05,19.0,11.0,14.0,6.0,1.0,8.0,21.0,18.0,58.0,95.0,140.0,85.0,83.0,82.0,81.0,76.0,56.0,44.0,37.0,41.0,24.0,15.0,13.0,16.0
2014-04-06,7.0,8.0,2.0,5.0,4.0,8.0,12.0,26.0,51.0,73.0,100.0,113.0,158.0,167.0,194.0,171.0,128.0,104.0,93.0,50.0,27.0,22.0,13.0,7.0
2014-04-07,11.0,3.0,1.0,4.0,3.0,32.0,109.0,330.0,506.0,351.0,129.0,120.0,111.0,122.0,145.0,199.0,345.0,705.0,591.0,234.0,125.0,82.0,40.0,21.0
2014-04-08,15.0,7.0,2.0,4.0,2.0,27.0,87.0,306.0,451.0,305.0,112.0,68.0,70.0,73.0,67.0,101.0,157.0,341.0,296.0,136.0,71.0,65.0,26.0,17.0
2014-04-09,7.0,8.0,1.0,3.0,6.0,26.0,113.0,289.0,472.0,303.0,163.0,97.0,96.0,113.0,91.0,162.0,270.0,583.0,512.0,266.0,116.0,69.0,41.0,21.0
2014-04-10,18.0,11.0,5.0,2.0,2.0,29.0,102.0,301.0,502.0,349.0,150.0,113.0,151.0,109.0,127.0,162.0,261.0,502.0,517.0,253.0,118.0,75.0,43.0,38.0
2014-04-11,18.0,10.0,8.0,5.0,5.0,30.0,84.0,262.0,438.0,274.0,133.0,102.0,94.0,103.0,120.0,172.0,297.0,524.0,395.0,187.0,73.0,38.0,38.0,25.0
2014-04-12,15.0,13.0,13.0,4.0,1.0,6.0,15.0,45.0,89.0,121.0,163.0,121.0,160.0,205.0,183.0,204.0,186.0,189.0,146.0,119.0,48.0,42.0,60.0,37.0
2014-04-13,19.0,14.0,14.0,7.0,2.0,5.0,13.0,24.0,66.0,123.0,157.0,180.0,223.0,263.0,304.0,321.0,279.0,221.0,164.0,101.0,66.0,42.0,23.0,16.0
2014-04-14,11.0,5.0,3.0,2.0,3.0,33.0,109.0,326.0,518.0,305.0,138.0,112.0,114.0,112.0,135.0,173.0,289.0,601.0,547.0,248.0,96.0,75.0,29.0,22.0
2014-04-15,14.0,3.0,5.0,4.0,4.0,29.0,90.0,269.0,430.0,293.0,117.0,91.0,88.0,88.0,94.0,126.0,193.0,455.0,393.0,196.0,100.0,66.0,31.0,27.0
2014-04-16,13.0,3.0,7.0,2.0,3.0,21.0,67.0,218.0,289.0,204.0,78.0,48.0,47.0,57.0,58.0,66.0,110.0,321.0,260.0,124.0,51.0,50.0,22.0,14.0
2014-04-17,4.0,5.0,0.0,1.0,1.0,17.0,64.0,194.0,244.0,162.0,70.0,30.0,44.0,35.0,44.0,56.0,95.0,237.0,211.0,113.0,58.0,31.0,21.0,13.0
2014-04-18,4.0,3.0,2.0,2.0,3.0,20.0,67.0,205.0,353.0,247.0,115.0,105.0,99.0,107.0,126.0,126.0,223.0,393.0,350.0,188.0,98.0,39.0,32.0,23.0
2014-04-19,18.0,16.0,6.0,5.0,1.0,6.0,15.0,48.0,58.0,106.0,116.0,102.0,52.0,47.0,32.0,29.0,47.0,29.0,50.0,32.0,36.0,25.0,17.0,13.0
2014-04-20,15.0,6.0,4.0,6.0,4.0,6.0,20.0,21.0,38.0,70.0,81.0,129.0,142.0,201.0,186.0,194.0,183.0,127.0,111.0,84.0,44.0,24.0,18.0,20.0
2014-04-21,6.0,6.0,4.0,2.0,4.0,33.0,96.0,285.0,455.0,309.0,118.0,87.0,95.0,99.0,101.0,138.0,254.0,531.0,440.0,178.0,68.0,44.0,31.0,17.0
2014-04-22,3.0,2.0,3.0,1.0,2.0,17.0,71.0,156.0,220.0,201.0,106.0,105.0,117.0,79.0,78.0,104.0,159.0,343.0,338.0,160.0,73.0,40.0,23.0,22.0
2014-04-23,2.0,52.0,22.0,21.0,21.0,52.0,80.0,213.0,352.0,279.0,126.0,87.0,66.0,77.0,72.0,113.0,178.0,415.0,310.0,157.0,60.0,35.0,31.0,11.0
2014-04-24,6.0,3.0,2.0,1.0,5.0,18.0,72.0,212.0,334.0,225.0,104.0,59.0,49.0,35.0,57.0,80.0,152.0,377.0,321.0,196.0,82.0,52.0,48.0,21.0
2014-04-25,7.0,6.0,3.0,1.0,39.0,54.0,79.0,182.0,355.0,268.0,137.0,97.0,127.0,113.0,116.0,155.0,263.0,460.0,363.0,159.0,86.0,56.0,30.0,38.0
2014-04-26,17.0,10.0,8.0,3.0,4.0,50.0,57.0,74.0,109.0,117.0,169.0,155.0,207.0,146.0,149.0,172.0,193.0,156.0,118.0,51.0,34.0,23.0,18.0,9.0
2014-04-27,11.0,9.0,2.0,0.0,58.0,37.0,34.0,63.0,62.0,81.0,77.0,85.0,100.0,104.0,119.0,118.0,130.0,112.0,78.0,40.0,34.0,21.0,20.0,7.0
2014-04-28,6.0,3.0,0.0,2.0,73.0,54.0,94.0,271.0,403.0,294.0,97.0,86.0,76.0,96.0,118.0,163.0,268.0,581.0,544.0,281.0,129.0,53.0,45.0,21.0
2014-04-29,16.0,3.0,4.0,0.0,6.0,42.0,141.0,409.0,595.0,345.0,150.0,109.0,117.0,124.0,154.0,180.0,326.0,703.0,669.0,340.0,197.0,90.0,46.0,37.0
2014-04-30,18.0,9.0,6.0,2.0,7.0,36.0,138.0,418.0,644.0,391.0,158.0,133.0,138.0,151.0,147.0,215.0,396.0,742.0,652.0,332.0,215.0,103.0,80.0,36.0
2014-05-01,19.0,9.0,7.0,5.0,9.0,42.0,184.0,570.0,722.0,421.0,189.0,123.0,164.0,172.0,194.0,256.0,478.0,830.0,661.0,386.0,214.0,138.0,96.0,48.0
2014-05-02,21.0,13.0,10.0,5.0,8.0,36.0,157.0,450.0,621.0,407.0,170.0,153.0,121.0,145.0,192.0,237.0,427.0,681.0,376.0,161.0,83.0,55.0,37.0,42.0
2014-05-03,19.0,14.0,5.0,2.0,0.0,12.0,23.0,57.0,99.0,114.0,113.0,118.0,120.0,95.0,69.0,72.0,84.0,38.0,27.0,15.0,22.0,12.0,16.0,11.0
2014-05-04,2.0,8.0,3.0,0.0,2.0,5.0,11.0,23.0,34.0,34.0,30.0,44.0,75.0,52.0,51.0,68.0,41.0,33.0,28.0,18.0,27.0,15.0,11.0,5.0
2014-05-05,7.0,2.0,1.0,2.0,5.0,37.0,139.0,386.0,453.0,232.0,91.0,47.0,54.0,74.0,70.0,106.0,239.0,554.0,399.0,171.0,113.0,53.0,49.0,17.0
2014-05-06,10.0,4.0,5.0,3.0,9.0,56.0,310.0,531.0,580.0,211.0,149.0,102.0,98.0,104.0,114.0,142.0,354.0,799.0,539.0,220.0,134.0,94.0,38.0,30.0
2014-05-07,10.0,7.0,5.0,4.0,10.0,55.0,209.0,593.0,716.0,362.0,150.0,109.0,126.0,148.0,142.0,195.0,434.0,858.0,636.0,272.0,161.0,141.0,75.0,37.0
2014-05-08,16.0,5.0,5.0,4.0,7.0,33.0,192.0,427.0,489.0,294.0,114.0,91.0,68.0,67.0,50.0,100.0,201.0,425.0,323.0,160.0,79.0,33.0,28.0,19.0
2014-05-09,8.0,5.0,4.0,2.0,7.0,29.0,124.0,337.0,427.0,211.0,103.0,91.0,67.0,62.0,86.0,141.0,282.0,474.0,277.0,128.0,68.0,31.0,36.0,36.0
2014-05-10,22.0,15.0,15.0,1.0,4.0,9.0,19.0,44.0,75.0,144.0,109.0,129.0,175.0,153.0,125.0,118.0,131.0,106.0,90.0,91.0,50.0,33.0,39.0,28.0
2014-05-11,24.0,8.0,7.0,0.0,2.0,9.0,27.0,38.0,94.0,113.0,156.0,162.0,197.0,219.0,231.0,238.0,215.0,194.0,166.0,118.0,52.0,55.0,37.0,14.0
2014-05-12,8.0,2.0,4.0,4.0,4.0,65.0,228.0,581.0,677.0,319.0,131.0,138.0,139.0,149.0,147.0,188.0,475.0,876.0,674.0,306.0,157.0,93.0,44.0,23.0
2014-05-13,25.0,6.0,5.0,3.0,9.0,58.0,282.0,698.0,719.0,373.0,143.0,136.0,127.0,136.0,185.0,228.0,480.0,925.0,735.0,337.0,246.0,120.0,68.0,44.0
2014-05-14,17.0,7.0,3.0,4.0,9.0,67.0,272.0,619.0,692.0,340.0,164.0,131.0,134.0,142.0,161.0,220.0,510.0,923.0,683.0,330.0,222.0,153.0,57.0,27.0
2014-05-15,18.0,7.0,9.0,9.0,7.0,53.0,241.0,600.0,681.0,338.0,152.0,133.0,120.0,115.0,140.0,253.0,383.0,784.0,601.0,270.0,190.0,117.0,47.0,32.0
2014-05-16,24.0,13.0,8.0,3.0,11.0,70.0,333.0,841.0,879.0,389.0,150.0,101.0,122.0,150.0,162.0,245.0,457.0,795.0,513.0,214.0,107.0,71.0,49.0,35.0
2014-05-17,19.0,8.0,11.0,7.0,3.0,12.0,24.0,66.0,73.0,100.0,138.0,181.0,167.0,182.0,179.0,163.0,161.0,146.0,107.0,94.0,72.0,57.0,41.0,30.0
2014-05-18,17.0,20.0,11.0,2.0,2.0,13.0,16.0,44.0,72.0,101.0,128.0,155.0,169.0,201.0,224.0,243.0,161.0,121.0,106.0,46.0,27.0,26.0,17.0,15.0
2014-05-19,7.0,4.0,8.0,1.0,12.0,57.0,197.0,483.0,606.0,292.0,131.0,119.0,95.0,119.0,113.0,174.0,373.0,745.0,601.0,257.0,151.0,87.0,39.0,31.0
2014-05-20,17.0,5.0,6.0,6.0,10.0,77.0,246.0,641.0,696.0,368.0,150.0,136.0,129.0,153.0,164.0,209.0,425.0,946.0,587.0,310.0,181.0,109.0,72.0,35.0
2014-05-21,16.0,11.0,0.0,4.0,10.0,63.0,254.0,599.0,630.0,339.0,122.0,83.0,106.0,131.0,120.0,206.0,408.0,836.0,583.0,318.0,171.0,116.0,63.0,40.0
2014-05-22,17.0,5.0,4.0,2.0,9.0,53.0,225.0,559.0,640.0,301.0,119.0,106.0,144.0,142.0,152.0,206.0,396.0,716.0,535.0,255.0,144.0,108.0,44.0,28.0
2014-05-23,10.0,8.0,0.0,1.0,6.0,39.0,148.0,265.0,294.0,152.0,69.0,46.0,59.0,61.0,110.0,143.0,227.0,366.0,247.0,119.0,75.0,46.0,45.0,20.0
2014-05-24,17.0,13.0,4.0,1.0,4.0,6.0,30.0,50.0,88.0,116.0,105.0,185.0,172.0,207.0,177.0,201.0,205.0,164.0,115.0,87.0,79.0,55.0,47.0,27.0
2014-05-25,22.0,8.0,10.0,3.0,8.0,7.0,13.0,38.0,67.0,85.0,103.0,167.0,150.0,98.0,96.0,98.0,71.0,55.0,31.0,41.0,26.0,21.0,8.0,8.0
2014-05-26,7.0,5.0,2.0,1.0,4.0,13.0,14.0,34.0,56.0,82.0,97.0,194.0,251.0,235.0,269.0,196.0,215.0,179.0,137.0,93.0,84.0,78.0,26.0,17.0
2014-05-27,9.0,6.0,2.0,3.0,13.0,61.0,215.0,535.0,657.0,330.0,153.0,102.0,117.0,112.0,144.0,174.0,387.0,799.0,588.0,307.0,159.0,81.0,56.0,22.0
2014-05-28,9.0,5.0,4.0,2.0,5.0,42.0,183.0,436.0,553.0,291.0,137.0,94.0,96.0,104.0,147.0,131.0,328.0,597.0,414.0,206.0,105.0,62.0,37.0,20.0
2014-05-29,2.0,4.0,3.0,4.0,9.0,48.0,194.0,478.0,573.0,341.0,128.0,100.0,113.0,104.0,114.0,161.0,366.0,720.0,546.0,257.0,161.0,79.0,51.0,31.0
2014-05-30,35.0,7.0,6.0,9.0,12.0,52.0,198.0,504.0,622.0,300.0,125.0,115.0,125.0,138.0,184.0,257.0,416.0,705.0,484.0,242.0,126.0,95.0,66.0,46.0
2014-05-31,27.0,11.0,10.0,4.0,4.0,9.0,31.0,93.0,109.0,146.0,203.0,206.0,258.0,230.0,252.0,266.0,267.0,196.0,180.0,134.0,104.0,54.0,40.0,53.0
2014-06-01,22.0,16.0,19.0,3.0,4.0,7.0,26.0,47.0,78.0,129.0,142.0,191.0,217.0,228.0,259.0,248.0,281.0,169.0,183.0,141.0,94.0,53.0,29.0,15.0
2014-06-02,6.0,5.0,1.0,5.0,10.0,61.0,200.0,461.0,643.0,334.0,123.0,109.0,108.0,139.0,155.0,179.0,381.0,774.0,592.0,292.0,168.0,85.0,48.0,35.0
2014-06-03,14.0,7.0,1.0,3.0,11.0,55.0,208.0,486.0,606.0,329.0,112.0,109.0,122.0,92.0,123.0,156.0,345.0,701.0,580.0,269.0,144.0,102.0,64.0,31.0
2014-06-04,21.0,7.0,5.0,5.0,12.0,50.0,195.0,482.0,625.0,313.0,124.0,104.0,128.0,139.0,113.0,193.0,380.0,743.0,555.0,302.0,171.0,99.0,66.0,31.0
2014-06-05,19.0,7.0,10.0,4.0,13.0,49.0,188.0,494.0,608.0,299.0,139.0,94.0,119.0,146.0,145.0,196.0,308.0,649.0,519.0,278.0,170.0,116.0,69.0,36.0
2014-06-06,22.0,17.0,6.0,7.0,13.0,40.0,167.0,383.0,532.0,286.0,132.0,126.0,143.0,160.0,186.0,223.0,370.0,625.0,385.0,252.0,125.0,84.0,65.0,33.0
2014-06-07,20.0,19.0,14.0,4.0,2.0,12.0,34.0,98.0,110.0,150.0,169.0,230.0,202.0,288.0,252.0,247.0,243.0,187.0,160.0,121.0,89.0,82.0,37.0,37.0
2014-06-08,36.0,12.0,15.0,3.0,5.0,13.0,29.0,51.0,110.0,413.0,358.0,201.0,396.0,432.0,296.0,276.0,256.0,198.0,168.0,100.0,80.0,46.0,31.0,22.0
2014-06-09,15.0,9.0,4.0,4.0,13.0,36.0,175.0,407.0,592.0,293.0,109.0,97.0,83.0,101.0,106.0,155.0,307.0,663.0,500.0,215.0,110.0,56.0,46.0,32.0
2014-06-10,12.0,7.0,8.0,3.0,14.0,47.0,201.0,453.0,600.0,319.0,125.0,96.0,107.0,99.0,140.0,164.0,347.0,645.0,525.0,271.0,157.0,86.0,70.0,34.0
2014-06-11,26.0,6.0,3.0,5.0,13.0,55.0,222.0,506.0,631.0,335.0,147.0,121.0,123.0,147.0,167.0,227.0,385.0,803.0,619.0,297.0,173.0,89.0,70.0,26.0
2014-06-12,26.0,9.0,5.0,5.0,17.0,49.0,178.0,423.0,515.0,284.0,122.0,87.0,112.0,114.0,127.0,166.0,290.0,634.0,444.0,215.0,118.0,72.0,32.0,33.0
2014-06-13,15.0,7.0,6.0,7.0,12.0,27.0,85.0,205.0,297.0,171.0,82.0,59.0,53.0,63.0,75.0,116.0,195.0,324.0,194.0,107.0,69.0,39.0,26.0,32.0
2014-06-14,23.0,20.0,6.0,6.0,10.0,7.0,28.0,58.0,76.0,126.0,106.0,125.0,136.0,124.0,162.0,127.0,140.0,135.0,120.0,79.0,61.0,28.0,43.0,27.0
2014-06-15,11.0,9.0,5.0,3.0,3.0,5.0,12.0,19.0,42.0,70.0,87.0,118.0,133.0,129.0,136.0,119.0,124.0,90.0,62.0,34.0,17.0,15.0,15.0,9.0
2014-06-16,4.0,7.0,2.0,4.0,12.0,40.0,145.0,333.0,448.0,161.0,59.0,86.0,62.0,81.0,110.0,133.0,221.0,538.0,377.0,243.0,128.0,85.0,56.0,26.0
2014-06-17,16.0,6.0,1.0,5.0,6.0,42.0,170.0,438.0,551.0,285.0,124.0,100.0,70.0,97.0,106.0,140.0,286.0,639.0,448.0,272.0,153.0,72.0,48.0,32.0
2014-06-18,15.0,5.0,5.0,5.0,8.0,58.0,198.0,442.0,619.0,284.0,115.0,104.0,108.0,101.0,110.0,171.0,389.0,717.0,535.0,291.0,155.0,121.0,61.0,33.0
2014-06-19,10.0,12.0,6.0,5.0,11.0,42.0,192.0,452.0,534.0,282.0,127.0,119.0,105.0,129.0,134.0,196.0,348.0,691.0,482.0,247.0,142.0,69.0,55.0,22.0
2014-06-20,13.0,7.0,3.0,1.0,8.0,27.0,151.0,359.0,430.0,252.0,108.0,96.0,103.0,134.0,129.0,174.0,322.0,560.0,342.0,223.0,138.0,77.0,66.0,67.0
2014-06-21,27.0,23.0,15.0,3.0,11.0,20.0,53.0,70.0,145.0,178.0,225.0,267.0,290.0,259.0,223.0,81.0,92.0,187.0,277.0,237.0,177.0,151.0,105.0,88.0
2014-06-22,30.0,25.0,9.0,7.0,4.0,17.0,24.0,76.0,87.0,157.0,116.0,206.0,271.0,301.0,271.0,212.0,194.0,188.0,179.0,141.0,85.0,75.0,24.0,15.0
2014-06-23,10.0,7.0,6.0,6.0,10.0,47.0,174.0,433.0,592.0,344.0,144.0,125.0,123.0,117.0,128.0,175.0,356.0,716.0,490.0,228.0,108.0,71.0,43.0,24.0
2014-06-24,18.0,5.0,3.0,4.0,10.0,48.0,159.0,407.0,525.0,280.0,107.0,96.0,94.0,114.0,116.0,169.0,342.0,642.0,523.0,294.0,181.0,90.0,76.0,39.0
2014-06-25,19.0,11.0,7.0,9.0,8.0,45.0,178.0,457.0,552.0,282.0,141.0,84.0,126.0,111.0,125.0,167.0,352.0,707.0,529.0,264.0,152.0,100.0,67.0,39.0
2014-06-26,26.0,8.0,10.0,5.0,8.0,51.0,162.0,354.0,515.0,217.0,110.0,136.0,126.0,109.0,116.0,157.0,285.0,524.0,437.0,221.0,115.0,98.0,42.0,25.0
2014-06-27,20.0,14.0,5.0,5.0,8.0,31.0,119.0,245.0,364.0,197.0,95.0,71.0,59.0,65.0,96.0,126.0,272.0,425.0,280.0,161.0,72.0,60.0,48.0,33.0
2014-06-28,10.0,16.0,9.0,2.0,4.0,9.0,40.0,62.0,77.0,108.0,138.0,106.0,154.0,131.0,116.0,126.0,123.0,149.0,123.0,90.0,73.0,56.0,26.0,32.0
2014-06-29,24.0,6.0,15.0,3.0,6.0,10.0,23.0,56.0,89.0,94.0,157.0,198.0,192.0,197.0,191.0,227.0,197.0,203.0,165.0,100.0,72.0,44.0,26.0,17.0
2014-06-30,12.0,4.0,4.0,6.0,15.0,56.0,183.0,417.0,609.0,295.0,125.0,112.0,113.0,131.0,137.0,195.0,378.0,744.0,590.0,333.0,165.0,92.0,58.0,28.0
2014-07-01,17.0,7.0,4.0,4.0,14.0,61.0,227.0,525.0,608.0,303.0,148.0,119.0,147.0,145.0,112.0,182.0,402.0,736.0,593.0,341.0,179.0,145.0,86.0,42.0
2014-07-02,24.0,17.0,5.0,4.0,6.0,62.0,191.0,424.0,618.0,316.0,148.0,79.0,110.0,123.0,134.0,166.0,375.0,691.0,560.0,269.0,200.0,122.0,53.0,45.0
2014-07-03,27.0,8.0,2.0,5.0,4.0,48.0,135.0,357.0,455.0,233.0,138.0,86.0,127.0,132.0,148.0,214.0,382.0,491.0,321.0,153.0,140.0,62.0,52.0,39.0
2014-07-04,20.0,15.0,6.0,6.0,9.0,20.0,27.0,61.0,126.0,155.0,177.0,208.0,240.0,244.0,214.0,282.0,290.0,236.0,191.0,149.0,131.0,127.0,75.0,275.0
2014-07-05,73.0,34.0,12.0,2.0,7.0,9.0,19.0,59.0,76.0,98.0,142.0,155.0,169.0,167.0,126.0,120.0,149.0,151.0,138.0,95.0,72.0,44.0,34.0,25.0
2014-07-06,19.0,11.0,4.0,5.0,2.0,7.0,15.0,33.0,113.0,125.0,151.0,215.0,249.0,302.0,306.0,291.0,233.0,228.0,170.0,153.0,115.0,66.0,48.0,21.0
2014-07-07,13.0,6.0,6.0,6.0,16.0,44.0,161.0,464.0,531.0,285.0,128.0,95.0,107.0,134.0,136.0,197.0,315.0,668.0,494.0,299.0,152.0,104.0,64.0,31.0
2014-07-08,27.0,7.0,8.0,3.0,13.0,58.0,233.0,506.0,594.0,295.0,181.0,131.0,155.0,129.0,114.0,220.0,391.0,795.0,574.0,300.0,209.0,163.0,71.0,38.0
2014-07-09,17.0,14.0,5.0,5.0,13.0,56.0,228.0,504.0,633.0,320.0,145.0,141.0,130.0,129.0,118.0,183.0,410.0,738.0,608.0,312.0,192.0,137.0,62.0,35.0
2014-07-10,19.0,9.0,6.0,6.0,9.0,49.0,200.0,455.0,621.0,286.0,123.0,116.0,124.0,104.0,137.0,182.0,346.0,701.0,514.0,338.0,203.0,143.0,65.0,44.0
2014-07-11,31.0,26.0,12.0,2.0,15.0,35.0,143.0,376.0,514.0,308.0,150.0,148.0,115.0,119.0,142.0,193.0,371.0,612.0,346.0,178.0,112.0,107.0,73.0,40.0
2014-07-12,24.0,21.0,11.0,6.0,50.0,57.0,57.0,94.0,114.0,152.0,198.0,162.0,169.0,170.0,142.0,215.0,142.0,146.0,109.0,113.0,139.0,76.0,46.0,67.0
2014-07-13,29.0,23.0,11.0,4.0,4.0,9.0,28.0,64.0,114.0,146.0,177.0,197.0,192.0,112.0,136.0,194.0,169.0,161.0,126.0,146.0,84.0,58.0,86.0,28.0
2014-07-14,11.0,7.0,1.0,7.0,7.0,49.0,162.0,435.0,550.0,312.0,134.0,104.0,82.0,109.0,128.0,149.0,343.0,658.0,562.0,244.0,200.0,96.0,45.0,16.0
2014-07-15,16.0,7.0,4.0,4.0,9.0,53.0,199.0,501.0,624.0,316.0,146.0,97.0,144.0,97.0,92.0,151.0,379.0,732.0,598.0,339.0,203.0,118.0,83.0,29.0
2014-07-16,12.0,17.0,3.0,4.0,10.0,58.0,214.0,507.0,589.0,302.0,176.0,109.0,145.0,142.0,141.0,192.0,359.0,706.0,580.0,285.0,239.0,133.0,50.0,36.0
2014-07-17,32.0,9.0,6.0,2.0,9.0,45.0,144.0,424.0,543.0,298.0,130.0,122.0,111.0,110.0,132.0,143.0,347.0,682.0,454.0,320.0,197.0,140.0,81.0,54.0
2014-07-18,22.0,8.0,5.0,4.0,13.0,35.0,152.0,349.0,475.0,273.0,136.0,108.0,145.0,126.0,142.0,220.0,383.0,635.0,439.0,202.0,112.0,70.0,52.0,29.0
2014-07-19,34.0,19.0,9.0,0.0,3.0,10.0,25.0,56.0,95.0,129.0,127.0,129.0,193.0,181.0,164.0,206.0,181.0,145.0,150.0,89.0,55.0,53.0,33.0,34.0
2014-07-20,21.0,14.0,7.0,5.0,5.0,4.0,12.0,30.0,53.0,68.0,96.0,102.0,108.0,172.0,153.0,174.0,171.0,79.0,74.0,71.0,40.0,39.0,19.0,18.0
2014-07-21,10.0,1.0,3.0,7.0,13.0,45.0,164.0,422.0,528.0,303.0,136.0,97.0,142.0,93.0,143.0,176.0,372.0,715.0,492.0,303.0,200.0,78.0,57.0,25.0
2014-07-22,8.0,4.0,9.0,3.0,11.0,62.0,218.0,542.0,594.0,313.0,135.0,107.0,110.0,108.0,97.0,186.0,344.0,702.0,562.0,299.0,183.0,86.0,67.0,28.0
2014-07-23,18.0,5.0,4.0,3.0,4.0,38.0,96.0,197.0,275.0,140.0,60.0,38.0,22.0,38.0,39.0,42.0,141.0,280.0,249.0,122.0,84.0,45.0,32.0,17.0
2014-07-24,14.0,8.0,4.0,2.0,7.0,38.0,112.0,282.0,374.0,231.0,83.0,70.0,90.0,80.0,74.0,116.0,192.0,461.0,346.0,207.0,99.0,52.0,39.0,21.0
2014-07-25,15.0,6.0,11.0,2.0,10.0,43.0,113.0,308.0,501.0,261.0,138.0,116.0,186.0,165.0,168.0,168.0,367.0,562.0,405.0,200.0,130.0,96.0,50.0,51.0
2014-07-26,27.0,18.0,16.0,5.0,5.0,15.0,37.0,74.0,119.0,150.0,142.0,235.0,247.0,192.0,239.0,252.0,192.0,219.0,154.0,141.0,89.0,58.0,44.0,40.0
2014-07-27,35.0,17.0,10.0,6.0,7.0,7.0,18.0,41.0,96.0,130.0,177.0,211.0,233.0,231.0,262.0,238.0,228.0,194.0,157.0,130.0,81.0,73.0,31.0,14.0
2014-07-28,9.0,14.0,6.0,5.0,13.0,65.0,170.0,455.0,629.0,284.0,171.0,138.0,105.0,104.0,135.0,176.0,346.0,679.0,577.0,293.0,203.0,119.0,69.0,31.0
2014-07-29,17.0,9.0,4.0,2.0,11.0,58.0,214.0,532.0,670.0,338.0,158.0,117.0,143.0,134.0,118.0,168.0,370.0,801.0,586.0,333.0,191.0,155.0,74.0,45.0
2014-07-30,13.0,10.0,9.0,3.0,6.0,54.0,211.0,482.0,632.0,337.0,166.0,118.0,106.0,137.0,129.0,199.0,382.0,755.0,583.0,279.0,209.0,126.0,73.0,40.0
2014-07-31,15.0,10.0,6.0,4.0,12.0,42.0,174.0,483.0,612.0,314.0,170.0,116.0,133.0,121.0,133.0,180.0,353.0,670.0,544.0,289.0,189.0,123.0,102.0,40.0
2014-08-01,25.0,8.0,8.0,3.0,11.0,41.0,144.0,338.0,511.0,306.0,147.0,138.0,122.0,131.0,146.0,190.0,373.0,537.0,373.0,202.0,143.0,87.0,77.0,45.0
2014-08-02,23.0,47.0,12.0,6.0,3.0,12.0,42.0,71.0,142.0,138.0,98.0,129.0,156.0,151.0,156.0,166.0,166.0,112.0,148.0,120.0,84.0,41.0,49.0,38.0
2014-08-03,20.0,8.0,8.0,4.0,7.0,7.0,24.0,53.0,100.0,147.0,197.0,197.0,249.0,212.0,218.0,223.0,210.0,193.0,159.0,100.0,70.0,52.0,42.0,17.0
2014-08-04,17.0,9.0,4.0,6.0,10.0,52.0,165.0,439.0,606.0,326.0,139.0,88.0,96.0,107.0,146.0,178.0,357.0,748.0,531.0,303.0,156.0,99.0,67.0,41.0
2014-08-05,24.0,7.0,3.0,6.0,6.0,55.0,186.0,463.0,637.0,308.0,120.0,138.0,121.0,124.0,130.0,170.0,378.0,743.0,493.0,332.0,177.0,95.0,57.0,46.0
2014-08-06,33.0,11.0,3.0,5.0,14.0,41.0,177.0,418.0,579.0,320.0,131.0,125.0,127.0,134.0,140.0,188.0,382.0,727.0,545.0,295.0,160.0,117.0,67.0,39.0
2014-08-07,21.0,4.0,5.0,6.0,11.0,53.0,156.0,415.0,593.0,323.0,132.0,74.0,108.0,97.0,118.0,194.0,337.0,697.0,539.0,275.0,183.0,100.0,63.0,49.0
2014-08-08,25.0,11.0,4.0,6.0,8.0,43.0,137.0,295.0,400.0,259.0,107.0,106.0,133.0,159.0,156.0,201.0,358.0,586.0,406.0,209.0,133.0,93.0,67.0,54.0
2014-08-09,25.0,18.0,10.0,6.0,4.0,11.0,29.0,57.0,123.0,174.0,166.0,180.0,195.0,214.0,210.0,199.0,185.0,139.0,155.0,117.0,86.0,54.0,43.0,29.0
2014-08-10,25.0,18.0,6.0,6.0,5.0,6.0,31.0,67.0,109.0,139.0,174.0,175.0,184.0,232.0,215.0,208.0,194.0,154.0,149.0,152.0,135.0,81.0,55.0,30.0
2014-08-11,14.0,16.0,1.0,6.0,9.0,52.0,160.0,415.0,602.0,276.0,139.0,104.0,103.0,106.0,127.0,165.0,312.0,621.0,510.0,233.0,200.0,68.0,51.0,35.0
2014-08-12,13.0,4.0,7.0,4.0,10.0,39.0,154.0,414.0,480.0,257.0,92.0,80.0,63.0,89.0,95.0,134.0,322.0,580.0,460.0,229.0,116.0,57.0,40.0,28.0
2014-08-13,14.0,5.0,1.0,8.0,1.0,26.0,103.0,277.0,434.0,225.0,99.0,75.0,71.0,82.0,85.0,133.0,258.0,499.0,430.0,190.0,129.0,69.0,56.0,16.0
2014-08-14,15.0,9.0,6.0,4.0,8.0,36.0,158.0,381.0,516.0,310.0,127.0,82.0,120.0,113.0,114.0,149.0,251.0,597.0,479.0,229.0,146.0,84.0,64.0,31.0
2014-08-15,16.0,11.0,6.0,3.0,13.0,52.0,141.0,290.0,372.0,183.0,89.0,70.0,87.0,93.0,102.0,166.0,276.0,480.0,318.0,138.0,86.0,49.0,43.0,38.0
2014-08-16,20.0,10.0,14.0,11.0,5.0,13.0,41.0,61.0,96.0,148.0,150.0,190.0,172.0,197.0,210.0,221.0,206.0,172.0,154.0,118.0,82.0,36.0,39.0,18.0
2014-08-17,27.0,12.0,8.0,4.0,7.0,7.0,18.0,46.0,77.0,113.0,126.0,196.0,229.0,216.0,254.0,236.0,217.0,207.0,139.0,99.0,107.0,49.0,26.0,26.0
2014-08-18,12.0,5.0,4.0,5.0,9.0,40.0,170.0,461.0,587.0,449.0,128.0,105.0,100.0,136.0,147.0,172.0,306.0,716.0,536.0,257.0,150.0,71.0,46.0,24.0
2014-08-19,26.0,7.0,4.0,7.0,8.0,44.0,247.0,472.0,612.0,343.0,150.0,143.0,128.0,124.0,122.0,194.0,357.0,749.0,565.0,294.0,150.0,102.0,51.0,35.0
2014-08-20,17.0,11.0,6.0,5.0,10.0,39.0,170.0,463.0,512.0,311.0,115.0,102.0,94.0,90.0,118.0,182.0,354.0,646.0,320.0,241.0,164.0,125.0,66.0,28.0
2014-08-21,10.0,2.0,8.0,5.0,12.0,30.0,152.0,418.0,529.0,293.0,137.0,97.0,81.0,111.0,135.0,182.0,310.0,617.0,560.0,286.0,184.0,78.0,55.0,32.0
2014-08-22,15.0,7.0,13.0,3.0,10.0,33.0,132.0,355.0,463.0,301.0,129.0,101.0,133.0,144.0,138.0,185.0,337.0,534.0,380.0,164.0,105.0,57.0,64.0,32.0
2014-08-23,31.0,21.0,13.0,3.0,4.0,15.0,26.0,61.0,107.0,132.0,239.0,143.0,201.0,197.0,185.0,202.0,220.0,166.0,173.0,107.0,76.0,56.0,20.0,32.0
2014-08-24,18.0,20.0,10.0,8.0,5.0,14.0,21.0,42.0,84.0,109.0,190.0,188.0,192.0,211.0,197.0,196.0,252.0,176.0,177.0,128.0,77.0,53.0,37.0,14.0
2014-08-25,9.0,7.0,6.0,4.0,7.0,56.0,187.0,490.0,686.0,366.0,121.0,114.0,99.0,131.0,127.0,179.0,356.0,769.0,637.0,324.0,146.0,73.0,58.0,31.0
2014-08-26,18.0,6.0,10.0,3.0,13.0,46.0,210.0,595.0,758.0,363.0,163.0,108.0,143.0,126.0,111.0,194.0,408.0,877.0,629.0,369.0,193.0,95.0,72.0,41.0
2014-08-27,22.0,9.0,5.0,8.0,16.0,40.0,178.0,511.0,677.0,326.0,118.0,147.0,110.0,93.0,148.0,173.0,394.0,743.0,610.0,326.0,183.0,105.0,62.0,42.0
2014-08-28,20.0,10.0,3.0,7.0,13.0,40.0,172.0,426.0,561.0,339.0,112.0,122.0,110.0,97.0,113.0,158.0,346.0,661.0,509.0,252.0,153.0,98.0,49.0,38.0
2014-08-29,12.0,7.0,4.0,5.0,12.0,30.0,105.0,288.0,414.0,239.0,119.0,93.0,83.0,107.0,114.0,156.0,305.0,414.0,316.0,154.0,94.0,46.0,38.0,33.0
2014-08-30,16.0,11.0,5.0,6.0,2.0,6.0,20.0,35.0,46.0,54.0,33.0,39.0,58.0,53.0,54.0,52.0,77.0,73.0,63.0,44.0,28.0,32.0,31.0,21.0
2014-08-31,6.0,5.0,3.0,2.0,7.0,10.0,10.0,23.0,44.0,80.0,95.0,117.0,179.0,155.0,167.0,202.0,161.0,150.0,117.0,104.0,55.0,43.0,44.0,41.0
2014-09-01,26.0,4.0,9.0,2.0,5.0,8.0,14.0,36.0,66.0,114.0,85.0,160.0,197.0,251.0,229.0,259.0,242.0,223.0,133.0,101.0,75.0,49.0,39.0,29.0
2014-09-02,18.0,7.0,2.0,4.0,12.0,41.0,133.0,366.0,512.0,258.0,113.0,87.0,82.0,87.0,103.0,130.0,271.0,533.0,415.0,161.0,92.0,30.0,25.0,11.0
2014-09-03,7.0,3.0,2.0,6.0,9.0,32.0,153.0,406.0,535.0,251.0,137.0,78.0,72.0,96.0,128.0,168.0,300.0,635.0,554.0,276.0,143.0,66.0,52.0,12.0
2014-09-04,24.0,10.0,10.0,4.0,12.0,49.0,160.0,548.0,645.0,335.0,126.0,115.0,135.0,138.0,164.0,225.0,438.0,778.0,470.0,227.0,123.0,99.0,74.0,31.0
2014-09-05,23.0,5.0,6.0,6.0,18.0,27.0,143.0,361.0,559.0,271.0,141.0,111.0,108.0,129.0,164.0,240.0,372.0,592.0,432.0,239.0,112.0,53.0,48.0,27.0
2014-09-06,8.0,14.0,2.0,0.0,0.0,17.0,20.0,73.0,99.0,124.0,149.0,203.0,194.0,197.0,190.0,211.0,229.0,191.0,139.0,125.0,51.0,67.0,57.0,40.0
2014-09-07,10.0,0.0,3.0,3.0,0.0,4.0,15.0,43.0,77.0,132.0,131.0,167.0,205.0,226.0,203.0,189.0,205.0,172.0,129.0,117.0,91.0,37.0,30.0,25.0
2014-09-08,11.0,5.0,1.0,6.0,14.0,47.0,150.0,423.0,569.0,262.0,102.0,86.0,62.0,58.0,90.0,125.0,313.0,665.0,446.0,183.0,83.0,51.0,40.0,17.0
2014-09-09,8.0,8.0,5.0,6.0,11.0,44.0,143.0,426.0,572.0,238.0,94.0,72.0,55.0,66.0,85.0,169.0,314.0,641.0,513.0,237.0,119.0,78.0,53.0,31.0
2014-09-10,16.0,9.0,15.0,7.0,9.0,42.0,141.0,405.0,588.0,202.0,104.0,62.0,83.0,69.0,88.0,184.0,308.0,658.0,510.0,261.0,102.0,62.0,61.0,29.0
2014-09-11,15.0,5.0,3.0,6.0,7.0,38.0,137.0,386.0,596.0,232.0,88.0,72.0,95.0,98.0,100.0,156.0,339.0,663.0,495.0,218.0,131.0,75.0,54.0,33.0
2014-09-12,10.0,9.0,7.0,4.0,10.0,40.0,110.0,371.0,520.0,299.0,138.0,109.0,108.0,143.0,124.0,162.0,349.0,557.0,379.0,178.0,89.0,52.0,76.0,59.0
2014-09-13,18.0,86.0,7.0,1.0,5.0,15.0,14.0,57.0,95.0,132.0,151.0,163.0,218.0,174.0,156.0,227.0,219.0,247.0,138.0,73.0,65.0,34.0,44.0,28.0
2014-09-14,28.0,12.0,8.0,4.0,3.0,0.0,19.0,40.0,68.0,117.0,129.0,179.0,203.0,228.0,160.0,203.0,217.0,175.0,144.0,108.0,57.0,37.0,24.0,18.0
2014-09-15,9.0,3.0,3.0,7.0,8.0,41.0,132.0,466.0,634.0,314.0,120.0,107.0,87.0,99.0,96.0,186.0,353.0,727.0,563.0,250.0,95.0,79.0,43.0,28.0
2014-09-16,14.0,10.0,8.0,4.0,9.0,38.0,160.0,463.0,587.0,290.0,111.0,102.0,75.0,86.0,132.0,157.0,355.0,678.0,546.0,251.0,120.0,81.0,39.0,22.0
2014-09-17,12.0,4.0,2.0,7.0,7.0,38.0,147.0,419.0,556.0,235.0,83.0,70.0,61.0,60.0,121.0,138.0,293.0,619.0,442.0,181.0,93.0,67.0,48.0,22.0
2014-09-18,5.0,9.0,5.0,6.0,9.0,29.0,123.0,313.0,435.0,240.0,97.0,63.0,74.0,94.0,94.0,130.0,242.0,546.0,382.0,161.0,88.0,62.0,42.0,23.0
2014-09-19,21.0,8.0,3.0,8.0,11.0,35.0,111.0,360.0,477.0,252.0,137.0,93.0,98.0,107.0,148.0,194.0,346.0,545.0,350.0,217.0,78.0,48.0,58.0,29.0
2014-09-20,29.0,10.0,11.0,5.0,0.0,14.0,15.0,49.0,82.0,99.0,106.0,142.0,188.0,190.0,177.0,196.0,190.0,226.0,185.0,109.0,70.0,55.0,53.0,24.0
2014-09-21,25.0,12.0,13.0,5.0,1.0,4.0,16.0,44.0,83.0,119.0,141.0,214.0,229.0,193.0,199.0,163.0,189.0,185.0,160.0,79.0,52.0,45.0,32.0,14.0
2014-09-22,10.0,1.0,4.0,5.0,12.0,44.0,128.0,399.0,537.0,261.0,93.0,94.0,53.0,71.0,93.0,142.0,287.0,659.0,480.0,195.0,101.0,56.0,34.0,27.0
2014-09-23,21.0,6.0,4.0,4.0,6.0,32.0,150.0,398.0,545.0,264.0,98.0,75.0,60.0,70.0,68.0,126.0,239.0,551.0,382.0,149.0,54.0,41.0,58.0,15.0
2014-09-24,9.0,2.0,1.0,2.0,3.0,19.0,86.0,209.0,278.0,149.0,56.0,34.0,38.0,61.0,57.0,99.0,152.0,362.0,268.0,119.0,64.0,40.0,32.0,26.0
2014-09-25,5.0,8.0,4.0,9.0,9.0,23.0,94.0,268.0,419.0,217.0,96.0,43.0,45.0,67.0,91.0,135.0,268.0,479.0,354.0,149.0,73.0,47.0,34.0,25.0
2014-09-26,10.0,7.0,5.0,1.0,7.0,27.0,58.0,189.0,377.0,168.0,75.0,59.0,67.0,69.0,114.0,141.0,242.0,366.0,269.0,108.0,60.0,35.0,28.0,29.0
2014-09-27,22.0,15.0,12.0,5.0,2.0,8.0,23.0,44.0,78.0,132.0,150.0,184.0,233.0,199.0,184.0,217.0,216.0,221.0,150.0,87.0,53.0,33.0,33.0,24.0
2014-09-28,18.0,10.0,13.0,7.0,4.0,4.0,18.0,38.0,65.0,91.0,123.0,125.0,178.0,143.0,148.0,163.0,178.0,184.0,128.0,71.0,41.0,25.0,24.0,19.0
2014-09-29,4.0,3.0,3.0,5.0,11.0,32.0,119.0,324.0,489.0,240.0,100.0,60.0,58.0,79.0,79.0,106.0,244.0,509.0,300.0,144.0,56.0,39.0,17.0,14.0
2014-09-30,4.0,4.0,5.0,2.0,5.0,30.0,109.0,356.0,515.0,242.0,115.0,79.0,75.0,86.0,89.0,158.0,255.0,570.0,443.0,202.0,95.0,69.0,34.0,20.0
2014-10-01,11.0,6.0,4.0,4.0,10.0,37.0,132.0,391.0,550.0,235.0,109.0,77.0,71.0,71.0,110.0,166.0,326.0,639.0,478.0,185.0,94.0,60.0,49.0,22.0
2014-10-02,21.0,1.0,5.0,3.0,8.0,33.0,108.0,394.0,577.0,259.0,112.0,94.0,101.0,77.0,101.0,164.0,300.0,611.0,457.0,217.0,106.0,75.0,39.0,33.0
2014-10-03,12.0,16.0,8.0,3.0,7.0,31.0,120.0,336.0,480.0,253.0,114.0,84.0,97.0,94.0,148.0,191.0,356.0,565.0,409.0,166.0,86.0,48.0,54.0,31.0
2014-10-04,28.0,12.0,6.0,5.0,5.0,6.0,20.0,49.0,83.0,128.0,119.0,163.0,163.0,192.0,178.0,161.0,163.0,153.0,109.0,64.0,49.0,31.0,27.0,26.0
2014-10-05,19.0,10.0,8.0,0.0,5.0,10.0,14.0,35.0,90.0,117.0,146.0,168.0,214.0,201.0,206.0,228.0,245.0,172.0,110.0,59.0,43.0,27.0,24.0,11.0
2014-10-06,9.0,5.0,0.0,7.0,10.0,37.0,134.0,400.0,593.0,267.0,105.0,94.0,78.0,80.0,103.0,170.0,361.0,733.0,427.0,202.0,93.0,96.0,36.0,34.0
2014-10-07,15.0,7.0,4.0,3.0,7.0,44.0,136.0,416.0,580.0,237.0,110.0,84.0,80.0,73.0,99.0,142.0,289.0,639.0,462.0,229.0,80.0,65.0,36.0,27.0
2014-10-08,8.0,5.0,10.0,4.0,12.0,33.0,139.0,386.0,584.0,247.0,82.0,61.0,68.0,77.0,111.0,147.0,307.0,626.0,490.0,167.0,87.0,71.0,38.0,20.0
2014-10-09,15.0,8.0,3.0,0.0,11.0,39.0,126.0,377.0,526.0,256.0,90.0,86.0,82.0,91.0,75.0,142.0,277.0,576.0,470.0,169.0,107.0,58.0,52.0,27.0
2014-10-10,32.0,7.0,11.0,4.0,6.0,30.0,91.0,278.0,441.0,196.0,88.0,74.0,59.0,76.0,89.0,134.0,265.0,466.0,294.0,129.0,59.0,40.0,53.0,35.0
2014-10-11,14.0,15.0,7.0,3.0,5.0,12.0,18.0,26.0,81.0,91.0,68.0,84.0,78.0,62.0,82.0,99.0,92.0,102.0,58.0,41.0,26.0,30.0,20.0,17.0
2014-10-12,22.0,5.0,11.0,4.0,7.0,3.0,8.0,22.0,67.0,137.0,134.0,140.0,152.0,132.0,136.0,134.0,127.0,117.0,71.0,44.0,30.0,14.0,26.0,16.0
2014-10-13,13.0,3.0,4.0,4.0,9.0,37.0,115.0,327.0,498.0,255.0,108.0,82.0,91.0,81.0,117.0,126.0,303.0,536.0,364.0,135.0,69.0,39.0,26.0,13.0
2014-10-14,6.0,3.0,2.0,2.0,6.0,26.0,114.0,313.0,482.0,235.0,87.0,67.0,63.0,78.0,80.0,130.0,231.0,521.0,414.0,159.0,61.0,65.0,30.0,22.0
2014-10-15,9.0,8.0,5.0,4.0,8.0,34.0,97.0,295.0,336.0,165.0,76.0,52.0,33.0,43.0,58.0,81.0,200.0,426.0,319.0,130.0,63.0,60.0,35.0,18.0
2014-10-16,14.0,4.0,3.0,1.0,7.0,32.0,123.0,312.0,510.0,279.0,99.0,69.0,65.0,71.0,113.0,183.0,299.0,585.0,463.0,171.0,92.0,72.0,40.0,22.0
2014-10-17,18.0,10.0,4.0,1.0,9.0,24.0,86.0,194.0,353.0,186.0,79.0,61.0,36.0,52.0,50.0,62.0,187.0,338.0,258.0,88.0,41.0,30.0,23.0,19.0
2014-10-18,8.0,12.0,5.0,2.0,0.0,6.0,19.0,31.0,53.0,103.0,68.0,89.0,96.0,132.0,108.0,116.0,120.0,108.0,95.0,78.0,35.0,39.0,33.0,22.0
2014-10-19,32.0,9.0,19.0,5.0,3.0,0.0,21.0,22.0,67.0,112.0,120.0,156.0,204.0,219.0,291.0,266.0,222.0,222.0,114.0,43.0,38.0,27.0,20.0,16.0
2014-10-20,13.0,8.0,5.0,2.0,5.0,29.0,109.0,286.0,413.0,223.0,83.0,45.0,37.0,48.0,84.0,106.0,235.0,460.0,374.0,129.0,82.0,50.0,22.0,10.0
2014-10-21,7.0,7.0,1.0,2.0,8.0,28.0,123.0,255.0,467.0,252.0,81.0,66.0,59.0,70.0,72.0,119.0,221.0,482.0,353.0,124.0,74.0,50.0,22.0,21.0
2014-10-22,10.0,8.0,4.0,2.0,5.0,26.0,71.0,199.0,367.0,214.0,48.0,47.0,21.0,33.0,41.0,50.0,119.0,332.0,260.0,113.0,48.0,36.0,19.0,14.0
2014-10-23,9.0,3.0,5.0,4.0,13.0,23.0,106.0,209.0,338.0,188.0,60.0,63.0,58.0,54.0,52.0,99.0,116.0,384.0,300.0,115.0,83.0,50.0,29.0,20.0
2014-10-24,26.0,7.0,5.0,4.0,9.0,23.0,91.0,246.0,413.0,241.0,103.0,62.0,73.0,70.0,81.0,133.0,234.0,421.0,302.0,110.0,53.0,32.0,18.0,21.0
2014-10-25,19.0,7.0,14.0,7.0,3.0,5.0,10.0,15.0,49.0,41.0,78.0,78.0,68.0,60.0,43.0,57.0,50.0,42.0,40.0,11.0,5.0,11.0,9.0,18.0
2014-10-26,8.0,3.0,5.0,1.0,4.0,5.0,10.0,15.0,35.0,71.0,79.0,64.0,56.0,80.0,77.0,61.0,88.0,76.0,65.0,45.0,20.0,23.0,13.0,12.0
2014-10-27,6.0,2.0,5.0,5.0,8.0,45.0,117.0,307.0,470.0,301.0,76.0,69.0,74.0,93.0,94.0,144.0,256.0,512.0,430.0,152.0,71.0,51.0,26.0,16.0
2014-10-28,9.0,2.0,1.0,0.0,4.0,24.0,96.0,236.0,353.0,197.0,46.0,21.0,34.0,43.0,57.0,82.0,146.0,383.0,294.0,107.0,59.0,31.0,26.0,10.0
2014-10-29,7.0,4.0,1.0,1.0,5.0,31.0,91.0,309.0,472.0,281.0,106.0,76.0,73.0,87.0,118.0,140.0,287.0,562.0,388.0,138.0,79.0,70.0,47.0,23.0
2014-10-30,8.0,7.0,6.0,2.0,6.0,27.0,95.0,262.0,400.0,226.0,67.0,64.0,38.0,37.0,46.0,74.0,160.0,356.0,277.0,102.0,59.0,31.0,23.0,19.0
2014-10-31,9.0,2.0,3.0,3.0,4.0,29.0,75.0,180.0,269.0,136.0,52.0,36.0,33.0,41.0,52.0,120.0,215.0,328.0,181.0,65.0,31.0,32.0,24.0,18.0
2014-11-01,13.0,13.0,11.0,6.0,4.0,5.0,14.0,19.0,47.0,78.0,113.0,87.0,90.0,126.0,139.0,126.0,104.0,90.0,73.0,36.0,34.0,25.0,23.0,18.0
2014-11-02,13.0,14.0,2.0,0.0,6.0,4.0,15.0,31.0,60.0,95.0,106.0,136.0,143.0,121.0,69.0,40.0,49.0,50.0,38.0,18.0,22.0,8.0,18.0,14.0
2014-11-03,2.0,6.0,2.0,0.0,8.0,36.0,117.0,328.0,409.0,160.0,63.0,42.0,47.0,43.0,64.0,78.0,156.0,426.0,292.0,115.0,51.0,26.0,20.0,12.0
2014-11-04,7.0,4.0,1.0,4.0,10.0,32.0,94.0,294.0,444.0,208.0,66.0,53.0,66.0,60.0,57.0,92.0,189.0,450.0,328.0,160.0,61.0,53.0,32.0,25.0
2014-11-05,4.0,2.0,3.0,9.0,2.0,32.0,128.0,319.0,396.0,211.0,85.0,69.0,65.0,67.0,69.0,101.0,196.0,404.0,317.0,144.0,70.0,34.0,26.0,19.0
2014-11-06,12.0,6.0,3.0,4.0,5.0,31.0,87.0,261.0,276.0,161.0,80.0,54.0,55.0,49.0,55.0,97.0,162.0,346.0,235.0,136.0,49.0,36.0,21.0,27.0
2014-11-07,13.0,5.0,4.0,3.0,6.0,32.0,93.0,278.0,381.0,247.0,149.0,90.0,96.0,124.0,146.0,135.0,273.0,460.0,278.0,118.0,60.0,33.0,28.0,26.0
2014-11-08,14.0,8.0,6.0,7.0,3.0,6.0,13.0,41.0,81.0,110.0,126.0,174.0,183.0,238.0,247.0,153.0,129.0,95.0,57.0,35.0,48.0,25.0,28.0,27.0
2014-11-09,22.0,6.0,6.0,4.0,3.0,6.0,10.0,12.0,29.0,55.0,60.0,64.0,73.0,77.0,72.0,57.0,51.0,42.0,32.0,25.0,15.0,9.0,11.0,11.0
2014-11-10,7.0,4.0,5.0,3.0,6.0,32.0,108.0,320.0,477.0,250.0,126.0,95.0,80.0,112.0,111.0,122.0,275.0,482.0,328.0,130.0,62.0,53.0,49.0,17.0
2014-11-11,16.0,5.0,10.0,3.0,5.0,22.0,87.0,266.0,354.0,209.0,114.0,93.0,120.0,92.0,130.0,117.0,217.0,370.0,296.0,121.0,60.0,42.0,28.0,14.0
2014-11-12,7.0,6.0,3.0,2.0,7.0,24.0,91.0,250.0,403.0,224.0,104.0,66.0,68.0,71.0,95.0,96.0,204.0,397.0,327.0,136.0,70.0,43.0,29.0,19.0
2014-11-13,8.0,3.0,3.0,3.0,6.0,30.0,82.0,267.0,388.0,223.0,108.0,53.0,64.0,64.0,94.0,104.0,198.0,357.0,268.0,143.0,57.0,47.0,26.0,20.0
2014-11-14,12.0,5.0,3.0,3.0,5.0,27.0,80.0,202.0,319.0,204.0,93.0,27.0,27.0,33.0,51.0,100.0,200.0,351.0,221.0,83.0,49.0,30.0,27.0,25.0
2014-11-15,10.0,9.0,9.0,1.0,1.0,2.0,19.0,15.0,49.0,57.0,79.0,71.0,96.0,119.0,115.0,114.0,112.0,69.0,59.0,18.0,14.0,14.0,15.0,16.0
2014-11-16,11.0,3.0,3.0,0.0,4.0,1.0,8.0,11.0,28.0,67.0,52.0,71.0,97.0,150.0,116.0,127.0,94.0,57.0,44.0,14.0,18.0,8.0,11.0,9.0
2014-11-17,6.0,3.0,1.0,2.0,6.0,29.0,89.0,274.0,423.0,206.0,85.0,50.0,60.0,66.0,70.0,93.0,211.0,430.0,333.0,130.0,53.0,34.0,31.0,13.0
2014-11-18,4.0,2.0,4.0,1.0,7.0,26.0,95.0,294.0,419.0,211.0,82.0,57.0,56.0,63.0,66.0,120.0,218.0,422.0,368.0,151.0,64.0,54.0,26.0,23.0
2014-11-19,5.0,5.0,2.0,1.0,5.0,33.0,83.0,292.0,432.0,229.0,82.0,52.0,49.0,56.0,86.0,99.0,201.0,429.0,348.0,155.0,82.0,64.0,29.0,16.0
2014-11-20,15.0,2.0,2.0,1.0,4.0,24.0,102.0,253.0,415.0,238.0,101.0,54.0,47.0,48.0,71.0,111.0,179.0,386.0,295.0,145.0,125.0,44.0,37.0,26.0
2014-11-21,10.0,0.0,8.0,2.0,7.0,26.0,78.0,196.0,267.0,166.0,66.0,35.0,28.0,33.0,35.0,39.0,128.0,273.0,181.0,76.0,34.0,32.0,25.0,13.0
2014-11-22,7.0,8.0,5.0,2.0,2.0,7.0,11.0,18.0,44.0,64.0,85.0,94.0,76.0,84.0,97.0,116.0,97.0,62.0,60.0,34.0,23.0,21.0,21.0,16.0
2014-11-23,12.0,6.0,8.0,3.0,3.0,3.0,6.0,8.0,20.0,39.0,31.0,60.0,63.0,80.0,95.0,96.0,81.0,58.0,35.0,26.0,23.0,10.0,12.0,9.0
2014-11-24,2.0,2.0,2.0,2.0,8.0,26.0,95.0,260.0,407.0,173.0,73.0,49.0,39.0,47.0,49.0,78.0,177.0,390.0,287.0,117.0,56.0,40.0,26.0,13.0
2014-11-25,8.0,1.0,5.0,2.0,8.0,22.0,74.0,195.0,290.0,153.0,69.0,34.0,30.0,47.0,60.0,57.0,145.0,283.0,239.0,116.0,50.0,27.0,19.0,17.0
2014-11-26,10.0,3.0,0.0,1.0,2.0,25.0,57.0,179.0,292.0,193.0,91.0,65.0,87.0,120.0,117.0,184.0,230.0,245.0,160.0,59.0,58.0,25.0,15.0,21.0
2014-11-27,10.0,3.0,2.0,2.0,1.0,2.0,14.0,9.0,30.0,40.0,48.0,73.0,61.0,59.0,23.0,30.0,17.0,11.0,4.0,5.0,13.0,19.0,9.0,15.0
2014-11-28,8.0,0.0,2.0,5.0,13.0,8.0,13.0,17.0,26.0,19.0,12.0,9.0,15.0,19.0,25.0,16.0,25.0,20.0,15.0,17.0,14.0,6.0,9.0,11.0
2014-11-29,5.0,2.0,4.0,1.0,1.0,5.0,7.0,8.0,19.0,33.0,20.0,18.0,26.0,29.0,29.0,26.0,24.0,23.0,14.0,14.0,16.0,8.0,9.0,4.0
2014-11-30,6.0,1.0,4.0,1.0,2.0,3.0,3.0,5.0,24.0,27.0,28.0,28.0,38.0,54.0,61.0,40.0,52.0,35.0,24.0,10.0,11.0,16.0,13.0,7.0
2014-12-01,5.0,0.0,3.0,2.0,1.0,24.0,53.0,176.0,287.0,160.0,60.0,47.0,36.0,39.0,52.0,64.0,110.0,278.0,217.0,90.0,49.0,25.0,15.0,16.0
2014-12-02,4.0,5.0,1.0,6.0,2.0,26.0,83.0,207.0,340.0,162.0,63.0,29.0,58.0,45.0,58.0,80.0,163.0,304.0,262.0,113.0,58.0,39.0,19.0,12.0
2014-12-03,4.0,3.0,2.0,3.0,3.0,23.0,61.0,223.0,346.0,209.0,70.0,46.0,54.0,37.0,69.0,81.0,147.0,349.0,280.0,123.0,68.0,49.0,25.0,19.0
2014-12-04,10.0,3.0,3.0,3.0,3.0,23.0,80.0,212.0,339.0,192.0,63.0,35.0,33.0,44.0,51.0,72.0,137.0,300.0,239.0,120.0,60.0,44.0,19.0,11.0
2014-12-05,8.0,2.0,1.0,4.0,3.0,21.0,70.0,163.0,280.0,177.0,61.0,54.0,40.0,49.0,53.0,77.0,152.0,274.0,210.0,104.0,41.0,28.0,39.0,17.0
2014-12-06,17.0,11.0,8.0,0.0,4.0,6.0,13.0,22.0,44.0,75.0,63.0,58.0,77.0,73.0,81.0,86.0,71.0,56.0,34.0,24.0,27.0,16.0,14.0,22.0
2014-12-07,8.0,9.0,6.0,6.0,2.0,6.0,6.0,10.0,57.0,70.0,135.0,105.0,130.0,118.0,101.0,125.0,90.0,68.0,42.0,31.0,21.0,15.0,17.0,16.0
2014-12-08,4.0,2.0,3.0,2.0,2.0,33.0,102.0,285.0,390.0,193.0,65.0,56.0,44.0,49.0,66.0,78.0,161.0,380.0,303.0,86.0,43.0,19.0,16.0,7.0
2014-12-09,3.0,3.0,2.0,5.0,1.0,28.0,85.0,227.0,327.0,120.0,48.0,43.0,28.0,35.0,51.0,88.0,182.0,327.0,280.0,113.0,58.0,33.0,21.0,11.0
2014-12-10,5.0,5.0,3.0,2.0,2.0,15.0,80.0,199.0,298.0,155.0,75.0,34.0,37.0,37.0,31.0,59.0,136.0,297.0,241.0,100.0,67.0,40.0,18.0,21.0
2014-12-11,7.0,3.0,4.0,1.0,4.0,21.0,64.0,141.0,194.0,110.0,55.0,33.0,18.0,35.0,42.0,76.0,146.0,263.0,208.0,92.0,29.0,38.0,22.0,15.0
2014-12-12,4.0,3.0,3.0,2.0,4.0,18.0,74.0,189.0,319.0,155.0,66.0,75.0,60.0,74.0,91.0,117.0,200.0,365.0,223.0,94.0,71.0,41.0,27.0,26.0
2014-12-13,13.0,5.0,9.0,6.0,2.0,6.0,16.0,24.0,50.0,60.0,85.0,108.0,110.0,104.0,146.0,165.0,97.0,45.0,43.0,22.0,20.0,28.0,16.0,23.0
2014-12-14,16.0,13.0,6.0,3.0,3.0,3.0,10.0,11.0,47.0,83.0,92.0,109.0,125.0,158.0,134.0,108.0,107.0,60.0,43.0,37.0,24.0,20.0,11.0,9.0
2014-12-15,4.0,2.0,1.0,4.0,2.0,35.0,99.0,177.0,242.0,155.0,53.0,56.0,44.0,56.0,61.0,119.0,200.0,392.0,310.0,125.0,59.0,49.0,23.0,15.0
2014-12-16,10.0,4.0,3.0,7.0,4.0,24.0,93.0,235.0,319.0,170.0,64.0,63.0,62.0,50.0,67.0,111.0,183.0,365.0,329.0,127.0,62.0,30.0,23.0,19.0
2014-12-17,7.0,5.0,3.0,3.0,5.0,23.0,71.0,168.0,246.0,135.0,59.0,38.0,33.0,36.0,51.0,80.0,146.0,319.0,289.0,122.0,61.0,32.0,22.0,25.0
2014-12-18,9.0,4.0,3.0,2.0,4.0,23.0,78.0,176.0,308.0,143.0,76.0,39.0,41.0,50.0,44.0,66.0,137.0,288.0,238.0,101.0,49.0,34.0,17.0,11.0
2014-12-19,7.0,3.0,1.0,1.0,4.0,14.0,66.0,139.0,223.0,190.0,70.0,69.0,70.0,74.0,66.0,89.0,178.0,238.0,167.0,84.0,48.0,32.0,21.0,16.0
2014-12-20,14.0,12.0,6.0,2.0,1.0,6.0,12.0,12.0,29.0,14.0,31.0,21.0,29.0,31.0,31.0,25.0,37.0,21.0,25.0,9.0,17.0,6.0,7.0,6.0
2014-12-21,14.0,8.0,12.0,5.0,4.0,4.0,9.0,15.0,29.0,50.0,58.0,78.0,79.0,93.0,71.0,95.0,54.0,52.0,31.0,16.0,11.0,16.0,25.0,15.0
2014-12-22,8.0,1.0,3.0,3.0,3.0,29.0,76.0,204.0,299.0,163.0,81.0,86.0,49.0,69.0,104.0,113.0,182.0,346.0,219.0,100.0,39.0,35.0,28.0,16.0
2014-12-23,13.0,8.0,5.0,2.0,4.0,19.0,53.0,147.0,193.0,117.0,72.0,46.0,63.0,66.0,53.0,69.0,109.0,167.0,106.0,31.0,24.0,8.0,12.0,13.0
2014-12-24,5.0,6.0,1.0,4.0,2.0,6.0,27.0,61.0,77.0,62.0,44.0,50.0,59.0,63.0,70.0,105.0,72.0,45.0,16.0,12.0,8.0,6.0,7.0,5.0
2014-12-25,1.0,3.0,1.0,0.0,1.0,3.0,4.0,4.0,7.0,20.0,31.0,27.0,34.0,77.0,74.0,64.0,26.0,12.0,13.0,18.0,8.0,5.0,11.0,7.0
2014-12-26,6.0,4.0,1.0,1.0,1.0,11.0,21.0,50.0,52.0,76.0,51.0,48.0,73.0,88.0,105.0,112.0,102.0,73.0,49.0,25.0,8.0,17.0,15.0,10.0
2014-12-27,7.0,5.0,2.0,1.0,0.0,5.0,19.0,7.0,29.0,22.0,40.0,32.0,74.0,52.0,52.0,35.0,31.0,40.0,21.0,15.0,16.0,18.0,9.0,11.0
2014-12-28,6.0,3.0,0.0,1.0,2.0,6.0,5.0,9.0,26.0,56.0,75.0,77.0,73.0,70.0,43.0,39.0,36.0,35.0,24.0,17.0,11.0,11.0,12.0,7.0
2014-12-29,4.0,0.0,1.0,1.0,7.0,20.0,54.0,144.0,205.0,137.0,57.0,48.0,57.0,64.0,63.0,97.0,134.0,263.0,160.0,47.0,38.0,16.0,14.0,10.0
2014-12-30,8.0,4.0,1.0,3.0,2.0,11.0,46.0,114.0,194.0,120.0,60.0,43.0,39.0,66.0,80.0,76.0,122.0,230.0,155.0,62.0,24.0,21.0,14.0,5.0
2014-12-31,8.0,2.0,3.0,0.0,4.0,16.0,36.0,81.0,149.0,113.0,46.0,48.0,58.0,91.0,102.0,141.0,133.0,122.0,61.0,38.0,20.0,17.0,19.0,23.0
2015-01-01,13.0,27.0,19.0,6.0,5.0,9.0,4.0,4.0,8.0,23.0,30.0,46.0,58.0,88.0,119.0,72.0,78.0,29.0,21.0,19.0,13.0,12.0,5.0,3.0
2015-01-02,4.0,3.0,0.0,3.0,2.0,17.0,36.0,96.0,135.0,120.0,67.0,50.0,58.0,56.0,51.0,75.0,130.0,136.0,76.0,38.0,24.0,18.0,11.0,8.0
2015-01-03,9.0,8.0,1.0,4.0,4.0,8.0,12.0,14.0,36.0,33.0,43.0,65.0,71.0,110.0,91.0,81.0,80.0,42.0,38.0,19.0,10.0,17.0,12.0,9.0
2015-01-04,6.0,8.0,4.0,2.0,1.0,3.0,4.0,9.0,18.0,18.0,28.0,20.0,33.0,31.0,27.0,33.0,28.0,15.0,25.0,8.0,6.0,3.0,8.0,1.0
2015-01-05,2.0,0.0,0.0,7.0,4.0,29.0,82.0,179.0,257.0,146.0,51.0,27.0,28.0,36.0,33.0,61.0,138.0,320.0,250.0,90.0,44.0,18.0,11.0,10.0
2015-01-06,2.0,5.0,1.0,7.0,5.0,34.0,102.0,245.0,368.0,207.0,106.0,44.0,64.0,49.0,62.0,127.0,228.0,420.0,354.0,152.0,64.0,43.0,27.0,9.0
2015-01-07,9.0,5.0,6.0,3.0,4.0,26.0,106.0,241.0,376.0,254.0,73.0,52.0,61.0,60.0,73.0,102.0,188.0,481.0,374.0,153.0,74.0,56.0,30.0,18.0
2015-01-08,5.0,3.0,2.0,4.0,7.0,32.0,112.0,192.0,341.0,179.0,73.0,44.0,63.0,75.0,75.0,128.0,182.0,402.0,320.0,165.0,67.0,56.0,41.0,42.0
2015-01-09,27.0,16.0,1.0,2.0,9.0,23.0,87.0,218.0,345.0,224.0,93.0,47.0,59.0,56.0,83.0,101.0,223.0,373.0,264.0,106.0,46.0,38.0,35.0,14.0
2015-01-10,4.0,3.0,5.0,0.0,0.0,8.0,16.0,12.0,51.0,52.0,51.0,53.0,82.0,60.0,76.0,45.0,63.0,44.0,30.0,28.0,28.0,29.0,18.0,13.0
2015-01-11,1.0,3.0,4.0,5.0,2.0,3.0,7.0,14.0,31.0,54.0,51.0,63.0,82.0,85.0,92.0,85.0,72.0,50.0,37.0,24.0,18.0,11.0,10.0,6.0
2015-01-12,6.0,1.0,1.0,7.0,2.0,32.0,105.0,234.0,367.0,193.0,76.0,51.0,52.0,70.0,82.0,114.0,224.0,423.0,336.0,134.0,58.0,56.0,25.0,21.0
2015-01-13,5.0,7.0,3.0,6.0,2.0,35.0,119.0,230.0,374.0,197.0,89.0,64.0,71.0,55.0,80.0,121.0,219.0,427.0,356.0,164.0,65.0,50.0,16.0,11.0
2015-01-14,7.0,5.0,2.0,5.0,8.0,32.0,101.0,222.0,326.0,167.0,79.0,50.0,53.0,67.0,81.0,127.0,211.0,447.0,307.0,149.0,78.0,59.0,21.0,19.0
2015-01-15,7.0,2.0,2.0,3.0,5.0,21.0,86.0,163.0,284.0,132.0,64.0,46.0,41.0,39.0,34.0,66.0,144.0,313.0,238.0,98.0,50.0,38.0,15.0,7.0
2015-01-16,5.0,4.0,3.0,2.0,4.0,19.0,74.0,141.0,230.0,161.0,61.0,57.0,56.0,76.0,88.0,136.0,219.0,335.0,239.0,101.0,56.0,32.0,25.0,18.0
2015-01-17,17.0,9.0,6.0,3.0,3.0,3.0,14.0,12.0,34.0,49.0,45.0,55.0,52.0,57.0,45.0,44.0,43.0,35.0,20.0,12.0,8.0,14.0,5.0,7.0
2015-01-18,9.0,3.0,7.0,1.0,2.0,5.0,5.0,11.0,24.0,31.0,26.0,40.0,39.0,28.0,30.0,23.0,47.0,53.0,22.0,24.0,13.0,14.0,6.0,8.0
2015-01-19,6.0,2.0,2.0,4.0,3.0,22.0,58.0,118.0,220.0,170.0,81.0,93.0,75.0,89.0,111.0,142.0,168.0,246.0,187.0,83.0,51.0,26.0,11.0,14.0
2015-01-20,11.0,2.0,3.0,2.0,6.0,37.0,99.0,254.0,387.0,249.0,99.0,66.0,76.0,89.0,103.0,137.0,223.0,444.0,367.0,146.0,50.0,39.0,21.0,17.0
2015-01-21,14.0,1.0,3.0,2.0,5.0,29.0,106.0,205.0,336.0,191.0,72.0,43.0,56.0,61.0,82.0,92.0,224.0,377.0,360.0,140.0,59.0,53.0,30.0,11.0
2015-01-22,12.0,1.0,3.0,3.0,5.0,23.0,94.0,189.0,301.0,149.0,60.0,37.0,45.0,38.0,71.0,76.0,165.0,338.0,290.0,125.0,56.0,39.0,44.0,19.0
2015-01-23,14.0,7.0,1.0,3.0,6.0,33.0,75.0,142.0,226.0,151.0,62.0,29.0,36.0,35.0,57.0,72.0,137.0,310.0,199.0,85.0,36.0,20.0,24.0,17.0
2015-01-24,14.0,5.0,4.0,3.0,2.0,6.0,16.0,16.0,51.0,44.0,74.0,88.0,108.0,106.0,112.0,112.0,115.0,79.0,57.0,47.0,26.0,27.0,30.0,21.0
2015-01-25,22.0,11.0,2.0,0.0,5.0,5.0,6.0,15.0,70.0,67.0,127.0,177.0,219.0,272.0,333.0,268.0,217.0,172.0,60.0,34.0,23.0,17.0,17.0,16.0
2015-01-26,10.0,0.0,3.0,4.0,8.0,35.0,114.0,239.0,394.0,230.0,95.0,69.0,59.0,92.0,93.0,176.0,293.0,515.0,378.0,163.0,80.0,57.0,35.0,17.0
2015-01-27,7.0,4.0,5.0,1.0,6.0,35.0,112.0,239.0,361.0,202.0,62.0,40.0,54.0,39.0,74.0,106.0,208.0,403.0,322.0,134.0,68.0,38.0,22.0,21.0
2015-01-28,10.0,5.0,3.0,1.0,3.0,28.0,94.0,268.0,417.0,246.0,95.0,62.0,65.0,80.0,104.0,107.0,219.0,504.0,335.0,144.0,72.0,51.0,32.0,18.0
2015-01-29,6.0,5.0,3.0,1.0,5.0,36.0,90.0,263.0,442.0,251.0,100.0,76.0,62.0,98.0,102.0,127.0,251.0,468.0,351.0,138.0,72.0,52.0,29.0,33.0
2015-01-30,11.0,10.0,10.0,3.0,4.0,26.0,86.0,238.0,339.0,217.0,90.0,66.0,80.0,83.0,112.0,155.0,245.0,342.0,287.0,87.0,47.0,30.0,22.0,22.0
2015-01-31,17.0,3.0,4.0,2.0,3.0,2.0,15.0,19.0,47.0,84.0,72.0,81.0,113.0,148.0,135.0,126.0,137.0,81.0,46.0,18.0,25.0,21.0,20.0,17.0
2015-02-01,18.0,6.0,1.0,0.0,3.0,2.0,5.0,22.0,32.0,70.0,64.0,66.0,89.0,56.0,73.0,47.0,23.0,16.0,14.0,33.0,37.0,16.0,11.0,4.0
2015-02-02,5.0,2.0,4.0,1.0,5.0,30.0,95.0,185.0,257.0,121.0,77.0,26.0,24.0,50.0,52.0,82.0,167.0,296.0,241.0,90.0,44.0,26.0,11.0,13.0
2015-02-03,6.0,6.0,3.0,4.0,3.0,34.0,103.0,194.0,312.0,161.0,58.0,55.0,48.0,37.0,44.0,75.0,172.0,366.0,362.0,125.0,69.0,50.0,25.0,22.0
2015-02-04,7.0,6.0,0.0,1.0,6.0,38.0,94.0,195.0,280.0,179.0,60.0,41.0,54.0,57.0,63.0,92.0,164.0,393.0,265.0,112.0,69.0,42.0,17.0,16.0
2015-02-05,4.0,5.0,1.0,3.0,4.0,22.0,63.0,135.0,223.0,145.0,39.0,35.0,38.0,27.0,43.0,55.0,130.0,253.0,219.0,112.0,55.0,39.0,18.0,26.0
2015-02-06,5.0,1.0,1.0,3.0,5.0,21.0,62.0,111.0,212.0,121.0,52.0,29.0,15.0,38.0,49.0,54.0,134.0,298.0,205.0,84.0,31.0,33.0,22.0,25.0
2015-02-07,13.0,8.0,7.0,5.0,1.0,10.0,16.0,18.0,28.0,26.0,32.0,53.0,48.0,39.0,80.0,62.0,42.0,32.0,40.0,19.0,16.0,11.0,7.0,16.0
2015-02-08,2.0,3.0,3.0,2.0,3.0,3.0,12.0,14.0,59.0,105.0,136.0,158.0,181.0,180.0,182.0,143.0,120.0,89.0,36.0,33.0,25.0,15.0,9.0,9.0
2015-02-09,1.0,4.0,1.0,2.0,11.0,30.0,102.0,209.0,233.0,129.0,55.0,38.0,28.0,28.0,52.0,94.0,182.0,382.0,298.0,103.0,62.0,27.0,17.0,16.0
2015-02-10,7.0,6.0,2.0,2.0,5.0,35.0,97.0,190.0,319.0,138.0,66.0,55.0,45.0,77.0,89.0,103.0,221.0,395.0,332.0,161.0,71.0,51.0,21.0,28.0
2015-02-11,12.0,2.0,3.0,2.0,4.0,28.0,114.0,216.0,363.0,172.0,79.0,66.0,64.0,66.0,73.0,102.0,225.0,508.0,350.0,166.0,84.0,51.0,36.0,22.0
2015-02-12,10.0,2.0,6.0,4.0,7.0,27.0,85.0,198.0,343.0,237.0,76.0,71.0,44.0,60.0,65.0,129.0,221.0,427.0,316.0,175.0,84.0,44.0,41.0,25.0
2015-02-13,11.0,3.0,1.0,4.0,4.0,23.0,85.0,183.0,284.0,180.0,80.0,65.0,60.0,67.0,77.0,167.0,225.0,400.0,275.0,118.0,51.0,43.0,26.0,27.0
2015-02-14,15.0,12.0,5.0,9.0,5.0,9.0,14.0,18.0,59.0,75.0,96.0,110.0,100.0,149.0,163.0,171.0,150.0,124.0,64.0,40.0,29.0,18.0,18.0,12.0
2015-02-15,14.0,5.0,8.0,3.0,1.0,1.0,10.0,13.0,59.0,85.0,115.0,152.0,210.0,201.0,257.0,231.0,181.0,123.0,65.0,34.0,33.0,9.0,13.0,13.0
2015-02-16,11.0,5.0,3.0,1.0,5.0,22.0,50.0,105.0,190.0,161.0,116.0,113.0,92.0,166.0,185.0,148.0,204.0,254.0,208.0,71.0,41.0,32.0,16.0,12.0
2015-02-17,9.0,1.0,4.0,0.0,8.0,31.0,86.0,195.0,340.0,187.0,91.0,72.0,77.0,95.0,110.0,154.0,278.0,452.0,398.0,151.0,67.0,50.0,31.0,32.0
2015-02-18,6.0,5.0,2.0,1.0,5.0,33.0,115.0,211.0,336.0,176.0,84.0,58.0,47.0,154.0,119.0,108.0,221.0,500.0,374.0,159.0,79.0,59.0,58.0,17.0
2015-02-19,4.0,3.0,6.0,3.0,9.0,25.0,97.0,175.0,290.0,159.0,81.0,49.0,29.0,32.0,46.0,77.0,166.0,375.0,306.0,129.0,63.0,45.0,35.0,17.0
2015-02-20,14.0,8.0,1.0,0.0,5.0,19.0,81.0,128.0,199.0,141.0,70.0,39.0,47.0,60.0,70.0,111.0,183.0,375.0,241.0,102.0,43.0,24.0,28.0,28.0
2015-02-21,20.0,10.0,6.0,3.0,2.0,4.0,22.0,21.0,66.0,70.0,108.0,133.0,152.0,168.0,176.0,197.0,160.0,121.0,86.0,44.0,36.0,19.0,14.0,13.0
2015-02-22,15.0,3.0,6.0,0.0,4.0,2.0,25.0,83.0,95.0,97.0,101.0,160.0,195.0,167.0,212.0,197.0,152.0,134.0,93.0,29.0,19.0,14.0,10.0,7.0
2015-02-23,3.0,3.0,2.0,3.0,7.0,32.0,98.0,226.0,348.0,194.0,80.0,72.0,55.0,66.0,79.0,135.0,262.0,512.0,362.0,173.0,83.0,41.0,26.0,19.0
2015-02-24,8.0,5.0,6.0,3.0,4.0,35.0,105.0,245.0,418.0,188.0,75.0,74.0,79.0,90.0,105.0,131.0,261.0,538.0,361.0,153.0,73.0,54.0,33.0,22.0
2015-02-25,11.0,4.0,4.0,0.0,7.0,34.0,108.0,190.0,349.0,193.0,65.0,48.0,43.0,40.0,47.0,96.0,167.0,392.0,316.0,119.0,70.0,52.0,23.0,18.0
2015-02-26,7.0,3.0,1.0,3.0,7.0,21.0,83.0,198.0,285.0,171.0,69.0,42.0,50.0,48.0,58.0,76.0,172.0,359.0,314.0,135.0,64.0,46.0,29.0,15.0
2015-02-27,5.0,2.0,2.0,1.0,3.0,23.0,83.0,103.0,167.0,116.0,65.0,28.0,36.0,32.0,65.0,76.0,166.0,300.0,233.0,99.0,39.0,50.0,25.0,19.0
2015-02-28,23.0,12.0,3.0,3.0,1.0,4.0,20.0,37.0,74.0,111.0,135.0,167.0,182.0,215.0,235.0,215.0,187.0,136.0,96.0,50.0,44.0,19.0,24.0,25.0
2015-03-01,37.0,4.0,9.0,2.0,1.0,1.0,12.0,13.0,62.0,133.0,164.0,188.0,189.0,205.0,162.0,172.0,151.0,114.0,56.0,36.0,19.0,17.0,15.0,10.0
2015-03-02,7.0,4.0,3.0,4.0,4.0,39.0,121.0,140.0,233.0,152.0,91.0,56.0,43.0,58.0,68.0,119.0,235.0,498.0,386.0,155.0,72.0,42.0,23.0,21.0
2015-03-03,12.0,7.0,6.0,2.0,4.0,41.0,99.0,238.0,372.0,196.0,86.0,66.0,61.0,72.0,99.0,122.0,240.0,519.0,380.0,164.0,68.0,46.0,27.0,18.0
2015-03-04,12.0,3.0,5.0,4.0,3.0,34.0,99.0,194.0,335.0,201.0,77.0,61.0,54.0,59.0,114.0,123.0,239.0,479.0,396.0,144.0,84.0,54.0,35.0,20.0
2015-03-05,7.0,4.0,3.0,4.0,5.0,32.0,88.0,199.0,317.0,170.0,85.0,61.0,69.0,74.0,80.0,123.0,261.0,478.0,326.0,133.0,79.0,86.0,44.0,21.0
2015-03-06,18.0,4.0,5.0,7.0,5.0,22.0,106.0,158.0,305.0,170.0,80.0,63.0,72.0,165.0,95.0,176.0,272.0,482.0,304.0,119.0,78.0,37.0,31.0,28.0
2015-03-07,21.0,6.0,11.0,0.0,3.0,7.0,23.0,35.0,95.0,112.0,172.0,157.0,169.0,277.0,236.0,252.0,242.0,168.0,123.0,59.0,44.0,26.0,24.0,19.0
2015-03-08,22.0,3.0,,7.0,3.0,5.0,13.0,21.0,35.0,47.0,115.0,155.0,170.0,178.0,293.0,268.0,255.0,225.0,122.0,43.0,39.0,53.0,21.0,13.0
2015-03-09,5.0,5.0,3.0,5.0,4.0,35.0,109.0,136.0,234.0,174.0,82.0,65.0,61.0,87.0,81.0,137.0,257.0,498.0,478.0,183.0,97.0,54.0,20.0,23.0
2015-03-10,11.0,3.0,3.0,3.0,5.0,36.0,110.0,144.0,267.0,174.0,67.0,56.0,54.0,62.0,124.0,110.0,237.0,523.0,480.0,195.0,85.0,50.0,34.0,22.0
2015-03-11,5.0,4.0,2.0,4.0,5.0,35.0,82.0,143.0,213.0,131.0,59.0,45.0,38.0,38.0,48.0,83.0,166.0,379.0,300.0,134.0,57.0,43.0,19.0,17.0
2015-03-12,7.0,5.0,6.0,2.0,9.0,28.0,104.0,143.0,268.0,171.0,63.0,63.0,64.0,63.0,94.0,144.0,234.0,566.0,457.0,205.0,99.0,56.0,34.0,29.0
2015-03-13,14.0,8.0,5.0,4.0,8.0,35.0,98.0,181.0,306.0,183.0,102.0,70.0,63.0,84.0,123.0,180.0,282.0,498.0,377.0,157.0,72.0,52.0,37.0,30.0
2015-03-14,19.0,9.0,7.0,1.0,2.0,2.0,11.0,12.0,31.0,42.0,33.0,41.0,55.0,62.0,88.0,85.0,96.0,86.0,62.0,32.0,19.0,39.0,18.0,23.0
2015-03-15,7.0,6.0,6.0,3.0,0.0,4.0,7.0,6.0,18.0,19.0,12.0,14.0,17.0,13.0,11.0,16.0,17.0,18.0,13.0,12.0,7.0,2.0,5.0,6.0
2015-03-16,0.0,2.0,2.0,1.0,4.0,33.0,81.0,160.0,228.0,168.0,54.0,63.0,55.0,59.0,94.0,114.0,218.0,534.0,435.0,160.0,70.0,46.0,22.0,21.0
2015-03-17,10.0,6.0,2.0,3.0,8.0,33.0,77.0,154.0,218.0,102.0,69.0,34.0,54.0,57.0,81.0,118.0,216.0,420.0,355.0,129.0,60.0,46.0,28.0,19.0
2015-03-18,18.0,6.0,5.0,2.0,9.0,39.0,89.0,155.0,228.0,155.0,76.0,48.0,42.0,70.0,73.0,138.0,245.0,586.0,461.0,208.0,91.0,69.0,37.0,23.0
2015-03-19,16.0,6.0,6.0,4.0,9.0,32.0,104.0,209.0,310.0,178.0,101.0,76.0,53.0,61.0,76.0,128.0,197.0,470.0,341.0,162.0,74.0,46.0,24.0,27.0
2015-03-20,14.0,6.0,4.0,4.0,8.0,23.0,79.0,165.0,216.0,133.0,94.0,61.0,71.0,60.0,62.0,77.0,176.0,357.0,205.0,86.0,47.0,30.0,11.0,25.0
2015-03-21,7.0,7.0,2.0,4.0,4.0,4.0,16.0,25.0,43.0,66.0,77.0,94.0,93.0,109.0,114.0,144.0,116.0,149.0,113.0,70.0,52.0,20.0,22.0,28.0
2015-03-22,12.0,11.0,5.0,4.0,2.0,6.0,13.0,24.0,70.0,87.0,112.0,119.0,127.0,98.0,56.0,61.0,49.0,55.0,50.0,39.0,17.0,18.0,14.0,8.0
2015-03-23,9.0,1.0,2.0,1.0,5.0,32.0,95.0,129.0,260.0,156.0,56.0,35.0,32.0,45.0,46.0,65.0,154.0,363.0,318.0,108.0,60.0,19.0,23.0,15.0
2015-03-24,7.0,1.0,4.0,1.0,8.0,22.0,77.0,146.0,264.0,146.0,65.0,47.0,47.0,47.0,76.0,103.0,156.0,385.0,320.0,144.0,88.0,40.0,34.0,22.0
2015-03-25,12.0,5.0,2.0,1.0,5.0,25.0,80.0,148.0,259.0,161.0,54.0,35.0,32.0,40.0,36.0,68.0,152.0,344.0,295.0,125.0,74.0,39.0,34.0,14.0
2015-03-26,6.0,5.0,5.0,6.0,7.0,33.0,103.0,224.0,353.0,187.0,100.0,81.0,75.0,115.0,153.0,171.0,315.0,594.0,441.0,253.0,126.0,63.0,45.0,35.0
2015-03-27,17.0,6.0,8.0,3.0,4.0,37.0,91.0,185.0,308.0,193.0,91.0,87.0,77.0,71.0,142.0,180.0,320.0,490.0,364.0,172.0,84.0,39.0,28.0,18.0
2015-03-28,13.0,11.0,4.0,2.0,1.0,4.0,15.0,39.0,75.0,101.0,125.0,129.0,153.0,177.0,177.0,174.0,168.0,152.0,97.0,60.0,47.0,29.0,26.0,17.0
2015-03-29,2.0,2.0,6.0,3.0,5.0,2.0,8.0,18.0,52.0,87.0,97.0,116.0,136.0,118.0,135.0,113.0,138.0,101.0,112.0,50.0,53.0,18.0,25.0,11.0
2015-03-30,11.0,4.0,4.0,3.0,6.0,46.0,123.0,225.0,352.0,177.0,87.0,65.0,61.0,82.0,86.0,169.0,284.0,628.0,477.0,221.0,107.0,62.0,37.0,22.0
2015-03-31,9.0,3.0,5.0,4.0,4.0,36.0,94.0,128.0,250.0,130.0,38.0,40.0,38.0,35.0,97.0,100.0,159.0,322.0,304.0,114.0,59.0,25.0,12.0,16.0
2015-04-01,3.0,1.0,3.0,2.0,4.0,30.0,80.0,131.0,205.0,150.0,74.0,57.0,61.0,63.0,76.0,112.0,224.0,448.0,402.0,131.0,73.0,49.0,28.0,20.0
2015-04-02,6.0,5.0,1.0,4.0,5.0,32.0,98.0,179.0,302.0,191.0,73.0,49.0,54.0,62.0,79.0,114.0,256.0,477.0,411.0,190.0,111.0,68.0,31.0,30.0
2015-04-03,21.0,9.0,11.0,4.0,4.0,26.0,76.0,239.0,334.0,213.0,150.0,74.0,69.0,52.0,53.0,103.0,208.0,399.0,274.0,117.0,73.0,46.0,29.0,27.0
2015-04-04,13.0,2.0,7.0,2.0,4.0,9.0,20.0,36.0,79.0,103.0,110.0,135.0,212.0,190.0,164.0,172.0,175.0,180.0,150.0,70.0,67.0,41.0,28.0,18.0
2015-04-05,23.0,12.0,4.0,2.0,3.0,8.0,16.0,21.0,38.0,92.0,131.0,128.0,154.0,151.0,211.0,177.0,150.0,147.0,110.0,70.0,44.0,12.0,16.0,9.0
2015-04-06,14.0,2.0,4.0,3.0,6.0,41.0,108.0,203.0,342.0,171.0,67.0,49.0,57.0,82.0,73.0,117.0,253.0,584.0,388.0,188.0,88.0,55.0,35.0,25.0
2015-04-07,14.0,3.0,3.0,2.0,5.0,40.0,103.0,228.0,383.0,179.0,95.0,49.0,42.0,34.0,74.0,121.0,254.0,546.0,441.0,199.0,118.0,59.0,24.0,32.0
2015-04-08,12.0,7.0,2.0,4.0,5.0,35.0,123.0,219.0,367.0,210.0,97.0,60.0,79.0,83.0,92.0,135.0,246.0,580.0,505.0,197.0,127.0,73.0,55.0,38.0
2015-04-09,16.0,6.0,4.0,5.0,7.0,40.0,118.0,226.0,334.0,209.0,95.0,73.0,104.0,108.0,128.0,167.0,331.0,626.0,542.0,252.0,137.0,74.0,38.0,30.0
2015-04-10,13.0,14.0,4.0,4.0,6.0,34.0,91.0,119.0,168.0,135.0,113.0,89.0,64.0,68.0,98.0,146.0,261.0,354.0,265.0,86.0,39.0,21.0,16.0,11.0
2015-04-11,8.0,5.0,5.0,1.0,0.0,5.0,11.0,25.0,48.0,66.0,93.0,100.0,134.0,119.0,125.0,142.0,74.0,75.0,68.0,76.0,33.0,20.0,14.0,17.0
2015-04-12,9.0,8.0,3.0,3.0,4.0,1.0,12.0,16.0,50.0,136.0,134.0,167.0,150.0,201.0,150.0,170.0,116.0,112.0,114.0,62.0,31.0,19.0,14.0,19.0
2015-04-13,13.0,3.0,3.0,1.0,5.0,27.0,75.0,214.0,337.0,249.0,88.0,76.0,65.0,48.0,31.0,53.0,140.0,309.0,238.0,91.0,39.0,26.0,11.0,16.0
2015-04-14,9.0,1.0,3.0,2.0,4.0,24.0,68.0,232.0,307.0,222.0,91.0,56.0,58.0,76.0,93.0,93.0,153.0,317.0,308.0,133.0,77.0,46.0,29.0,22.0
2015-04-15,9.0,7.0,3.0,5.0,4.0,37.0,110.0,297.0,443.0,293.0,115.0,78.0,95.0,98.0,106.0,142.0,277.0,583.0,499.0,221.0,131.0,64.0,48.0,32.0
2015-04-16,14.0,9.0,1.0,7.0,6.0,38.0,111.0,308.0,502.0,319.0,128.0,96.0,137.0,100.0,112.0,163.0,306.0,586.0,461.0,264.0,157.0,84.0,60.0,33.0
2015-04-17,23.0,10.0,4.0,9.0,5.0,27.0,100.0,297.0,431.0,277.0,118.0,83.0,96.0,119.0,105.0,169.0,280.0,508.0,390.0,185.0,87.0,42.0,50.0,39.0
2015-04-18,24.0,11.0,8.0,1.0,4.0,6.0,28.0,46.0,74.0,129.0,167.0,142.0,194.0,208.0,266.0,227.0,209.0,197.0,169.0,117.0,53.0,43.0,46.0,32.0
2015-04-19,37.0,11.0,2.0,144.0,4.0,7.0,15.0,30.0,84.0,113.0,169.0,252.0,215.0,294.0,295.0,271.0,255.0,193.0,159.0,106.0,51.0,34.0,19.0,15.0
2015-04-20,10.0,7.0,4.0,4.0,9.0,40.0,137.0,398.0,589.0,319.0,136.0,99.0,121.0,140.0,138.0,187.0,326.0,739.0,571.0,280.0,142.0,73.0,43.0,44.0
2015-04-21,11.0,3.0,10.0,5.0,7.0,44.0,134.0,388.0,561.0,339.0,116.0,,,54.0,84.0,139.0,309.0,532.0,262.0,137.0,54.0,26.0,14.0,14.0
2015-04-22,6.0,4.0,2.0,6.0,6.0,32.0,123.0,296.0,455.0,216.0,80.0,161.0,81.0,73.0,90.0,125.0,245.0,516.0,437.0,168.0,109.0,63.0,31.0,26.0
2015-04-23,15.0,1.0,4.0,6.0,8.0,26.0,137.0,300.0,379.0,190.0,84.0,38.0,65.0,38.0,52.0,74.0,159.0,360.0,255.0,124.0,62.0,47.0,21.0,13.0
2015-04-24,5.0,7.0,0.0,5.0,5.0,23.0,98.0,232.0,349.0,166.0,60.0,50.0,52.0,70.0,80.0,119.0,180.0,339.0,198.0,116.0,53.0,28.0,22.0,19.0
2015-04-25,13.0,9.0,7.0,6.0,3.0,10.0,18.0,38.0,66.0,80.0,105.0,113.0,154.0,142.0,159.0,137.0,135.0,147.0,99.0,57.0,41.0,25.0,19.0,33.0
2015-04-26,15.0,9.0,3.0,3.0,3.0,2.0,14.0,33.0,57.0,85.0,103.0,136.0,151.0,143.0,130.0,151.0,147.0,163.0,71.0,40.0,30.0,45.0,12.0,20.0
2015-04-27,4.0,2.0,3.0,5.0,9.0,44.0,166.0,337.0,487.0,240.0,82.0,78.0,105.0,104.0,112.0,178.0,370.0,726.0,506.0,274.0,165.0,63.0,56.0,24.0
2015-04-28,8.0,2.0,4.0,11.0,6.0,43.0,138.0,334.0,456.0,175.0,79.0,67.0,54.0,53.0,49.0,93.0,222.0,388.0,296.0,111.0,72.0,41.0,28.0,15.0
2015-04-29,4.0,4.0,3.0,5.0,7.0,39.0,123.0,346.0,444.0,212.0,96.0,68.0,86.0,106.0,82.0,113.0,262.0,591.0,385.0,214.0,119.0,70.0,36.0,22.0
2015-04-30,7.0,5.0,2.0,6.0,11.0,39.0,152.0,349.0,475.0,240.0,87.0,91.0,70.0,86.0,96.0,165.0,299.0,610.0,398.0,181.0,110.0,55.0,49.0,25.0
2015-05-01,19.0,4.0,7.0,5.0,8.0,44.0,164.0,484.0,563.0,251.0,113.0,96.0,104.0,123.0,158.0,272.0,475.0,629.0,332.0,175.0,85.0,48.0,32.0,33.0
2015-05-02,16.0,11.0,4.0,4.0,4.0,11.0,33.0,69.0,97.0,157.0,137.0,152.0,205.0,182.0,185.0,203.0,186.0,178.0,143.0,77.0,68.0,21.0,41.0,31.0
2015-05-03,21.0,8.0,5.0,4.0,2.0,9.0,23.0,52.0,66.0,109.0,192.0,174.0,196.0,221.0,215.0,222.0,212.0,180.0,129.0,78.0,50.0,28.0,27.0,12.0
2015-05-04,12.0,5.0,3.0,4.0,11.0,51.0,212.0,509.0,657.0,274.0,111.0,80.0,92.0,90.0,117.0,165.0,401.0,779.0,514.0,217.0,93.0,71.0,35.0,17.0
2015-05-05,6.0,5.0,2.0,3.0,6.0,36.0,100.0,329.0,454.0,194.0,84.0,50.0,53.0,42.0,48.0,81.0,185.0,458.0,244.0,92.0,60.0,36.0,28.0,9.0
2015-05-06,6.0,9.0,1.0,4.0,12.0,41.0,168.0,498.0,592.0,253.0,112.0,72.0,70.0,90.0,99.0,168.0,332.0,684.0,502.0,224.0,146.0,66.0,47.0,35.0
2015-05-07,19.0,10.0,1.0,5.0,12.0,47.0,302.0,530.0,615.0,311.0,137.0,98.0,119.0,123.0,121.0,188.0,383.0,808.0,489.0,247.0,162.0,92.0,63.0,34.0
2015-05-08,19.0,4.0,4.0,10.0,10.0,48.0,192.0,483.0,601.0,258.0,120.0,104.0,105.0,111.0,169.0,231.0,475.0,698.0,351.0,189.0,119.0,57.0,59.0,35.0
2015-05-09,24.0,7.0,8.0,3.0,3.0,11.0,22.0,69.0,105.0,127.0,139.0,196.0,226.0,214.0,199.0,316.0,337.0,240.0,176.0,110.0,84.0,49.0,53.0,35.0
2015-05-10,31.0,6.0,3.0,4.0,2.0,6.0,12.0,42.0,75.0,105.0,128.0,194.0,164.0,187.0,184.0,202.0,157.0,162.0,100.0,80.0,37.0,40.0,22.0,15.0
2015-05-11,7.0,4.0,3.0,1.0,11.0,43.0,161.0,464.0,565.0,242.0,103.0,72.0,56.0,65.0,94.0,113.0,273.0,650.0,388.0,181.0,79.0,55.0,30.0,16.0
2015-05-12,9.0,7.0,1.0,6.0,12.0,48.0,174.0,467.0,475.0,231.0,94.0,75.0,75.0,69.0,78.0,105.0,300.0,593.0,416.0,207.0,101.0,61.0,32.0,17.0
2015-05-13,12.0,4.0,3.0,2.0,9.0,35.0,112.0,349.0,411.0,206.0,79.0,64.0,63.0,32.0,50.0,62.0,216.0,407.0,303.0,136.0,71.0,35.0,33.0,13.0
2015-05-14,6.0,2.0,2.0,5.0,14.0,32.0,175.0,396.0,475.0,255.0,87.0,57.0,67.0,73.0,97.0,127.0,352.0,609.0,451.0,208.0,126.0,91.0,70.0,34.0
2015-05-15,16.0,8.0,1.0,7.0,14.0,59.0,278.0,680.0,767.0,318.0,118.0,79.0,116.0,115.0,165.0,236.0,474.0,695.0,451.0,190.0,98.0,75.0,54.0,39.0
2015-05-16,19.0,12.0,3.0,4.0,3.0,20.0,30.0,78.0,97.0,91.0,94.0,174.0,119.0,117.0,132.0,134.0,116.0,128.0,96.0,64.0,34.0,38.0,26.0,26.0
2015-05-17,13.0,8.0,5.0,8.0,1.0,8.0,17.0,28.0,72.0,103.0,142.0,130.0,151.0,180.0,187.0,194.0,174.0,177.0,136.0,98.0,92.0,37.0,28.0,22.0
2015-05-18,11.0,5.0,5.0,1.0,10.0,46.0,205.0,506.0,601.0,289.0,126.0,103.0,116.0,130.0,147.0,187.0,413.0,791.0,582.0,254.0,158.0,87.0,52.0,20.0
2015-05-19,11.0,8.0,6.0,5.0,11.0,55.0,232.0,536.0,624.0,286.0,136.0,88.0,100.0,107.0,115.0,181.0,425.0,800.0,537.0,258.0,165.0,91.0,66.0,29.0
2015-05-20,14.0,8.0,0.0,9.0,12.0,44.0,214.0,503.0,605.0,239.0,124.0,91.0,99.0,97.0,110.0,171.0,351.0,772.0,524.0,264.0,148.0,86.0,61.0,34.0
2015-05-21,23.0,5.0,9.0,4.0,14.0,55.0,190.0,486.0,639.0,309.0,118.0,109.0,114.0,120.0,145.0,167.0,409.0,717.0,497.0,271.0,170.0,87.0,57.0,53.0
2015-05-22,19.0,8.0,4.0,6.0,9.0,40.0,144.0,367.0,494.0,228.0,115.0,98.0,105.0,121.0,160.0,229.0,366.0,521.0,262.0,157.0,90.0,57.0,47.0,21.0
2015-05-23,15.0,9.0,3.0,4.0,3.0,10.0,20.0,33.0,69.0,62.0,107.0,121.0,139.0,122.0,147.0,101.0,122.0,142.0,100.0,62.0,57.0,60.0,47.0,25.0
2015-05-24,13.0,7.0,9.0,3.0,3.0,3.0,17.0,17.0,64.0,79.0,123.0,137.0,145.0,132.0,184.0,164.0,168.0,149.0,126.0,77.0,53.0,38.0,47.0,18.0
2015-05-25,10.0,6.0,1.0,1.0,2.0,17.0,28.0,30.0,69.0,94.0,112.0,156.0,142.0,142.0,169.0,156.0,166.0,140.0,93.0,63.0,52.0,43.0,29.0,16.0
2015-05-26,5.0,5.0,2.0,7.0,7.0,47.0,189.0,465.0,574.0,270.0,101.0,76.0,79.0,87.0,132.0,176.0,337.0,715.0,479.0,223.0,127.0,83.0,41.0,27.0
2015-05-27,8.0,7.0,2.0,5.0,10.0,48.0,224.0,509.0,623.0,283.0,116.0,85.0,109.0,130.0,118.0,164.0,425.0,762.0,503.0,264.0,141.0,132.0,57.0,46.0
2015-05-28,16.0,7.0,4.0,4.0,11.0,62.0,231.0,559.0,634.0,289.0,132.0,98.0,125.0,123.0,154.0,202.0,438.0,776.0,583.0,302.0,191.0,96.0,65.0,40.0
2015-05-29,18.0,5.0,6.0,5.0,14.0,46.0,180.0,482.0,584.0,252.0,133.0,124.0,102.0,111.0,150.0,207.0,434.0,751.0,414.0,236.0,110.0,87.0,52.0,45.0
2015-05-30,26.0,18.0,11.0,7.0,9.0,16.0,30.0,50.0,78.0,131.0,137.0,150.0,161.0,208.0,200.0,208.0,181.0,169.0,188.0,115.0,70.0,59.0,37.0,49.0
2015-05-31,29.0,20.0,6.0,5.0,4.0,10.0,32.0,47.0,70.0,138.0,165.0,201.0,213.0,174.0,199.0,171.0,211.0,160.0,114.0,107.0,94.0,36.0,23.0,22.0
2015-06-01,14.0,6.0,3.0,4.0,11.0,47.0,154.0,376.0,450.0,166.0,44.0,32.0,34.0,38.0,72.0,113.0,232.0,526.0,345.0,135.0,90.0,43.0,38.0,16.0
2015-06-02,10.0,2.0,3.0,6.0,8.0,52.0,120.0,325.0,480.0,212.0,79.0,59.0,62.0,57.0,81.0,112.0,237.0,475.0,358.0,156.0,67.0,58.0,38.0,21.0
2015-06-03,14.0,4.0,4.0,4.0,4.0,54.0,150.0,360.0,460.0,195.0,83.0,71.0,80.0,53.0,82.0,140.0,313.0,614.0,422.0,243.0,126.0,88.0,58.0,36.0
2015-06-04,19.0,6.0,6.0,5.0,7.0,56.0,184.0,471.0,598.0,287.0,121.0,97.0,107.0,105.0,119.0,194.0,360.0,718.0,527.0,258.0,186.0,112.0,70.0,24.0
2015-06-05,20.0,17.0,5.0,9.0,8.0,50.0,159.0,432.0,554.0,276.0,138.0,120.0,121.0,143.0,136.0,250.0,429.0,665.0,337.0,192.0,112.0,71.0,47.0,42.0
2015-06-06,15.0,9.0,8.0,8.0,5.0,12.0,37.0,71.0,119.0,161.0,176.0,209.0,187.0,228.0,226.0,205.0,169.0,145.0,156.0,95.0,86.0,58.0,47.0,43.0
2015-06-07,33.0,17.0,10.0,8.0,6.0,7.0,24.0,63.0,113.0,174.0,153.0,223.0,238.0,185.0,249.0,200.0,195.0,175.0,135.0,80.0,102.0,41.0,36.0,20.0
2015-06-08,13.0,3.0,4.0,3.0,10.0,55.0,181.0,457.0,601.0,303.0,110.0,107.0,93.0,104.0,116.0,172.0,357.0,712.0,484.0,255.0,145.0,107.0,57.0,26.0
2015-06-09,6.0,14.0,5.0,5.0,15.0,60.0,202.0,515.0,674.0,287.0,111.0,100.0,116.0,109.0,118.0,207.0,417.0,786.0,549.0,279.0,191.0,98.0,45.0,26.0
2015-06-10,17.0,5.0,10.0,3.0,13.0,66.0,196.0,517.0,644.0,284.0,146.0,110.0,112.0,115.0,117.0,162.0,392.0,793.0,542.0,310.0,174.0,136.0,63.0,50.0
2015-06-11,21.0,9.0,5.0,8.0,8.0,62.0,195.0,475.0,583.0,315.0,144.0,102.0,110.0,115.0,116.0,208.0,352.0,664.0,554.0,280.0,179.0,119.0,66.0,29.0
2015-06-12,22.0,6.0,4.0,7.0,6.0,44.0,137.0,359.0,455.0,267.0,143.0,73.0,97.0,114.0,126.0,172.0,357.0,565.0,306.0,215.0,112.0,75.0,56.0,51.0
2015-06-13,27.0,11.0,5.0,8.0,3.0,16.0,62.0,75.0,135.0,169.0,182.0,199.0,185.0,208.0,227.0,205.0,226.0,219.0,150.0,115.0,89.0,82.0,53.0,37.0
2015-06-14,32.0,19.0,15.0,3.0,3.0,14.0,24.0,50.0,127.0,150.0,195.0,196.0,206.0,223.0,233.0,229.0,227.0,195.0,111.0,90.0,71.0,80.0,44.0,19.0
2015-06-15,11.0,5.0,5.0,8.0,6.0,43.0,181.0,463.0,628.0,252.0,133.0,94.0,110.0,130.0,131.0,160.0,391.0,783.0,481.0,247.0,154.0,97.0,45.0,23.0
2015-06-16,17.0,3.0,6.0,6.0,5.0,57.0,197.0,515.0,586.0,270.0,106.0,104.0,93.0,100.0,107.0,189.0,382.0,741.0,501.0,256.0,156.0,82.0,45.0,27.0
2015-06-17,13.0,9.0,4.0,6.0,6.0,54.0,193.0,485.0,597.0,265.0,137.0,88.0,119.0,113.0,112.0,179.0,368.0,739.0,567.0,254.0,197.0,89.0,75.0,42.0
2015-06-18,21.0,2.0,6.0,10.0,14.0,57.0,177.0,469.0,548.0,290.0,118.0,100.0,92.0,109.0,110.0,166.0,342.0,699.0,477.0,224.0,105.0,81.0,43.0,24.0
2015-06-19,26.0,9.0,3.0,2.0,10.0,32.0,121.0,303.0,391.0,225.0,125.0,70.0,104.0,100.0,142.0,171.0,332.0,478.0,320.0,164.0,116.0,69.0,56.0,48.0
2015-06-20,34.0,12.0,5.0,11.0,6.0,12.0,42.0,80.0,118.0,128.0,191.0,224.0,260.0,241.0,49.0,41.0,48.0,126.0,162.0,152.0,135.0,103.0,70.0,73.0
2015-06-21,38.0,21.0,9.0,8.0,6.0,5.0,26.0,40.0,100.0,100.0,115.0,158.0,164.0,181.0,220.0,183.0,193.0,132.0,159.0,113.0,87.0,46.0,46.0,20.0
2015-06-22,12.0,8.0,4.0,4.0,7.0,48.0,160.0,418.0,593.0,300.0,140.0,99.0,106.0,107.0,118.0,168.0,386.0,724.0,486.0,245.0,150.0,97.0,47.0,29.0
2015-06-23,15.0,10.0,4.0,7.0,15.0,60.0,205.0,516.0,620.0,301.0,144.0,108.0,116.0,120.0,122.0,203.0,407.0,793.0,551.0,278.0,203.0,105.0,65.0,30.0
2015-06-24,22.0,10.0,3.0,2.0,12.0,56.0,194.0,496.0,646.0,313.0,130.0,92.0,110.0,105.0,109.0,143.0,373.0,755.0,535.0,260.0,150.0,110.0,72.0,27.0
2015-06-25,18.0,9.0,1.0,9.0,6.0,65.0,180.0,474.0,602.0,256.0,135.0,131.0,103.0,110.0,120.0,181.0,389.0,728.0,512.0,276.0,162.0,111.0,74.0,57.0
2015-06-26,18.0,12.0,5.0,6.0,5.0,36.0,160.0,407.0,495.0,255.0,124.0,102.0,98.0,107.0,132.0,228.0,342.0,541.0,340.0,177.0,95.0,84.0,52.0,48.0
2015-06-27,34.0,25.0,10.0,5.0,6.0,15.0,55.0,88.0,134.0,172.0,168.0,158.0,181.0,160.0,133.0,150.0,136.0,121.0,127.0,88.0,81.0,62.0,59.0,42.0
2015-06-28,20.0,13.0,6.0,7.0,5.0,9.0,37.0,68.0,86.0,128.0,182.0,175.0,138.0,148.0,182.0,167.0,187.0,150.0,105.0,93.0,92.0,50.0,26.0,27.0
2015-06-29,18.0,8.0,2.0,2.0,8.0,49.0,174.0,422.0,572.0,250.0,92.0,105.0,85.0,92.0,88.0,144.0,347.0,671.0,445.0,265.0,153.0,109.0,52.0,28.0
2015-06-30,17.0,10.0,6.0,9.0,5.0,50.0,216.0,460.0,563.0,315.0,130.0,110.0,123.0,90.0,117.0,182.0,388.0,650.0,563.0,282.0,162.0,104.0,69.0,34.0
2015-07-01,14.0,9.0,9.0,11.0,13.0,52.0,201.0,519.0,591.0,261.0,133.0,102.0,115.0,105.0,137.0,160.0,336.0,720.0,492.0,282.0,175.0,109.0,59.0,46.0
2015-07-02,14.0,9.0,7.0,5.0,10.0,53.0,163.0,396.0,550.0,251.0,126.0,89.0,104.0,95.0,129.0,191.0,356.0,524.0,361.0,179.0,112.0,107.0,73.0,33.0
2015-07-03,36.0,19.0,6.0,6.0,7.0,19.0,44.0,90.0,138.0,157.0,153.0,176.0,186.0,198.0,133.0,133.0,177.0,146.0,140.0,107.0,84.0,49.0,69.0,40.0
2015-07-04,22.0,14.0,4.0,5.0,3.0,12.0,39.0,73.0,136.0,149.0,142.0,135.0,194.0,154.0,158.0,165.0,152.0,128.0,126.0,114.0,120.0,132.0,91.0,175.0
2015-07-05,92.0,30.0,13.0,1.0,6.0,10.0,22.0,70.0,75.0,103.0,133.0,163.0,134.0,153.0,134.0,157.0,137.0,87.0,119.0,107.0,73.0,53.0,31.0,16.0
2015-07-06,16.0,7.0,7.0,6.0,9.0,34.0,177.0,404.0,535.0,252.0,110.0,99.0,106.0,101.0,122.0,138.0,281.0,651.0,485.0,218.0,155.0,88.0,46.0,19.0
2015-07-07,19.0,5.0,10.0,7.0,9.0,57.0,179.0,502.0,607.0,274.0,152.0,110.0,128.0,107.0,127.0,165.0,357.0,720.0,498.0,263.0,154.0,94.0,61.0,30.0
2015-07-08,20.0,15.0,8.0,4.0,8.0,50.0,197.0,487.0,583.0,282.0,142.0,106.0,122.0,119.0,113.0,148.0,399.0,726.0,527.0,306.0,191.0,115.0,65.0,28.0
2015-07-09,26.0,6.0,5.0,5.0,10.0,52.0,191.0,472.0,593.0,259.0,118.0,106.0,99.0,110.0,113.0,153.0,350.0,676.0,479.0,280.0,173.0,99.0,65.0,39.0
2015-07-10,11.0,13.0,8.0,5.0,12.0,49.0,139.0,357.0,509.0,260.0,121.0,98.0,95.0,120.0,132.0,188.0,367.0,536.0,340.0,184.0,83.0,59.0,47.0,39.0
2015-07-11,27.0,13.0,13.0,8.0,51.0,67.0,56.0,65.0,87.0,118.0,126.0,135.0,160.0,150.0,131.0,168.0,147.0,144.0,103.0,75.0,65.0,64.0,50.0,30.0
2015-07-12,25.0,17.0,14.0,3.0,7.0,9.0,13.0,37.0,66.0,87.0,104.0,158.0,175.0,169.0,212.0,192.0,186.0,177.0,125.0,94.0,69.0,52.0,23.0,23.0
2015-07-13,11.0,2.0,5.0,5.0,6.0,43.0,157.0,398.0,526.0,245.0,92.0,98.0,90.0,90.0,99.0,172.0,334.0,634.0,518.0,216.0,154.0,96.0,60.0,18.0
2015-07-14,16.0,9.0,5.0,4.0,11.0,45.0,209.0,536.0,638.0,292.0,73.0,86.0,105.0,122.0,119.0,167.0,388.0,760.0,512.0,307.0,188.0,113.0,56.0,34.0
2015-07-15,8.0,10.0,8.0,6.0,12.0,50.0,200.0,508.0,617.0,288.0,129.0,111.0,84.0,97.0,123.0,175.0,355.0,773.0,506.0,269.0,176.0,81.0,69.0,31.0
2015-07-16,19.0,14.0,9.0,7.0,11.0,39.0,197.0,429.0,571.0,275.0,120.0,111.0,91.0,111.0,111.0,144.0,377.0,705.0,446.0,255.0,173.0,107.0,57.0,45.0
2015-07-17,26.0,13.0,2.0,11.0,9.0,40.0,155.0,352.0,470.0,279.0,141.0,93.0,99.0,117.0,132.0,169.0,376.0,548.0,343.0,173.0,98.0,67.0,56.0,44.0
2015-07-18,21.0,9.0,10.0,8.0,11.0,10.0,29.0,55.0,102.0,135.0,163.0,135.0,186.0,193.0,176.0,188.0,160.0,137.0,137.0,88.0,75.0,77.0,56.0,34.0
2015-07-19,30.0,10.0,5.0,6.0,4.0,15.0,21.0,52.0,117.0,146.0,136.0,192.0,154.0,184.0,160.0,140.0,114.0,104.0,94.0,103.0,64.0,49.0,37.0,26.0
2015-07-20,9.0,10.0,7.0,5.0,9.0,42.0,162.0,423.0,563.0,277.0,125.0,77.0,88.0,103.0,122.0,144.0,335.0,654.0,497.0,256.0,157.0,82.0,39.0,27.0
2015-07-21,17.0,12.0,3.0,5.0,9.0,61.0,171.0,492.0,555.0,297.0,98.0,94.0,86.0,101.0,98.0,161.0,335.0,655.0,470.0,254.0,124.0,100.0,41.0,29.0
2015-07-22,13.0,6.0,3.0,1.0,15.0,35.0,174.0,483.0,593.0,327.0,143.0,110.0,108.0,94.0,157.0,192.0,412.0,675.0,509.0,296.0,126.0,98.0,45.0,33.0
2015-07-23,22.0,6.0,3.0,3.0,13.0,38.0,175.0,429.0,548.0,287.0,127.0,111.0,100.0,122.0,116.0,198.0,337.0,687.0,470.0,248.0,146.0,88.0,47.0,38.0
2015-07-24,22.0,8.0,3.0,3.0,11.0,36.0,125.0,342.0,441.0,224.0,109.0,57.0,75.0,89.0,114.0,162.0,317.0,504.0,280.0,142.0,118.0,64.0,322.0,60.0
2015-07-25,23.0,15.0,10.0,3.0,4.0,9.0,23.0,47.0,48.0,54.0,52.0,70.0,131.0,115.0,126.0,124.0,111.0,110.0,88.0,79.0,62.0,27.0,27.0,26.0
2015-07-26,19.0,9.0,10.0,4.0,3.0,9.0,25.0,38.0,45.0,82.0,104.0,147.0,129.0,121.0,172.0,169.0,102.0,54.0,81.0,43.0,31.0,17.0,23.0,15.0
2015-07-27,10.0,4.0,3.0,4.0,4.0,35.0,143.0,425.0,520.0,264.0,106.0,88.0,89.0,95.0,116.0,175.0,349.0,705.0,470.0,219.0,132.0,81.0,33.0,32.0
2015-07-28,13.0,10.0,3.0,8.0,11.0,50.0,183.0,480.0,616.0,306.0,140.0,93.0,99.0,122.0,145.0,181.0,354.0,736.0,492.0,306.0,168.0,89.0,75.0,35.0
2015-07-29,11.0,5.0,5.0,3.0,10.0,47.0,197.0,482.0,623.0,304.0,143.0,115.0,102.0,120.0,117.0,152.0,407.0,686.0,531.0,277.0,162.0,118.0,72.0,45.0
2015-07-30,18.0,10.0,7.0,3.0,10.0,42.0,166.0,416.0,605.0,305.0,130.0,110.0,82.0,101.0,111.0,142.0,331.0,642.0,476.0,278.0,156.0,118.0,75.0,45.0
2015-07-31,24.0,15.0,7.0,2.0,9.0,41.0,139.0,363.0,504.0,259.0,124.0,121.0,107.0,104.0,118.0,182.0,350.0,533.0,322.0,191.0,130.0,109.0,73.0,60.0
2015-08-01,40.0,14.0,10.0,7.0,4.0,12.0,25.0,81.0,112.0,146.0,163.0,194.0,161.0,164.0,167.0,177.0,154.0,134.0,129.0,90.0,53.0,74.0,59.0,49.0
2015-08-02,26.0,17.0,9.0,3.0,6.0,6.0,29.0,57.0,79.0,125.0,109.0,149.0,171.0,158.0,125.0,183.0,157.0,128.0,106.0,76.0,72.0,38.0,34.0,20.0
2015-08-03,6.0,5.0,2.0,4.0,10.0,49.0,172.0,408.0,606.0,293.0,98.0,88.0,81.0,99.0,113.0,141.0,350.0,692.0,492.0,225.0,148.0,81.0,56.0,24.0
2015-08-04,14.0,12.0,4.0,2.0,11.0,56.0,177.0,473.0,623.0,311.0,132.0,91.0,100.0,89.0,121.0,168.0,397.0,791.0,488.0,253.0,179.0,80.0,51.0,32.0
2015-08-05,10.0,3.0,5.0,8.0,8.0,58.0,179.0,450.0,535.0,270.0,102.0,93.0,89.0,77.0,104.0,154.0,376.0,676.0,462.0,193.0,125.0,60.0,40.0,31.0
2015-08-06,23.0,4.0,3.0,5.0,8.0,35.0,154.0,488.0,553.0,272.0,122.0,89.0,96.0,119.0,105.0,167.0,336.0,630.0,490.0,243.0,163.0,96.0,64.0,30.0
2015-08-07,25.0,11.0,4.0,4.0,7.0,34.0,154.0,364.0,453.0,247.0,143.0,113.0,118.0,138.0,143.0,219.0,405.0,582.0,390.0,212.0,145.0,74.0,69.0,46.0
2015-08-08,35.0,29.0,17.0,7.0,6.0,12.0,30.0,67.0,85.0,127.0,142.0,138.0,156.0,157.0,193.0,163.0,146.0,148.0,109.0,66.0,59.0,54.0,31.0,37.0
2015-08-09,24.0,18.0,5.0,3.0,3.0,12.0,33.0,60.0,88.0,116.0,136.0,289.0,476.0,450.0,278.0,211.0,210.0,174.0,117.0,86.0,57.0,55.0,29.0,15.0
2015-08-10,11.0,7.0,5.0,3.0,13.0,43.0,172.0,396.0,452.0,260.0,117.0,78.0,103.0,105.0,95.0,137.0,318.0,621.0,446.0,212.0,156.0,81.0,43.0,24.0
2015-08-11,15.0,7.0,1.0,3.0,13.0,54.0,145.0,455.0,628.0,282.0,123.0,111.0,108.0,126.0,117.0,157.0,318.0,742.0,533.0,256.0,151.0,91.0,52.0,42.0
2015-08-12,13.0,10.0,5.0,2.0,12.0,58.0,161.0,477.0,581.0,319.0,118.0,111.0,80.0,88.0,102.0,127.0,398.0,710.0,455.0,246.0,157.0,94.0,46.0,33.0
2015-08-13,17.0,7.0,5.0,3.0,10.0,37.0,162.0,434.0,613.0,262.0,143.0,89.0,103.0,133.0,131.0,175.0,357.0,675.0,474.0,231.0,173.0,86.0,76.0,32.0
2015-08-14,17.0,9.0,3.0,2.0,12.0,38.0,105.0,240.0,344.0,205.0,98.0,59.0,65.0,39.0,38.0,72.0,133.0,283.0,144.0,63.0,33.0,26.0,20.0,14.0
2015-08-15,17.0,6.0,6.0,4.0,5.0,17.0,34.0,31.0,79.0,67.0,112.0,114.0,113.0,148.0,163.0,153.0,135.0,166.0,105.0,70.0,50.0,49.0,34.0,24.0
2015-08-16,20.0,14.0,8.0,3.0,8.0,6.0,12.0,23.0,71.0,114.0,150.0,183.0,202.0,253.0,204.0,225.0,245.0,176.0,139.0,114.0,63.0,56.0,30.0,14.0
2015-08-17,18.0,4.0,4.0,6.0,11.0,48.0,162.0,452.0,530.0,275.0,131.0,111.0,105.0,102.0,122.0,145.0,343.0,733.0,480.0,238.0,145.0,76.0,41.0,37.0
2015-08-18,17.0,3.0,7.0,3.0,15.0,46.0,152.0,457.0,614.0,292.0,126.0,105.0,86.0,98.0,111.0,166.0,359.0,704.0,527.0,269.0,161.0,101.0,64.0,25.0
2015-08-19,19.0,12.0,4.0,2.0,9.0,49.0,180.0,485.0,566.0,296.0,141.0,104.0,109.0,117.0,106.0,205.0,345.0,660.0,497.0,279.0,141.0,117.0,62.0,43.0
2015-08-20,11.0,5.0,6.0,0.0,9.0,36.0,155.0,390.0,501.0,267.0,110.0,76.0,76.0,110.0,92.0,129.0,301.0,584.0,446.0,254.0,131.0,82.0,49.0,26.0
2015-08-21,16.0,5.0,5.0,1.0,9.0,27.0,118.0,341.0,446.0,264.0,91.0,106.0,99.0,120.0,130.0,200.0,337.0,533.0,312.0,166.0,104.0,60.0,65.0,51.0
2015-08-22,18.0,24.0,10.0,7.0,4.0,9.0,29.0,65.0,70.0,147.0,190.0,156.0,148.0,177.0,172.0,170.0,160.0,148.0,117.0,85.0,64.0,54.0,39.0,27.0
2015-08-23,27.0,8.0,13.0,6.0,5.0,6.0,18.0,40.0,77.0,109.0,123.0,163.0,197.0,191.0,159.0,155.0,155.0,173.0,132.0,71.0,85.0,39.0,44.0,20.0
2015-08-24,13.0,10.0,4.0,2.0,10.0,44.0,142.0,447.0,534.0,266.0,105.0,98.0,102.0,106.0,112.0,167.0,339.0,629.0,463.0,216.0,131.0,60.0,38.0,34.0
2015-08-25,17.0,5.0,8.0,5.0,8.0,53.0,155.0,459.0,615.0,279.0,174.0,98.0,91.0,109.0,123.0,160.0,373.0,714.0,497.0,262.0,130.0,65.0,42.0,31.0
2015-08-26,18.0,7.0,9.0,2.0,15.0,49.0,167.0,436.0,555.0,283.0,120.0,101.0,88.0,103.0,118.0,139.0,375.0,719.0,509.0,211.0,138.0,97.0,41.0,31.0
2015-08-27,18.0,4.0,4.0,3.0,4.0,49.0,143.0,416.0,587.0,278.0,131.0,95.0,107.0,137.0,123.0,150.0,353.0,671.0,490.0,220.0,161.0,93.0,49.0,50.0
2015-08-28,18.0,4.0,2.0,4.0,11.0,29.0,85.0,221.0,351.0,184.0,94.0,75.0,90.0,73.0,93.0,142.0,256.0,409.0,224.0,105.0,81.0,46.0,25.0,31.0
2015-08-29,21.0,15.0,12.0,3.0,6.0,2.0,8.0,13.0,27.0,35.0,52.0,45.0,36.0,53.0,63.0,60.0,72.0,54.0,46.0,28.0,20.0,11.0,5.0,12.0
2015-08-30,4.0,4.0,0.0,3.0,4.0,4.0,5.0,6.0,24.0,32.0,43.0,98.0,123.0,128.0,120.0,109.0,129.0,103.0,88.0,70.0,62.0,20.0,18.0,16.0
2015-08-31,10.0,5.0,3.0,4.0,7.0,26.0,122.0,309.0,420.0,193.0,79.0,48.0,54.0,57.0,76.0,80.0,216.0,480.0,311.0,171.0,57.0,46.0,31.0,18.0
2015-09-01,8.0,2.0,4.0,4.0,5.0,40.0,127.0,330.0,415.0,175.0,64.0,43.0,75.0,64.0,76.0,85.0,218.0,520.0,320.0,148.0,63.0,37.0,35.0,18.0
2015-09-02,13.0,3.0,5.0,4.0,12.0,40.0,155.0,369.0,476.0,249.0,92.0,63.0,83.0,88.0,91.0,136.0,322.0,607.0,399.0,193.0,108.0,48.0,30.0,26.0
2015-09-03,8.0,9.0,2.0,3.0,7.0,34.0,129.0,327.0,391.0,217.0,92.0,86.0,74.0,72.0,91.0,142.0,286.0,460.0,330.0,167.0,112.0,45.0,45.0,30.0
2015-09-04,11.0,4.0,3.0,5.0,5.0,37.0,108.0,301.0,369.0,211.0,79.0,68.0,66.0,71.0,126.0,196.0,282.0,413.0,292.0,130.0,78.0,35.0,27.0,20.0
2015-09-05,20.0,11.0,6.0,3.0,3.0,11.0,23.0,36.0,69.0,117.0,102.0,149.0,157.0,172.0,147.0,197.0,141.0,51.0,48.0,38.0,25.0,29.0,16.0,25.0
2015-09-06,12.0,11.0,4.0,2.0,3.0,3.0,9.0,10.0,23.0,37.0,61.0,54.0,93.0,65.0,74.0,81.0,87.0,59.0,66.0,46.0,24.0,26.0,25.0,16.0
2015-09-07,6.0,5.0,4.0,2.0,3.0,11.0,23.0,32.0,58.0,79.0,92.0,151.0,153.0,181.0,198.0,219.0,235.0,170.0,124.0,99.0,54.0,56.0,37.0,13.0
2015-09-08,12.0,5.0,4.0,6.0,8.0,44.0,168.0,410.0,482.0,232.0,94.0,76.0,77.0,77.0,110.0,144.0,283.0,602.0,446.0,187.0,89.0,58.0,31.0,20.0
2015-09-09,9.0,6.0,5.0,2.0,13.0,42.0,175.0,453.0,564.0,284.0,109.0,100.0,110.0,91.0,96.0,169.0,330.0,719.0,494.0,258.0,102.0,89.0,62.0,31.0
2015-09-10,14.0,6.0,3.0,6.0,7.0,33.0,177.0,413.0,539.0,255.0,113.0,99.0,105.0,109.0,117.0,154.0,330.0,618.0,428.0,240.0,107.0,90.0,39.0,28.0
2015-09-11,13.0,3.0,4.0,4.0,5.0,38.0,118.0,379.0,496.0,286.0,123.0,113.0,90.0,90.0,132.0,161.0,351.0,590.0,360.0,170.0,101.0,54.0,36.0,44.0
2015-09-12,18.0,8.0,10.0,5.0,6.0,13.0,13.0,61.0,88.0,137.0,117.0,176.0,188.0,187.0,230.0,205.0,155.0,183.0,139.0,95.0,62.0,52.0,26.0,17.0
2015-09-13,17.0,6.0,13.0,3.0,2.0,7.0,21.0,21.0,56.0,225.0,95.0,52.0,115.0,103.0,113.0,109.0,102.0,82.0,79.0,43.0,28.0,17.0,12.0,6.0
2015-09-14,8.0,3.0,3.0,4.0,6.0,30.0,140.0,373.0,471.0,226.0,99.0,53.0,48.0,64.0,86.0,140.0,275.0,578.0,351.0,162.0,81.0,40.0,26.0,17.0
2015-09-15,13.0,5.0,3.0,5.0,9.0,39.0,148.0,387.0,511.0,243.0,95.0,87.0,70.0,100.0,106.0,136.0,328.0,575.0,383.0,182.0,89.0,76.0,42.0,25.0
2015-09-16,11.0,1.0,3.0,2.0,8.0,35.0,135.0,375.0,522.0,247.0,98.0,100.0,104.0,115.0,106.0,136.0,339.0,583.0,407.0,167.0,117.0,56.0,39.0,25.0
2015-09-17,11.0,9.0,2.0,3.0,10.0,34.0,106.0,307.0,369.0,190.0,96.0,41.0,40.0,64.0,59.0,90.0,161.0,398.0,228.0,120.0,47.0,35.0,20.0,13.0
2015-09-18,20.0,1.0,2.0,4.0,9.0,34.0,110.0,308.0,370.0,224.0,87.0,82.0,95.0,76.0,115.0,138.0,282.0,500.0,252.0,135.0,45.0,36.0,41.0,34.0
2015-09-19,18.0,7.0,18.0,1.0,4.0,14.0,24.0,46.0,66.0,92.0,117.0,134.0,137.0,135.0,146.0,175.0,181.0,156.0,139.0,80.0,48.0,42.0,27.0,27.0
2015-09-20,20.0,14.0,10.0,4.0,4.0,6.0,16.0,14.0,50.0,75.0,96.0,113.0,92.0,132.0,145.0,131.0,112.0,96.0,72.0,38.0,19.0,17.0,16.0,11.0
2015-09-21,3.0,3.0,0.0,4.0,9.0,45.0,137.0,387.0,533.0,248.0,92.0,91.0,104.0,96.0,113.0,166.0,309.0,655.0,447.0,170.0,90.0,51.0,33.0,19.0
2015-09-22,10.0,9.0,2.0,8.0,6.0,51.0,157.0,499.0,630.0,334.0,128.0,88.0,115.0,100.0,141.0,163.0,370.0,780.0,481.0,243.0,107.0,58.0,43.0,28.0
2015-09-23,14.0,6.0,3.0,3.0,17.0,40.0,157.0,486.0,625.0,320.0,116.0,94.0,121.0,113.0,143.0,175.0,398.0,781.0,460.0,206.0,109.0,92.0,57.0,26.0
2015-09-24,15.0,8.0,3.0,2.0,14.0,39.0,162.0,370.0,566.0,309.0,122.0,94.0,126.0,134.0,145.0,169.0,368.0,670.0,528.0,218.0,99.0,76.0,58.0,26.0
2015-09-25,18.0,7.0,1.0,3.0,9.0,39.0,108.0,287.0,348.0,208.0,80.0,61.0,70.0,64.0,94.0,119.0,212.0,432.0,257.0,110.0,61.0,46.0,30.0,20.0
2015-09-26,17.0,6.0,9.0,4.0,5.0,12.0,16.0,46.0,70.0,107.0,129.0,145.0,168.0,125.0,152.0,165.0,127.0,145.0,136.0,79.0,35.0,33.0,18.0,19.0
2015-09-27,8.0,12.0,3.0,6.0,7.0,14.0,24.0,33.0,67.0,81.0,87.0,133.0,138.0,177.0,161.0,133.0,128.0,137.0,93.0,46.0,28.0,22.0,14.0,19.0
2015-09-28,6.0,4.0,1.0,3.0,12.0,39.0,134.0,414.0,535.0,284.0,101.0,76.0,76.0,109.0,109.0,144.0,305.0,681.0,480.0,150.0,104.0,47.0,28.0,20.0
2015-09-29,16.0,4.0,6.0,1.0,12.0,45.0,158.0,447.0,617.0,295.0,116.0,93.0,113.0,121.0,147.0,157.0,382.0,688.0,501.0,190.0,92.0,73.0,44.0,18.0
2015-09-30,14.0,9.0,6.0,4.0,12.0,45.0,149.0,417.0,604.0,267.0,111.0,63.0,98.0,96.0,103.0,150.0,363.0,665.0,409.0,216.0,102.0,85.0,44.0,23.0
2015-10-01,15.0,3.0,4.0,2.0,10.0,42.0,142.0,378.0,538.0,297.0,136.0,102.0,107.0,110.0,129.0,176.0,345.0,680.0,438.0,196.0,99.0,74.0,43.0,35.0
2015-10-02,13.0,9.0,2.0,2.0,10.0,29.0,92.0,300.0,414.0,240.0,97.0,85.0,82.0,97.0,91.0,152.0,255.0,486.0,276.0,125.0,56.0,32.0,40.0,32.0
2015-10-03,25.0,14.0,5.0,5.0,5.0,9.0,20.0,37.0,56.0,78.0,90.0,132.0,147.0,162.0,158.0,190.0,145.0,125.0,145.0,77.0,39.0,23.0,33.0,19.0
2015-10-04,18.0,14.0,7.0,4.0,4.0,6.0,12.0,30.0,76.0,125.0,147.0,154.0,170.0,195.0,198.0,205.0,179.0,170.0,92.0,43.0,29.0,58.0,26.0,13.0
2015-10-05,12.0,3.0,2.0,3.0,10.0,38.0,135.0,420.0,588.0,285.0,109.0,103.0,92.0,93.0,120.0,210.0,351.0,714.0,388.0,151.0,107.0,66.0,32.0,21.0
2015-10-06,14.0,10.0,2.0,4.0,10.0,50.0,141.0,457.0,572.0,269.0,125.0,88.0,90.0,85.0,99.0,141.0,340.0,612.0,415.0,159.0,86.0,61.0,33.0,22.0
2015-10-07,11.0,3.0,4.0,5.0,7.0,34.0,106.0,267.0,356.0,177.0,57.0,37.0,33.0,47.0,56.0,78.0,166.0,409.0,253.0,107.0,69.0,31.0,30.0,16.0
2015-10-08,14.0,5.0,5.0,4.0,12.0,38.0,130.0,364.0,507.0,268.0,112.0,93.0,88.0,79.0,99.0,167.0,264.0,577.0,395.0,144.0,98.0,63.0,31.0,31.0
2015-10-09,24.0,11.0,4.0,5.0,4.0,38.0,110.0,299.0,427.0,221.0,106.0,80.0,80.0,93.0,94.0,162.0,265.0,529.0,275.0,118.0,60.0,46.0,35.0,33.0
2015-10-10,20.0,15.0,7.0,5.0,3.0,11.0,11.0,13.0,37.0,39.0,30.0,24.0,27.0,32.0,23.0,35.0,39.0,42.0,33.0,17.0,12.0,25.0,14.0,25.0
2015-10-11,15.0,8.0,1.0,1.0,4.0,6.0,15.0,20.0,38.0,71.0,64.0,125.0,118.0,130.0,183.0,186.0,130.0,114.0,87.0,46.0,32.0,16.0,22.0,16.0
2015-10-12,9.0,6.0,4.0,3.0,6.0,43.0,140.0,377.0,504.0,269.0,113.0,74.0,61.0,89.0,99.0,142.0,249.0,581.0,391.0,125.0,64.0,36.0,18.0,15.0
2015-10-13,9.0,3.0,3.0,3.0,5.0,42.0,129.0,363.0,522.0,229.0,94.0,61.0,74.0,75.0,101.0,147.0,308.0,569.0,375.0,154.0,85.0,56.0,39.0,14.0
2015-10-14,13.0,5.0,3.0,5.0,14.0,48.0,145.0,397.0,496.0,244.0,111.0,82.0,71.0,71.0,91.0,150.0,294.0,634.0,394.0,138.0,88.0,52.0,44.0,16.0
2015-10-15,15.0,5.0,1.0,9.0,11.0,40.0,150.0,356.0,522.0,287.0,131.0,87.0,90.0,100.0,126.0,177.0,313.0,612.0,378.0,144.0,93.0,58.0,39.0,29.0
2015-10-16,17.0,2.0,3.0,3.0,6.0,37.0,113.0,303.0,488.0,245.0,124.0,97.0,111.0,113.0,134.0,214.0,326.0,572.0,292.0,107.0,52.0,54.0,29.0,23.0
2015-10-17,39.0,10.0,9.0,2.0,4.0,5.0,11.0,49.0,57.0,67.0,85.0,98.0,114.0,135.0,115.0,100.0,134.0,86.0,67.0,28.0,27.0,21.0,42.0,40.0
2015-10-18,21.0,9.0,6.0,5.0,4.0,6.0,11.0,22.0,23.0,52.0,62.0,73.0,80.0,57.0,66.0,55.0,64.0,70.0,45.0,34.0,20.0,17.0,23.0,12.0
2015-10-19,7.0,5.0,3.0,4.0,6.0,39.0,106.0,325.0,451.0,228.0,86.0,72.0,56.0,74.0,79.0,125.0,222.0,520.0,311.0,131.0,70.0,55.0,25.0,21.0
2015-10-20,9.0,7.0,4.0,6.0,4.0,46.0,148.0,427.0,518.0,257.0,107.0,79.0,89.0,80.0,122.0,143.0,299.0,679.0,408.0,159.0,76.0,64.0,36.0,28.0
2015-10-21,11.0,2.0,3.0,3.0,8.0,39.0,132.0,381.0,501.0,264.0,101.0,81.0,72.0,111.0,117.0,131.0,275.0,576.0,335.0,136.0,86.0,66.0,38.0,23.0
2015-10-22,22.0,5.0,4.0,5.0,12.0,42.0,120.0,396.0,507.0,275.0,110.0,93.0,73.0,112.0,108.0,140.0,317.0,609.0,337.0,123.0,80.0,54.0,39.0,23.0
2015-10-23,9.0,7.0,8.0,2.0,5.0,30.0,108.0,321.0,427.0,242.0,96.0,84.0,83.0,81.0,110.0,132.0,293.0,497.0,281.0,116.0,50.0,32.0,34.0,39.0
2015-10-24,15.0,14.0,6.0,1.0,6.0,12.0,19.0,33.0,64.0,88.0,81.0,94.0,92.0,73.0,82.0,100.0,125.0,82.0,67.0,37.0,29.0,21.0,25.0,22.0
2015-10-25,10.0,9.0,4.0,1.0,3.0,6.0,13.0,18.0,42.0,50.0,61.0,78.0,95.0,96.0,124.0,99.0,55.0,37.0,41.0,27.0,14.0,3.0,10.0,6.0
2015-10-26,5.0,2.0,1.0,2.0,3.0,31.0,110.0,261.0,349.0,208.0,49.0,44.0,35.0,43.0,59.0,79.0,188.0,438.0,242.0,91.0,48.0,34.0,25.0,18.0
2015-10-27,10.0,2.0,4.0,0.0,8.0,46.0,143.0,395.0,548.0,280.0,97.0,99.0,81.0,106.0,118.0,146.0,313.0,626.0,372.0,155.0,73.0,66.0,39.0,28.0
2015-10-28,12.0,5.0,3.0,2.0,7.0,39.0,126.0,291.0,367.0,198.0,72.0,35.0,60.0,47.0,46.0,87.0,193.0,441.0,278.0,110.0,47.0,52.0,43.0,13.0
2015-10-29,5.0,6.0,0.0,2.0,6.0,30.0,123.0,336.0,443.0,220.0,98.0,72.0,66.0,73.0,80.0,114.0,252.0,496.0,305.0,119.0,68.0,40.0,30.0,23.0
2015-10-30,4.0,6.0,8.0,1.0,6.0,29.0,83.0,193.0,265.0,153.0,78.0,62.0,47.0,65.0,63.0,97.0,174.0,322.0,158.0,63.0,47.0,32.0,21.0,13.0
2015-10-31,11.0,6.0,11.0,1.0,1.0,9.0,9.0,12.0,27.0,23.0,32.0,22.0,41.0,35.0,40.0,43.0,42.0,32.0,27.0,19.0,14.0,14.0,17.0,6.0
2015-11-01,8.0,11.0,1.0,4.0,3.0,4.0,7.0,15.0,47.0,43.0,38.0,35.0,36.0,37.0,39.0,29.0,43.0,49.0,24.0,9.0,12.0,11.0,8.0,9.0
2015-11-02,7.0,1.0,1.0,4.0,4.0,40.0,129.0,359.0,475.0,206.0,74.0,38.0,61.0,57.0,66.0,113.0,269.0,548.0,333.0,99.0,56.0,47.0,28.0,9.0
2015-11-03,10.0,2.0,3.0,4.0,5.0,49.0,148.0,411.0,492.0,216.0,83.0,62.0,57.0,70.0,80.0,133.0,296.0,562.0,318.0,131.0,69.0,58.0,23.0,22.0
2015-11-04,4.0,4.0,3.0,4.0,6.0,40.0,152.0,420.0,478.0,241.0,102.0,65.0,79.0,83.0,95.0,133.0,279.0,563.0,343.0,128.0,100.0,51.0,41.0,18.0
2015-11-05,8.0,6.0,1.0,3.0,4.0,36.0,111.0,335.0,456.0,199.0,94.0,57.0,49.0,58.0,72.0,125.0,259.0,484.0,272.0,117.0,73.0,54.0,40.0,14.0
2015-11-06,7.0,8.0,2.0,3.0,7.0,30.0,101.0,270.0,340.0,180.0,76.0,68.0,61.0,73.0,104.0,121.0,242.0,354.0,207.0,120.0,41.0,31.0,32.0,21.0
2015-11-07,13.0,18.0,3.0,3.0,3.0,5.0,9.0,22.0,31.0,27.0,36.0,31.0,42.0,40.0,32.0,30.0,44.0,30.0,24.0,17.0,19.0,15.0,18.0,13.0
2015-11-08,6.0,10.0,0.0,8.0,0.0,4.0,5.0,19.0,39.0,40.0,45.0,35.0,38.0,44.0,64.0,78.0,110.0,49.0,23.0,21.0,13.0,12.0,6.0,12.0
2015-11-09,3.0,4.0,2.0,4.0,5.0,29.0,109.0,260.0,320.0,137.0,67.0,34.0,45.0,50.0,46.0,97.0,222.0,394.0,257.0,97.0,55.0,37.0,18.0,7.0
2015-11-10,7.0,0.0,2.0,4.0,6.0,35.0,129.0,413.0,501.0,241.0,88.0,76.0,89.0,79.0,78.0,118.0,298.0,568.0,318.0,132.0,76.0,52.0,33.0,14.0
2015-11-11,6.0,3.0,3.0,3.0,6.0,17.0,84.0,245.0,343.0,190.0,81.0,80.0,95.0,93.0,103.0,134.0,211.0,398.0,258.0,100.0,67.0,58.0,36.0,15.0
2015-11-12,4.0,5.0,1.0,4.0,5.0,42.0,115.0,318.0,427.0,186.0,86.0,60.0,45.0,48.0,54.0,108.0,189.0,403.0,241.0,114.0,37.0,53.0,19.0,11.0
2015-11-13,6.0,2.0,2.0,1.0,4.0,21.0,46.0,171.0,234.0,133.0,57.0,40.0,31.0,35.0,36.0,78.0,135.0,271.0,171.0,58.0,32.0,18.0,24.0,6.0
2015-11-14,6.0,6.0,2.0,1.0,2.0,5.0,8.0,19.0,26.0,23.0,20.0,45.0,45.0,31.0,26.0,26.0,24.0,19.0,19.0,17.0,8.0,8.0,5.0,14.0
2015-11-15,5.0,6.0,0.0,1.0,1.0,3.0,9.0,8.0,19.0,29.0,38.0,62.0,84.0,108.0,99.0,111.0,92.0,53.0,33.0,14.0,14.0,9.0,21.0,14.0
2015-11-16,8.0,1.0,3.0,1.0,4.0,25.0,103.0,307.0,394.0,212.0,56.0,55.0,26.0,40.0,41.0,75.0,191.0,409.0,254.0,90.0,45.0,36.0,19.0,8.0
2015-11-17,3.0,6.0,4.0,3.0,6.0,26.0,64.0,234.0,303.0,131.0,45.0,18.0,27.0,32.0,34.0,48.0,161.0,308.0,189.0,70.0,33.0,21.0,13.0,9.0
2015-11-18,7.0,4.0,1.0,3.0,8.0,35.0,113.0,322.0,450.0,212.0,93.0,53.0,64.0,84.0,73.0,114.0,240.0,467.0,313.0,116.0,81.0,41.0,22.0,11.0
2015-11-19,9.0,4.0,1.0,2.0,7.0,34.0,103.0,307.0,437.0,218.0,100.0,71.0,61.0,67.0,83.0,123.0,237.0,421.0,313.0,144.0,75.0,63.0,32.0,25.0
2015-11-20,10.0,7.0,1.0,1.0,9.0,34.0,86.0,238.0,368.0,225.0,73.0,57.0,74.0,75.0,88.0,113.0,233.0,373.0,223.0,102.0,45.0,33.0,26.0,26.0
2015-11-21,10.0,5.0,0.0,1.0,4.0,6.0,13.0,25.0,49.0,49.0,82.0,113.0,144.0,119.0,117.0,111.0,78.0,49.0,37.0,32.0,17.0,23.0,24.0,11.0
2015-11-22,11.0,3.0,5.0,2.0,1.0,2.0,5.0,15.0,39.0,64.0,64.0,85.0,92.0,97.0,130.0,123.0,67.0,57.0,38.0,20.0,13.0,5.0,9.0,11.0
2015-11-23,3.0,1.0,1.0,4.0,5.0,28.0,99.0,294.0,333.0,199.0,61.0,63.0,57.0,42.0,48.0,82.0,190.0,375.0,221.0,93.0,39.0,17.0,18.0,5.0
2015-11-24,4.0,4.0,2.0,2.0,5.0,23.0,74.0,191.0,275.0,153.0,68.0,44.0,48.0,45.0,51.0,93.0,166.0,323.0,218.0,77.0,35.0,24.0,20.0,7.0
2015-11-25,6.0,1.0,5.0,2.0,6.0,22.0,78.0,210.0,271.0,152.0,61.0,60.0,57.0,76.0,107.0,184.0,226.0,246.0,127.0,46.0,31.0,21.0,9.0,12.0
2015-11-26,7.0,7.0,3.0,2.0,1.0,4.0,7.0,10.0,13.0,24.0,38.0,53.0,80.0,61.0,65.0,26.0,21.0,7.0,9.0,9.0,8.0,65.0,4.0,8.0
2015-11-27,9.0,4.0,3.0,1.0,4.0,9.0,16.0,20.0,27.0,58.0,65.0,97.0,66.0,63.0,99.0,92.0,78.0,42.0,49.0,23.0,25.0,7.0,18.0,7.0
2015-11-28,5.0,5.0,1.0,4.0,5.0,5.0,4.0,15.0,26.0,34.0,53.0,64.0,76.0,93.0,99.0,106.0,74.0,37.0,26.0,21.0,12.0,13.0,11.0,9.0
2015-11-29,4.0,4.0,2.0,2.0,0.0,3.0,2.0,11.0,14.0,25.0,41.0,68.0,64.0,74.0,63.0,63.0,41.0,44.0,25.0,14.0,14.0,13.0,8.0,6.0
2015-11-30,2.0,3.0,1.0,5.0,3.0,32.0,79.0,264.0,372.0,184.0,52.0,57.0,48.0,65.0,70.0,83.0,185.0,379.0,279.0,82.0,47.0,19.0,13.0,5.0
2015-12-01,8.0,2.0,2.0,3.0,5.0,36.0,96.0,310.0,405.0,208.0,76.0,61.0,48.0,63.0,64.0,110.0,231.0,419.0,254.0,103.0,50.0,25.0,13.0,6.0
2015-12-02,5.0,1.0,3.0,6.0,8.0,29.0,116.0,274.0,358.0,176.0,80.0,51.0,50.0,47.0,70.0,91.0,196.0,419.0,272.0,98.0,72.0,50.0,23.0,20.0
2015-12-03,5.0,4.0,0.0,1.0,2.0,24.0,85.0,178.0,288.0,158.0,81.0,45.0,33.0,49.0,50.0,82.0,152.0,270.0,190.0,86.0,47.0,32.0,7.0,15.0
2015-12-04,7.0,2.0,2.0,3.0,5.0,22.0,76.0,221.0,319.0,205.0,70.0,55.0,60.0,62.0,85.0,119.0,216.0,337.0,191.0,83.0,42.0,38.0,23.0,25.0
2015-12-05,19.0,10.0,3.0,3.0,5.0,5.0,15.0,18.0,48.0,28.0,25.0,29.0,23.0,24.0,22.0,15.0,21.0,25.0,23.0,10.0,11.0,12.0,8.0,6.0
2015-12-06,1.0,4.0,1.0,1.0,0.0,2.0,6.0,4.0,16.0,34.0,22.0,28.0,55.0,61.0,73.0,64.0,25.0,22.0,19.0,13.0,14.0,5.0,5.0,5.0
2015-12-07,3.0,2.0,3.0,2.0,5.0,35.0,88.0,252.0,342.0,177.0,46.0,17.0,22.0,18.0,29.0,70.0,142.0,370.0,245.0,78.0,39.0,24.0,28.0,4.0
2015-12-08,3.0,3.0,3.0,4.0,4.0,21.0,73.0,194.0,307.0,161.0,43.0,29.0,23.0,20.0,32.0,67.0,110.0,298.0,196.0,85.0,35.0,21.0,13.0,11.0
2015-12-09,4.0,0.0,1.0,4.0,4.0,25.0,66.0,200.0,302.0,190.0,80.0,51.0,45.0,54.0,82.0,104.0,167.0,364.0,238.0,96.0,50.0,41.0,26.0,26.0
2015-12-10,3.0,5.0,2.0,3.0,5.0,23.0,81.0,239.0,317.0,131.0,53.0,19.0,13.0,21.0,35.0,62.0,155.0,287.0,194.0,77.0,49.0,32.0,20.0,15.0
2015-12-11,7.0,2.0,3.0,1.0,7.0,22.0,66.0,207.0,294.0,174.0,73.0,61.0,63.0,47.0,75.0,106.0,189.0,321.0,159.0,68.0,41.0,30.0,25.0,16.0
2015-12-12,13.0,10.0,8.0,1.0,5.0,12.0,15.0,18.0,32.0,27.0,41.0,30.0,26.0,19.0,25.0,30.0,36.0,24.0,27.0,13.0,12.0,7.0,10.0,6.0
2015-12-13,9.0,1.0,4.0,4.0,1.0,9.0,6.0,13.0,22.0,38.0,34.0,28.0,52.0,42.0,55.0,62.0,23.0,25.0,19.0,14.0,8.0,4.0,9.0,8.0
2015-12-14,5.0,2.0,3.0,2.0,11.0,32.0,88.0,288.0,406.0,172.0,72.0,52.0,58.0,58.0,54.0,105.0,191.0,403.0,290.0,102.0,48.0,42.0,23.0,14.0
2015-12-15,9.0,2.0,3.0,5.0,6.0,31.0,102.0,279.0,357.0,199.0,68.0,51.0,55.0,53.0,55.0,98.0,195.0,384.0,265.0,94.0,55.0,29.0,21.0,14.0
2015-12-16,10.0,1.0,2.0,2.0,7.0,29.0,101.0,244.0,349.0,193.0,85.0,52.0,54.0,60.0,66.0,105.0,167.0,407.0,257.0,103.0,56.0,41.0,23.0,22.0
2015-12-17,8.0,4.0,3.0,2.0,4.0,22.0,80.0,202.0,243.0,150.0,49.0,20.0,22.0,27.0,31.0,59.0,118.0,257.0,168.0,78.0,68.0,17.0,17.0,9.0
2015-12-18,3.0,4.0,1.0,0.0,3.0,16.0,59.0,169.0,246.0,144.0,65.0,45.0,50.0,43.0,59.0,97.0,159.0,276.0,133.0,60.0,25.0,24.0,17.0,10.0
2015-12-19,7.0,7.0,1.0,0.0,0.0,10.0,10.0,21.0,35.0,52.0,56.0,85.0,86.0,80.0,95.0,73.0,46.0,38.0,31.0,9.0,16.0,15.0,17.0,18.0
2015-12-20,4.0,6.0,0.0,2.0,4.0,4.0,6.0,6.0,27.0,19.0,42.0,59.0,46.0,48.0,52.0,41.0,40.0,32.0,21.0,8.0,22.0,11.0,5.0,7.0
2015-12-21,5.0,0.0,1.0,4.0,4.0,16.0,74.0,167.0,201.0,89.0,30.0,12.0,19.0,19.0,25.0,38.0,97.0,227.0,145.0,52.0,19.0,13.0,14.0,4.0
2015-12-22,1.0,4.0,2.0,3.0,2.0,21.0,74.0,177.0,219.0,135.0,62.0,39.0,51.0,39.0,54.0,80.0,158.0,249.0,148.0,54.0,24.0,18.0,12.0,9.0
2015-12-23,3.0,4.0,0.0,1.0,3.0,27.0,59.0,121.0,149.0,100.0,37.0,37.0,46.0,41.0,58.0,77.0,131.0,159.0,69.0,41.0,23.0,13.0,8.0,12.0
2015-12-24,6.0,3.0,1.0,1.0,2.0,6.0,22.0,52.0,54.0,46.0,28.0,36.0,48.0,62.0,65.0,60.0,30.0,25.0,18.0,10.0,6.0,4.0,5.0,2.0
2015-12-25,1.0,3.0,4.0,0.0,1.0,1.0,1.0,6.0,4.0,4.0,11.0,23.0,26.0,24.0,45.0,43.0,20.0,11.0,8.0,10.0,6.0,6.0,4.0,2.0
2015-12-26,2.0,0.0,0.0,0.0,1.0,10.0,6.0,9.0,11.0,19.0,42.0,46.0,43.0,50.0,55.0,53.0,37.0,33.0,21.0,7.0,16.0,14.0,7.0,6.0
2015-12-27,5.0,5.0,2.0,2.0,1.0,3.0,9.0,5.0,14.0,16.0,20.0,18.0,12.0,14.0,16.0,11.0,14.0,5.0,5.0,6.0,2.0,5.0,7.0,5.0
2015-12-28,4.0,0.0,1.0,1.0,3.0,12.0,47.0,118.0,158.0,85.0,43.0,32.0,29.0,43.0,41.0,82.0,115.0,208.0,93.0,30.0,24.0,5.0,13.0,19.0
2015-12-29,3.0,0.0,1.0,0.0,6.0,12.0,52.0,134.0,199.0,108.0,72.0,42.0,45.0,74.0,63.0,81.0,149.0,204.0,141.0,49.0,29.0,18.0,16.0,10.0
2015-12-30,7.0,2.0,0.0,0.0,5.0,21.0,42.0,134.0,166.0,98.0,64.0,46.0,53.0,66.0,84.0,92.0,150.0,212.0,107.0,41.0,29.0,14.0,9.0,18.0
2015-12-31,5.0,3.0,2.0,0.0,5.0,16.0,33.0,74.0,100.0,65.0,43.0,46.0,68.0,80.0,105.0,110.0,109.0,81.0,44.0,23.0,12.0,16.0,12.0,13.0
2016-01-01,18.0,15.0,11.0,7.0,2.0,6.0,3.0,3.0,11.0,19.0,24.0,23.0,51.0,78.0,84.0,65.0,57.0,26.0,11.0,12.0,12.0,9.0,11.0,4.0
2016-01-02,3.0,0.0,1.0,0.0,3.0,2.0,6.0,11.0,22.0,33.0,45.0,64.0,63.0,100.0,101.0,96.0,59.0,33.0,30.0,20.0,11.0,9.0,14.0,7.0
2016-01-03,2.0,4.0,4.0,1.0,0.0,6.0,6.0,11.0,20.0,38.0,47.0,60.0,43.0,51.0,29.0,34.0,28.0,16.0,12.0,10.0,11.0,5.0,3.0,3.0
2016-01-04,0.0,1.0,0.0,3.0,5.0,20.0,71.0,195.0,295.0,147.0,54.0,24.0,21.0,33.0,41.0,58.0,148.0,321.0,224.0,65.0,37.0,16.0,13.0,9.0
2016-01-05,4.0,1.0,1.0,0.0,6.0,26.0,85.0,248.0,300.0,160.0,72.0,33.0,30.0,36.0,45.0,82.0,179.0,366.0,229.0,87.0,37.0,28.0,16.0,7.0
2016-01-06,5.0,2.0,2.0,4.0,7.0,31.0,99.0,300.0,374.0,233.0,71.0,62.0,71.0,66.0,70.0,97.0,240.0,428.0,270.0,120.0,54.0,35.0,35.0,8.0
2016-01-07,10.0,3.0,0.0,1.0,5.0,29.0,113.0,271.0,373.0,208.0,69.0,35.0,54.0,40.0,60.0,112.0,178.0,420.0,278.0,170.0,61.0,35.0,29.0,28.0
2016-01-08,12.0,9.0,2.0,0.0,5.0,33.0,79.0,264.0,329.0,184.0,64.0,57.0,61.0,67.0,84.0,123.0,227.0,354.0,227.0,79.0,49.0,28.0,24.0,23.0
2016-01-09,8.0,7.0,6.0,1.0,1.0,13.0,9.0,18.0,41.0,48.0,74.0,66.0,113.0,104.0,97.0,107.0,70.0,55.0,27.0,35.0,16.0,17.0,17.0,10.0
2016-01-10,6.0,4.0,3.0,2.0,0.0,6.0,6.0,18.0,23.0,58.0,60.0,63.0,77.0,125.0,166.0,135.0,110.0,46.0,24.0,19.0,14.0,11.0,12.0,5.0
2016-01-11,3.0,4.0,0.0,2.0,9.0,27.0,90.0,284.0,339.0,151.0,60.0,31.0,27.0,30.0,44.0,69.0,177.0,369.0,247.0,93.0,46.0,25.0,17.0,10.0
2016-01-12,2.0,1.0,1.0,1.0,5.0,26.0,90.0,254.0,313.0,169.0,56.0,36.0,34.0,25.0,45.0,73.0,157.0,338.0,206.0,74.0,34.0,20.0,16.0,2.0
2016-01-13,3.0,5.0,1.0,1.0,3.0,32.0,92.0,194.0,238.0,124.0,49.0,40.0,28.0,30.0,42.0,89.0,140.0,333.0,203.0,63.0,44.0,25.0,22.0,5.0
2016-01-14,3.0,4.0,1.0,1.0,4.0,27.0,102.0,268.0,372.0,179.0,105.0,43.0,69.0,72.0,76.0,118.0,211.0,404.0,285.0,108.0,65.0,58.0,27.0,21.0
2016-01-15,11.0,1.0,1.0,2.0,3.0,23.0,79.0,207.0,277.0,182.0,54.0,32.0,34.0,46.0,60.0,85.0,167.0,312.0,178.0,78.0,34.0,15.0,17.0,14.0
2016-01-16,7.0,5.0,1.0,0.0,2.0,9.0,11.0,14.0,23.0,18.0,33.0,58.0,63.0,73.0,58.0,34.0,33.0,28.0,17.0,22.0,15.0,17.0,15.0,18.0
2016-01-17,10.0,7.0,0.0,1.0,1.0,4.0,5.0,7.0,24.0,15.0,21.0,19.0,36.0,29.0,37.0,40.0,36.0,34.0,11.0,18.0,12.0,15.0,12.0,8.0
2016-01-18,2.0,0.0,0.0,1.0,4.0,16.0,53.0,132.0,181.0,128.0,66.0,65.0,73.0,92.0,128.0,108.0,125.0,233.0,170.0,56.0,44.0,12.0,13.0,6.0
2016-01-19,5.0,0.0,2.0,1.0,4.0,39.0,103.0,288.0,415.0,199.0,53.0,64.0,42.0,33.0,48.0,71.0,170.0,362.0,251.0,114.0,44.0,29.0,15.0,7.0
2016-01-20,6.0,4.0,2.0,0.0,9.0,29.0,96.0,276.0,369.0,213.0,70.0,43.0,47.0,48.0,80.0,100.0,236.0,412.0,293.0,124.0,60.0,43.0,19.0,9.0
2016-01-21,5.0,0.0,0.0,1.0,4.0,20.0,74.0,181.0,203.0,104.0,38.0,17.0,12.0,15.0,30.0,36.0,96.0,235.0,165.0,49.0,42.0,22.0,16.0,3.0
2016-01-22,11.0,2.0,0.0,2.0,4.0,17.0,56.0,185.0,306.0,168.0,65.0,53.0,72.0,52.0,91.0,109.0,212.0,333.0,207.0,92.0,44.0,31.0,25.0,23.0
2016-01-23,9.0,11.0,7.0,1.0,3.0,6.0,4.0,13.0,23.0,29.0,27.0,30.0,29.0,26.0,34.0,34.0,18.0,30.0,28.0,12.0,10.0,13.0,14.0,7.0
2016-01-24,4.0,4.0,3.0,1.0,1.0,5.0,8.0,13.0,35.0,45.0,65.0,128.0,123.0,123.0,133.0,98.0,108.0,63.0,38.0,11.0,16.0,10.0,8.0,9.0
2016-01-25,3.0,1.0,2.0,2.0,5.0,30.0,119.0,329.0,429.0,214.0,86.0,87.0,50.0,74.0,86.0,141.0,245.0,501.0,312.0,132.0,50.0,28.0,28.0,14.0
2016-01-26,3.0,4.0,2.0,2.0,3.0,26.0,99.0,267.0,340.0,145.0,55.0,30.0,34.0,33.0,47.0,79.0,162.0,368.0,254.0,95.0,65.0,31.0,14.0,10.0
2016-01-27,4.0,2.0,2.0,2.0,3.0,30.0,102.0,283.0,362.0,194.0,76.0,48.0,50.0,53.0,59.0,88.0,191.0,370.0,226.0,95.0,48.0,44.0,13.0,5.0
2016-01-28,3.0,3.0,2.0,1.0,3.0,23.0,77.0,209.0,267.0,160.0,58.0,34.0,23.0,41.0,63.0,86.0,174.0,388.0,209.0,114.0,72.0,31.0,33.0,19.0
2016-01-29,8.0,3.0,0.0,1.0,4.0,31.0,84.0,234.0,265.0,151.0,50.0,33.0,35.0,46.0,55.0,106.0,196.0,330.0,183.0,76.0,38.0,18.0,23.0,19.0
2016-01-30,9.0,1.0,5.0,1.0,5.0,13.0,15.0,29.0,46.0,74.0,84.0,75.0,89.0,92.0,104.0,101.0,92.0,52.0,42.0,30.0,14.0,13.0,21.0,20.0
2016-01-31,5.0,4.0,2.0,3.0,0.0,6.0,6.0,12.0,30.0,65.0,74.0,89.0,80.0,92.0,73.0,66.0,63.0,38.0,50.0,21.0,15.0,10.0,5.0,6.0
2016-02-01,6.0,2.0,2.0,0.0,4.0,30.0,126.0,321.0,392.0,196.0,94.0,60.0,39.0,66.0,78.0,87.0,222.0,476.0,286.0,132.0,58.0,22.0,21.0,7.0
2016-02-02,2.0,1.0,1.0,3.0,7.0,38.0,115.0,369.0,432.0,234.0,82.0,63.0,84.0,84.0,84.0,140.0,259.0,513.0,324.0,133.0,70.0,43.0,40.0,13.0
2016-02-03,5.0,3.0,2.0,2.0,5.0,31.0,115.0,290.0,366.0,202.0,73.0,51.0,36.0,40.0,46.0,73.0,161.0,378.0,216.0,92.0,49.0,29.0,18.0,4.0
2016-02-04,7.0,2.0,0.0,2.0,5.0,30.0,124.0,242.0,334.0,192.0,62.0,36.0,41.0,46.0,55.0,88.0,188.0,370.0,247.0,106.0,54.0,43.0,34.0,13.0
2016-02-05,7.0,4.0,2.0,2.0,5.0,28.0,99.0,245.0,320.0,191.0,76.0,59.0,63.0,61.0,62.0,89.0,160.0,293.0,178.0,79.0,31.0,18.0,22.0,7.0
2016-02-06,9.0,6.0,3.0,0.0,2.0,11.0,12.0,26.0,43.0,46.0,53.0,73.0,68.0,87.0,81.0,80.0,74.0,56.0,47.0,29.0,24.0,16.0,19.0,19.0
2016-02-07,12.0,8.0,2.0,4.0,2.0,5.0,7.0,20.0,32.0,64.0,80.0,89.0,128.0,119.0,133.0,91.0,48.0,45.0,33.0,30.0,24.0,12.0,13.0,9.0
2016-02-08,4.0,0.0,4.0,2.0,2.0,39.0,121.0,332.0,454.0,236.0,68.0,62.0,72.0,89.0,107.0,153.0,272.0,535.0,334.0,143.0,67.0,28.0,27.0,9.0
2016-02-09,10.0,5.0,4.0,1.0,6.0,33.0,133.0,374.0,502.0,228.0,80.0,56.0,90.0,93.0,115.0,158.0,341.0,598.0,332.0,141.0,79.0,41.0,20.0,15.0
2016-02-10,5.0,4.0,5.0,2.0,6.0,30.0,130.0,313.0,419.0,197.0,74.0,29.0,26.0,34.0,57.0,77.0,174.0,422.0,275.0,98.0,47.0,37.0,22.0,12.0
2016-02-11,7.0,4.0,5.0,4.0,9.0,30.0,106.0,290.0,340.0,170.0,56.0,42.0,46.0,44.0,53.0,83.0,159.0,348.0,238.0,100.0,49.0,33.0,23.0,14.0
2016-02-12,5.0,1.0,5.0,0.0,7.0,26.0,76.0,213.0,297.0,105.0,35.0,18.0,41.0,49.0,72.0,102.0,197.0,323.0,165.0,84.0,40.0,23.0,19.0,17.0
2016-02-13,14.0,6.0,3.0,0.0,1.0,12.0,11.0,23.0,58.0,47.0,95.0,65.0,72.0,38.0,46.0,32.0,26.0,26.0,22.0,11.0,22.0,15.0,12.0,16.0
2016-02-14,3.0,3.0,2.0,0.0,1.0,7.0,7.0,13.0,26.0,24.0,41.0,59.0,60.0,54.0,70.0,61.0,52.0,29.0,30.0,18.0,19.0,13.0,11.0,3.0
2016-02-15,6.0,1.0,2.0,2.0,3.0,11.0,40.0,85.0,138.0,86.0,35.0,29.0,27.0,27.0,37.0,45.0,73.0,131.0,96.0,49.0,23.0,16.0,12.0,3.0
2016-02-16,4.0,2.0,5.0,2.0,5.0,26.0,93.0,248.0,345.0,172.0,81.0,58.0,50.0,73.0,66.0,96.0,193.0,387.0,297.0,131.0,63.0,43.0,19.0,10.0
2016-02-17,5.0,2.0,0.0,2.0,6.0,28.0,99.0,315.0,361.0,207.0,78.0,51.0,58.0,52.0,53.0,73.0,164.0,410.0,270.0,102.0,56.0,28.0,13.0,9.0
2016-02-18,8.0,1.0,2.0,2.0,4.0,25.0,101.0,261.0,306.0,189.0,78.0,38.0,40.0,54.0,60.0,83.0,183.0,389.0,263.0,110.0,63.0,33.0,26.0,14.0
2016-02-19,12.0,5.0,4.0,1.0,6.0,26.0,75.0,199.0,237.0,109.0,44.0,23.0,32.0,22.0,42.0,70.0,121.0,245.0,135.0,78.0,33.0,27.0,14.0,7.0
2016-02-20,4.0,4.0,5.0,3.0,4.0,9.0,11.0,37.0,62.0,108.0,111.0,135.0,170.0,223.0,187.0,147.0,168.0,112.0,81.0,23.0,35.0,15.0,20.0,18.0
2016-02-21,13.0,9.0,1.0,2.0,4.0,3.0,2.0,14.0,46.0,54.0,52.0,76.0,38.0,23.0,57.0,57.0,67.0,44.0,28.0,18.0,28.0,20.0,12.0,3.0
2016-02-22,7.0,1.0,2.0,1.0,4.0,33.0,109.0,321.0,406.0,216.0,67.0,53.0,31.0,52.0,69.0,113.0,224.0,514.0,301.0,116.0,69.0,37.0,16.0,7.0
2016-02-23,9.0,1.0,3.0,2.0,8.0,43.0,123.0,384.0,442.0,226.0,102.0,88.0,69.0,80.0,113.0,134.0,286.0,549.0,321.0,117.0,86.0,51.0,35.0,14.0
2016-02-24,9.0,1.0,0.0,1.0,11.0,36.0,139.0,311.0,431.0,210.0,108.0,64.0,58.0,68.0,54.0,114.0,254.0,522.0,304.0,130.0,67.0,45.0,30.0,15.0
2016-02-25,6.0,1.0,2.0,2.0,8.0,37.0,132.0,352.0,470.0,214.0,116.0,64.0,78.0,99.0,95.0,142.0,286.0,560.0,327.0,137.0,89.0,43.0,41.0,21.0
2016-02-26,10.0,6.0,2.0,0.0,5.0,29.0,88.0,278.0,366.0,189.0,112.0,83.0,81.0,68.0,85.0,116.0,201.0,331.0,175.0,79.0,29.0,27.0,21.0,14.0
2016-02-27,6.0,3.0,0.0,2.0,5.0,7.0,5.0,33.0,48.0,47.0,72.0,101.0,117.0,107.0,113.0,145.0,138.0,119.0,56.0,40.0,38.0,15.0,23.0,17.0
2016-02-28,13.0,14.0,5.0,1.0,2.0,7.0,25.0,57.0,54.0,37.0,29.0,46.0,46.0,47.0,56.0,55.0,53.0,34.0,29.0,12.0,11.0,15.0,9.0,7.0
2016-02-29,4.0,0.0,0.0,1.0,4.0,30.0,109.0,263.0,352.0,179.0,63.0,58.0,65.0,64.0,78.0,95.0,217.0,446.0,276.0,109.0,57.0,32.0,15.0,12.0
2016-03-01,4.0,0.0,3.0,0.0,9.0,24.0,76.0,218.0,332.0,144.0,43.0,22.0,27.0,26.0,30.0,57.0,135.0,339.0,231.0,70.0,31.0,17.0,13.0,8.0
2016-03-02,0.0,1.0,2.0,1.0,4.0,37.0,113.0,271.0,391.0,204.0,68.0,55.0,64.0,59.0,71.0,99.0,213.0,426.0,232.0,107.0,64.0,23.0,20.0,7.0
2016-03-03,8.0,6.0,2.0,0.0,10.0,34.0,111.0,266.0,373.0,195.0,65.0,51.0,38.0,44.0,50.0,79.0,198.0,422.0,269.0,125.0,70.0,37.0,27.0,15.0
2016-03-04,8.0,2.0,6.0,1.0,10.0,31.0,85.0,289.0,362.0,199.0,77.0,58.0,64.0,51.0,61.0,81.0,173.0,331.0,184.0,78.0,43.0,25.0,21.0,15.0
2016-03-05,12.0,5.0,2.0,2.0,4.0,7.0,6.0,28.0,73.0,109.0,124.0,156.0,172.0,181.0,230.0,187.0,135.0,94.0,66.0,30.0,23.0,17.0,17.0,20.0
2016-03-06,10.0,5.0,4.0,1.0,5.0,2.0,18.0,17.0,37.0,42.0,53.0,56.0,39.0,42.0,83.0,57.0,62.0,53.0,32.0,19.0,18.0,12.0,10.0,5.0
2016-03-07,2.0,2.0,2.0,2.0,7.0,24.0,107.0,212.0,275.0,133.0,30.0,26.0,32.0,39.0,55.0,72.0,177.0,375.0,222.0,105.0,58.0,28.0,24.0,13.0
2016-03-08,4.0,4.0,2.0,0.0,8.0,30.0,129.0,331.0,443.0,202.0,78.0,69.0,58.0,81.0,69.0,82.0,237.0,483.0,312.0,136.0,70.0,36.0,23.0,14.0
2016-03-09,2.0,4.0,1.0,2.0,6.0,32.0,118.0,252.0,335.0,177.0,63.0,46.0,41.0,29.0,37.0,52.0,139.0,311.0,205.0,84.0,50.0,18.0,14.0,6.0
2016-03-10,3.0,1.0,4.0,2.0,7.0,25.0,76.0,203.0,256.0,146.0,65.0,51.0,42.0,44.0,47.0,82.0,152.0,368.0,214.0,106.0,57.0,55.0,25.0,11.0
2016-03-11,7.0,5.0,4.0,2.0,7.0,35.0,75.0,255.0,364.0,187.0,79.0,61.0,97.0,55.0,39.0,78.0,180.0,337.0,173.0,87.0,42.0,28.0,19.0,10.0
2016-03-12,6.0,2.0,5.0,0.0,6.0,10.0,7.0,21.0,24.0,21.0,62.0,73.0,88.0,64.0,63.0,61.0,60.0,26.0,25.0,18.0,21.0,11.0,15.0,7.0
2016-03-13,4.0,4.0,,1.0,0.0,2.0,5.0,8.0,21.0,23.0,16.0,16.0,19.0,29.0,28.0,36.0,24.0,22.0,30.0,11.0,13.0,9.0,10.0,3.0
2016-03-14,2.0,2.0,2.0,1.0,6.0,23.0,86.0,218.0,324.0,181.0,53.0,41.0,40.0,45.0,58.0,103.0,145.0,353.0,270.0,99.0,56.0,18.0,11.0,10.0
2016-03-15,4.0,1.0,3.0,0.0,3.0,30.0,116.0,252.0,354.0,193.0,76.0,60.0,34.0,50.0,56.0,104.0,179.0,434.0,313.0,127.0,64.0,41.0,30.0,15.0
2016-03-16,12.0,4.0,5.0,1.0,4.0,31.0,104.0,304.0,443.0,234.0,110.0,63.0,64.0,78.0,68.0,109.0,243.0,514.0,400.0,148.0,92.0,48.0,30.0,5.0
2016-03-17,7.0,2.0,1.0,1.0,2.0,29.0,127.0,291.0,427.0,236.0,105.0,64.0,93.0,82.0,104.0,147.0,244.0,526.0,393.0,157.0,83.0,50.0,46.0,31.0
2016-03-18,11.0,5.0,0.0,0.0,7.0,30.0,85.0,249.0,359.0,219.0,117.0,70.0,96.0,84.0,115.0,161.0,252.0,411.0,292.0,106.0,63.0,37.0,29.0,13.0
2016-03-19,13.0,7.0,6.0,3.0,3.0,8.0,15.0,36.0,57.0,101.0,140.0,120.0,100.0,153.0,121.0,132.0,123.0,123.0,73.0,51.0,33.0,38.0,24.0,14.0
2016-03-20,5.0,6.0,3.0,0.0,2.0,5.0,4.0,13.0,32.0,53.0,55.0,59.0,32.0,37.0,42.0,46.0,32.0,35.0,19.0,20.0,19.0,11.0,7.0,4.0
2016-03-21,2.0,5.0,1.0,0.0,3.0,21.0,105.0,233.0,315.0,151.0,43.0,26.0,29.0,39.0,36.0,67.0,138.0,391.0,268.0,87.0,42.0,22.0,18.0,6.0
2016-03-22,2.0,1.0,1.0,3.0,5.0,31.0,112.0,298.0,366.0,183.0,67.0,43.0,63.0,67.0,74.0,102.0,221.0,419.0,300.0,114.0,74.0,36.0,20.0,9.0
2016-03-23,6.0,3.0,3.0,4.0,4.0,28.0,104.0,250.0,350.0,209.0,72.0,47.0,33.0,42.0,36.0,84.0,168.0,401.0,287.0,108.0,53.0,22.0,13.0,9.0
2016-03-24,7.0,2.0,2.0,1.0,3.0,25.0,113.0,250.0,385.0,185.0,104.0,64.0,74.0,59.0,65.0,109.0,219.0,443.0,290.0,122.0,79.0,30.0,27.0,11.0
2016-03-25,11.0,4.0,2.0,1.0,7.0,29.0,95.0,248.0,361.0,191.0,96.0,52.0,79.0,75.0,108.0,144.0,234.0,424.0,257.0,128.0,47.0,54.0,28.0,16.0
2016-03-26,9.0,4.0,12.0,2.0,3.0,8.0,18.0,36.0,45.0,87.0,84.0,140.0,187.0,221.0,223.0,186.0,151.0,120.0,113.0,73.0,29.0,18.0,17.0,19.0
2016-03-27,8.0,8.0,5.0,3.0,2.0,1.0,6.0,8.0,30.0,34.0,33.0,30.0,25.0,35.0,48.0,39.0,40.0,24.0,19.0,15.0,10.0,12.0,9.0,2.0
2016-03-28,2.0,1.0,2.0,1.0,7.0,35.0,131.0,330.0,488.0,216.0,66.0,42.0,42.0,55.0,56.0,101.0,242.0,541.0,390.0,198.0,79.0,51.0,24.0,11.0
2016-03-29,6.0,5.0,2.0,2.0,8.0,36.0,152.0,395.0,544.0,273.0,109.0,81.0,100.0,94.0,89.0,175.0,323.0,649.0,447.0,224.0,108.0,61.0,31.0,12.0
2016-03-30,7.0,4.0,6.0,3.0,8.0,38.0,151.0,432.0,518.0,297.0,103.0,121.0,97.0,95.0,114.0,170.0,353.0,726.0,530.0,249.0,120.0,86.0,46.0,27.0
2016-03-31,14.0,3.0,1.0,2.0,6.0,40.0,139.0,438.0,527.0,298.0,144.0,97.0,114.0,105.0,125.0,170.0,369.0,658.0,486.0,225.0,105.0,65.0,41.0,26.0
2016-04-01,13.0,8.0,6.0,5.0,2.0,35.0,137.0,362.0,499.0,243.0,140.0,98.0,130.0,117.0,173.0,210.0,431.0,602.0,316.0,181.0,80.0,51.0,37.0,40.0
2016-04-02,23.0,11.0,5.0,1.0,2.0,8.0,30.0,34.0,61.0,95.0,115.0,133.0,172.0,159.0,174.0,239.0,168.0,169.0,135.0,79.0,62.0,39.0,27.0,27.0
2016-04-03,16.0,5.0,7.0,4.0,2.0,11.0,93.0,101.0,62.0,111.0,185.0,183.0,171.0,231.0,178.0,201.0,173.0,153.0,90.0,63.0,52.0,17.0,14.0,4.0
2016-04-04,1.0,1.0,1.0,0.0,4.0,30.0,110.0,300.0,439.0,216.0,98.0,49.0,57.0,52.0,55.0,81.0,199.0,497.0,304.0,152.0,70.0,46.0,31.0,11.0
2016-04-05,6.0,4.0,3.0,1.0,8.0,42.0,137.0,413.0,527.0,257.0,96.0,77.0,67.0,61.0,83.0,122.0,291.0,600.0,386.0,192.0,94.0,42.0,23.0,12.0
2016-04-06,6.0,6.0,3.0,2.0,9.0,42.0,136.0,457.0,541.0,255.0,143.0,87.0,105.0,77.0,110.0,182.0,367.0,730.0,503.0,225.0,111.0,66.0,32.0,25.0
2016-04-07,7.0,6.0,2.0,2.0,8.0,48.0,171.0,446.0,581.0,262.0,128.0,121.0,124.0,119.0,139.0,208.0,444.0,724.0,504.0,256.0,127.0,80.0,41.0,35.0
2016-04-08,18.0,7.0,5.0,1.0,10.0,44.0,129.0,377.0,483.0,298.0,136.0,96.0,107.0,113.0,125.0,184.0,375.0,622.0,344.0,172.0,117.0,55.0,36.0,29.0
2016-04-09,23.0,18.0,7.0,1.0,4.0,8.0,17.0,59.0,97.0,129.0,139.0,146.0,218.0,210.0,215.0,215.0,239.0,177.0,150.0,106.0,51.0,60.0,30.0,28.0
2016-04-10,25.0,13.0,10.0,2.0,3.0,7.0,8.0,28.0,55.0,82.0,103.0,156.0,146.0,150.0,147.0,136.0,145.0,147.0,103.0,64.0,27.0,19.0,22.0,5.0
2016-04-11,4.0,3.0,3.0,1.0,3.0,35.0,116.0,335.0,480.0,264.0,91.0,58.0,60.0,64.0,83.0,127.0,260.0,543.0,363.0,162.0,81.0,38.0,30.0,21.0
2016-04-12,8.0,3.0,3.0,2.0,7.0,34.0,112.0,288.0,402.0,219.0,98.0,68.0,75.0,64.0,57.0,88.0,143.0,325.0,275.0,112.0,65.0,32.0,17.0,6.0
2016-04-13,5.0,4.0,1.0,1.0,3.0,26.0,112.0,271.0,369.0,212.0,78.0,74.0,66.0,77.0,63.0,99.0,229.0,505.0,359.0,176.0,106.0,60.0,26.0,16.0
2016-04-14,10.0,3.0,3.0,0.0,3.0,33.0,109.0,305.0,425.0,227.0,100.0,77.0,76.0,81.0,87.0,150.0,275.0,531.0,375.0,169.0,98.0,52.0,28.0,24.0
2016-04-15,9.0,7.0,3.0,0.0,6.0,34.0,102.0,281.0,361.0,217.0,101.0,96.0,78.0,79.0,98.0,151.0,255.0,438.0,243.0,147.0,60.0,46.0,30.0,26.0
2016-04-16,13.0,6.0,2.0,2.0,4.0,17.0,16.0,49.0,111.0,109.0,154.0,207.0,213.0,195.0,209.0,207.0,175.0,172.0,161.0,86.0,67.0,56.0,38.0,12.0
2016-04-17,17.0,8.0,10.0,5.0,2.0,7.0,11.0,37.0,76.0,102.0,120.0,217.0,174.0,269.0,231.0,200.0,203.0,172.0,141.0,83.0,72.0,32.0,17.0,17.0
2016-04-18,9.0,5.0,4.0,1.0,5.0,38.0,169.0,496.0,632.0,271.0,135.0,95.0,103.0,110.0,118.0,182.0,371.0,813.0,594.0,265.0,135.0,64.0,48.0,15.0
2016-04-19,10.0,5.0,4.0,3.0,8.0,49.0,179.0,539.0,656.0,317.0,128.0,98.0,114.0,112.0,132.0,206.0,382.0,816.0,523.0,251.0,183.0,90.0,45.0,27.0
2016-04-20,9.0,8.0,5.0,4.0,9.0,53.0,272.0,486.0,601.0,327.0,121.0,99.0,112.0,103.0,136.0,181.0,378.0,783.0,512.0,271.0,152.0,85.0,57.0,22.0
2016-04-21,14.0,5.0,4.0,0.0,7.0,47.0,146.0,493.0,552.0,284.0,113.0,92.0,88.0,94.0,114.0,180.0,356.0,687.0,498.0,216.0,124.0,79.0,57.0,26.0
2016-04-22,18.0,9.0,2.0,2.0,7.0,31.0,110.0,292.0,408.0,207.0,114.0,66.0,64.0,65.0,77.0,120.0,222.0,411.0,236.0,125.0,48.0,47.0,21.0,16.0
2016-04-23,17.0,1.0,6.0,5.0,2.0,8.0,8.0,37.0,81.0,166.0,135.0,119.0,146.0,169.0,154.0,143.0,135.0,108.0,71.0,54.0,39.0,19.0,23.0,25.0
2016-04-24,8.0,6.0,5.0,0.0,5.0,2.0,11.0,22.0,39.0,28.0,18.0,26.0,22.0,21.0,39.0,38.0,38.0,46.0,31.0,16.0,16.0,8.0,13.0,5.0
2016-04-25,5.0,1.0,1.0,0.0,7.0,36.0,109.0,267.0,395.0,234.0,81.0,40.0,61.0,69.0,63.0,135.0,229.0,516.0,355.0,161.0,74.0,31.0,33.0,26.0
2016-04-26,11.0,5.0,4.0,3.0,8.0,36.0,167.0,444.0,571.0,268.0,115.0,83.0,92.0,72.0,109.0,158.0,324.0,703.0,476.0,227.0,119.0,56.0,49.0,18.0
2016-04-27,10.0,3.0,4.0,1.0,10.0,37.0,168.0,392.0,537.0,256.0,110.0,82.0,70.0,81.0,99.0,127.0,310.0,599.0,466.0,193.0,109.0,71.0,39.0,19.0
2016-04-28,16.0,4.0,4.0,2.0,8.0,33.0,159.0,404.0,526.0,261.0,129.0,82.0,81.0,84.0,109.0,145.0,338.0,637.0,426.0,204.0,95.0,61.0,33.0,29.0
2016-04-29,16.0,5.0,2.0,3.0,8.0,33.0,124.0,307.0,370.0,209.0,82.0,59.0,50.0,60.0,74.0,161.0,268.0,493.0,276.0,145.0,77.0,51.0,43.0,25.0
2016-04-30,13.0,8.0,8.0,3.0,2.0,12.0,16.0,56.0,93.0,118.0,139.0,191.0,194.0,168.0,200.0,218.0,208.0,204.0,144.0,102.0,54.0,43.0,24.0,27.0
2016-05-01,19.0,16.0,5.0,6.0,2.0,8.0,16.0,40.0,85.0,112.0,207.0,194.0,226.0,258.0,249.0,229.0,243.0,185.0,133.0,96.0,67.0,39.0,38.0,15.0
2016-05-02,13.0,6.0,6.0,3.0,11.0,59.0,227.0,622.0,819.0,377.0,146.0,112.0,102.0,132.0,135.0,223.0,470.0,952.0,609.0,292.0,170.0,77.0,59.0,34.0
2016-05-03,17.0,6.0,2.0,4.0,12.0,63.0,254.0,606.0,731.0,325.0,167.0,86.0,128.0,105.0,132.0,204.0,419.0,921.0,592.0,288.0,116.0,73.0,42.0,20.0
2016-05-04,20.0,7.0,4.0,3.0,10.0,65.0,208.0,442.0,552.0,295.0,113.0,63.0,64.0,83.0,89.0,134.0,310.0,718.0,444.0,230.0,119.0,57.0,38.0,21.0
2016-05-05,10.0,0.0,3.0,5.0,10.0,46.0,208.0,552.0,679.0,347.0,162.0,97.0,102.0,109.0,103.0,189.0,403.0,779.0,525.0,265.0,166.0,111.0,55.0,32.0
2016-05-06,21.0,9.0,4.0,1.0,13.0,53.0,192.0,533.0,592.0,315.0,131.0,115.0,131.0,124.0,160.0,224.0,479.0,680.0,414.0,226.0,118.0,72.0,68.0,42.0
2016-05-07,26.0,16.0,12.0,1.0,4.0,13.0,31.0,78.0,109.0,166.0,192.0,208.0,318.0,241.0,251.0,219.0,183.0,172.0,174.0,115.0,70.0,92.0,49.0,30.0
2016-05-08,17.0,12.0,13.0,1.0,2.0,9.0,5.0,16.0,23.0,51.0,52.0,92.0,101.0,101.0,109.0,97.0,133.0,129.0,81.0,52.0,35.0,26.0,18.0,3.0
2016-05-09,6.0,3.0,7.0,4.0,6.0,53.0,190.0,534.0,669.0,330.0,101.0,82.0,98.0,103.0,117.0,196.0,369.0,864.0,560.0,258.0,158.0,67.0,44.0,33.0
2016-05-10,11.0,7.0,5.0,5.0,12.0,59.0,259.0,629.0,766.0,338.0,130.0,83.0,110.0,132.0,118.0,218.0,430.0,957.0,597.0,323.0,189.0,86.0,55.0,30.0
2016-05-11,21.0,6.0,5.0,4.0,12.0,45.0,244.0,600.0,741.0,341.0,165.0,101.0,120.0,134.0,142.0,228.0,421.0,873.0,593.0,307.0,183.0,103.0,69.0,36.0
2016-05-12,14.0,4.0,2.0,1.0,10.0,50.0,227.0,565.0,674.0,327.0,134.0,107.0,106.0,123.0,147.0,194.0,424.0,799.0,535.0,325.0,181.0,105.0,70.0,35.0
2016-05-13,22.0,12.0,11.0,4.0,9.0,46.0,194.0,506.0,618.0,362.0,161.0,121.0,109.0,141.0,148.0,279.0,465.0,779.0,432.0,213.0,136.0,70.0,72.0,55.0
2016-05-14,14.0,21.0,13.0,3.0,4.0,18.0,34.0,55.0,93.0,132.0,146.0,133.0,120.0,86.0,186.0,171.0,91.0,58.0,71.0,47.0,31.0,27.0,22.0,21.0
2016-05-15,10.0,5.0,3.0,3.0,0.0,4.0,14.0,34.0,34.0,71.0,59.0,78.0,106.0,100.0,91.0,89.0,107.0,76.0,52.0,35.0,19.0,17.0,20.0,13.0
2016-05-16,3.0,2.0,2.0,3.0,5.0,43.0,162.0,434.0,563.0,261.0,100.0,71.0,50.0,56.0,73.0,147.0,305.0,678.0,427.0,204.0,96.0,74.0,30.0,14.0
2016-05-17,10.0,6.0,2.0,3.0,8.0,56.0,216.0,563.0,699.0,324.0,147.0,89.0,95.0,106.0,134.0,214.0,426.0,889.0,558.0,266.0,153.0,100.0,63.0,38.0
2016-05-18,15.0,7.0,4.0,4.0,10.0,66.0,227.0,534.0,630.0,336.0,123.0,84.0,85.0,96.0,116.0,153.0,358.0,763.0,466.0,200.0,141.0,78.0,41.0,18.0
2016-05-19,10.0,2.0,3.0,0.0,7.0,33.0,157.0,392.0,446.0,226.0,76.0,51.0,69.0,93.0,87.0,120.0,251.0,543.0,368.0,173.0,70.0,38.0,30.0,14.0
2016-05-20,9.0,4.0,6.0,0.0,7.0,51.0,232.0,615.0,699.0,333.0,129.0,79.0,110.0,111.0,148.0,218.0,423.0,672.0,439.0,200.0,104.0,56.0,35.0,31.0
2016-05-21,16.0,12.0,6.0,4.0,6.0,4.0,15.0,22.0,48.0,31.0,30.0,31.0,51.0,46.0,56.0,63.0,61.0,67.0,50.0,40.0,28.0,23.0,17.0,14.0
2016-05-22,9.0,12.0,5.0,2.0,6.0,6.0,24.0,33.0,52.0,77.0,119.0,171.0,173.0,208.0,205.0,197.0,181.0,158.0,137.0,78.0,37.0,29.0,26.0,13.0
2016-05-23,5.0,3.0,3.0,3.0,8.0,43.0,162.0,471.0,607.0,321.0,99.0,84.0,80.0,80.0,83.0,120.0,336.0,734.0,496.0,209.0,114.0,77.0,49.0,20.0
2016-05-24,6.0,1.0,0.0,3.0,9.0,49.0,223.0,501.0,663.0,292.0,103.0,98.0,88.0,90.0,119.0,177.0,401.0,734.0,505.0,273.0,167.0,70.0,55.0,24.0
2016-05-25,16.0,7.0,2.0,4.0,9.0,54.0,197.0,482.0,605.0,307.0,126.0,73.0,146.0,154.0,123.0,173.0,362.0,695.0,455.0,223.0,127.0,76.0,50.0,37.0
2016-05-26,8.0,7.0,2.0,3.0,10.0,43.0,164.0,437.0,603.0,278.0,113.0,72.0,100.0,94.0,91.0,143.0,312.0,636.0,422.0,182.0,112.0,76.0,31.0,31.0
2016-05-27,8.0,7.0,2.0,1.0,4.0,30.0,85.0,267.0,412.0,222.0,95.0,77.0,86.0,120.0,124.0,175.0,282.0,404.0,199.0,94.0,61.0,47.0,40.0,21.0
2016-05-28,14.0,6.0,11.0,2.0,2.0,7.0,17.0,24.0,53.0,59.0,77.0,106.0,116.0,94.0,90.0,117.0,100.0,93.0,67.0,35.0,29.0,37.0,16.0,13.0
2016-05-29,11.0,7.0,4.0,5.0,0.0,3.0,11.0,18.0,38.0,26.0,37.0,37.0,67.0,52.0,68.0,78.0,112.0,83.0,72.0,42.0,56.0,26.0,29.0,17.0
2016-05-30,10.0,5.0,3.0,3.0,5.0,11.0,32.0,48.0,89.0,167.0,205.0,226.0,278.0,284.0,344.0,254.0,265.0,257.0,174.0,112.0,80.0,67.0,25.0,21.0
2016-05-31,7.0,1.0,1.0,3.0,8.0,51.0,203.0,556.0,681.0,345.0,140.0,95.0,112.0,109.0,126.0,179.0,381.0,841.0,505.0,291.0,124.0,79.0,41.0,20.0
2016-06-01,13.0,3.0,1.0,3.0,7.0,56.0,217.0,544.0,635.0,308.0,161.0,105.0,107.0,111.0,142.0,173.0,391.0,751.0,524.0,249.0,171.0,62.0,55.0,20.0
2016-06-02,14.0,4.0,3.0,1.0,12.0,48.0,152.0,414.0,559.0,281.0,112.0,81.0,82.0,79.0,107.0,155.0,333.0,682.0,456.0,217.0,124.0,84.0,55.0,30.0
2016-06-03,19.0,3.0,3.0,3.0,11.0,46.0,158.0,461.0,599.0,297.0,118.0,119.0,116.0,112.0,146.0,218.0,481.0,650.0,405.0,185.0,132.0,95.0,55.0,38.0
2016-06-04,26.0,18.0,8.0,6.0,4.0,12.0,30.0,75.0,143.0,197.0,157.0,209.0,190.0,227.0,234.0,219.0,200.0,157.0,163.0,121.0,69.0,95.0,42.0,37.0
2016-06-05,23.0,13.0,2.0,5.0,4.0,12.0,24.0,55.0,107.0,121.0,177.0,192.0,173.0,203.0,219.0,203.0,134.0,116.0,113.0,80.0,64.0,45.0,24.0,24.0
2016-06-06,7.0,3.0,3.0,1.0,14.0,52.0,194.0,494.0,645.0,328.0,126.0,111.0,87.0,122.0,112.0,187.0,376.0,784.0,556.0,243.0,163.0,85.0,46.0,25.0
2016-06-07,13.0,5.0,4.0,4.0,7.0,49.0,230.0,540.0,709.0,329.0,152.0,127.0,110.0,125.0,114.0,168.0,394.0,825.0,558.0,296.0,150.0,98.0,56.0,24.0
2016-06-08,14.0,10.0,6.0,4.0,8.0,63.0,202.0,495.0,641.0,353.0,140.0,84.0,91.0,80.0,116.0,165.0,353.0,788.0,487.0,239.0,140.0,71.0,44.0,33.0
2016-06-09,13.0,9.0,0.0,2.0,9.0,45.0,170.0,412.0,562.0,277.0,122.0,66.0,86.0,101.0,88.0,152.0,324.0,625.0,447.0,190.0,143.0,53.0,43.0,31.0
2016-06-10,17.0,9.0,2.0,3.0,6.0,47.0,117.0,349.0,458.0,250.0,106.0,79.0,96.0,112.0,113.0,130.0,293.0,520.0,267.0,128.0,65.0,43.0,45.0,23.0
2016-06-11,25.0,12.0,5.0,1.0,4.0,16.0,24.0,39.0,74.0,96.0,116.0,128.0,129.0,123.0,162.0,131.0,96.0,94.0,93.0,93.0,66.0,80.0,28.0,25.0
2016-06-12,20.0,9.0,11.0,1.0,3.0,11.0,18.0,49.0,74.0,98.0,116.0,166.0,175.0,182.0,250.0,202.0,197.0,211.0,131.0,103.0,66.0,39.0,23.0,19.0
2016-06-13,13.0,3.0,3.0,3.0,6.0,58.0,144.0,375.0,545.0,220.0,83.0,72.0,42.0,54.0,86.0,135.0,305.0,614.0,401.0,190.0,96.0,61.0,38.0,14.0
2016-06-14,7.0,8.0,6.0,3.0,7.0,39.0,126.0,351.0,500.0,235.0,74.0,60.0,84.0,67.0,63.0,120.0,245.0,541.0,321.0,172.0,79.0,56.0,33.0,17.0
2016-06-15,14.0,7.0,1.0,3.0,7.0,52.0,182.0,424.0,553.0,281.0,141.0,91.0,95.0,93.0,122.0,167.0,352.0,761.0,501.0,241.0,150.0,80.0,42.0,28.0
2016-06-16,13.0,6.0,5.0,1.0,7.0,41.0,156.0,427.0,599.0,304.0,108.0,89.0,96.0,98.0,115.0,179.0,376.0,702.0,469.0,198.0,120.0,116.0,59.0,35.0
2016-06-17,22.0,8.0,4.0,3.0,6.0,39.0,129.0,387.0,520.0,271.0,143.0,107.0,104.0,108.0,107.0,188.0,337.0,494.0,272.0,139.0,53.0,57.0,28.0,27.0
2016-06-18,12.0,7.0,3.0,2.0,1.0,11.0,28.0,43.0,52.0,83.0,69.0,101.0,89.0,115.0,42.0,15.0,25.0,80.0,101.0,70.0,39.0,51.0,39.0,39.0
2016-06-19,15.0,17.0,6.0,1.0,2.0,6.0,17.0,53.0,70.0,123.0,189.0,145.0,201.0,196.0,244.0,229.0,210.0,200.0,124.0,72.0,68.0,43.0,21.0,21.0
2016-06-20,5.0,2.0,1.0,2.0,10.0,54.0,184.0,428.0,588.0,334.0,114.0,58.0,87.0,87.0,89.0,151.0,340.0,719.0,512.0,249.0,160.0,109.0,49.0,16.0
2016-06-21,2.0,2.0,1.0,2.0,7.0,43.0,179.0,429.0,620.0,275.0,129.0,88.0,104.0,90.0,120.0,140.0,362.0,784.0,450.0,244.0,155.0,130.0,41.0,28.0
2016-06-22,21.0,8.0,4.0,3.0,11.0,45.0,204.0,470.0,606.0,347.0,160.0,108.0,111.0,114.0,102.0,189.0,362.0,789.0,520.0,253.0,156.0,72.0,46.0,23.0
2016-06-23,17.0,6.0,2.0,2.0,4.0,40.0,88.0,242.0,363.0,205.0,94.0,55.0,68.0,94.0,66.0,87.0,187.0,399.0,271.0,137.0,62.0,45.0,26.0,12.0
2016-06-24,9.0,8.0,0.0,1.0,8.0,29.0,95.0,249.0,359.0,181.0,92.0,58.0,73.0,90.0,103.0,140.0,216.0,415.0,243.0,98.0,58.0,39.0,33.0,18.0
2016-06-25,12.0,9.0,9.0,5.0,7.0,8.0,35.0,51.0,126.0,101.0,135.0,138.0,161.0,188.0,168.0,211.0,218.0,172.0,172.0,117.0,61.0,45.0,42.0,32.0
2016-06-26,27.0,11.0,5.0,8.0,1.0,10.0,19.0,41.0,92.0,141.0,176.0,214.0,208.0,252.0,229.0,236.0,247.0,165.0,147.0,81.0,102.0,36.0,30.0,22.0
2016-06-27,10.0,8.0,4.0,4.0,10.0,55.0,174.0,464.0,589.0,311.0,108.0,83.0,97.0,116.0,82.0,180.0,361.0,743.0,500.0,285.0,178.0,105.0,60.0,19.0
2016-06-28,12.0,5.0,3.0,3.0,9.0,54.0,193.0,477.0,630.0,309.0,116.0,85.0,94.0,102.0,125.0,194.0,432.0,735.0,549.0,277.0,168.0,80.0,49.0,44.0
2016-06-29,10.0,3.0,1.0,4.0,13.0,46.0,185.0,436.0,584.0,298.0,136.0,80.0,93.0,86.0,94.0,187.0,354.0,724.0,504.0,284.0,160.0,104.0,70.0,28.0
2016-06-30,18.0,5.0,2.0,1.0,9.0,59.0,160.0,399.0,565.0,301.0,129.0,71.0,93.0,97.0,137.0,164.0,380.0,671.0,475.0,248.0,156.0,91.0,60.0,23.0
2016-07-01,22.0,12.0,5.0,5.0,13.0,42.0,125.0,326.0,436.0,263.0,155.0,109.0,116.0,112.0,144.0,232.0,385.0,492.0,273.0,148.0,114.0,79.0,51.0,39.0
2016-07-02,23.0,15.0,5.0,3.0,5.0,11.0,22.0,58.0,76.0,114.0,112.0,182.0,139.0,162.0,159.0,216.0,139.0,165.0,135.0,111.0,68.0,35.0,30.0,29.0
2016-07-03,22.0,5.0,8.0,4.0,5.0,10.0,15.0,24.0,58.0,69.0,76.0,149.0,127.0,173.0,169.0,170.0,178.0,158.0,121.0,80.0,51.0,48.0,32.0,29.0
2016-07-04,18.0,6.0,3.0,0.0,3.0,9.0,30.0,30.0,59.0,87.0,108.0,143.0,144.0,183.0,165.0,197.0,177.0,142.0,126.0,104.0,110.0,109.0,83.0,172.0
2016-07-05,32.0,9.0,5.0,4.0,8.0,37.0,112.0,300.0,459.0,216.0,123.0,58.0,63.0,73.0,92.0,119.0,241.0,475.0,386.0,177.0,112.0,64.0,34.0,22.0
2016-07-06,12.0,2.0,4.0,3.0,16.0,51.0,189.0,490.0,589.0,331.0,125.0,135.0,108.0,100.0,120.0,167.0,387.0,778.0,562.0,302.0,173.0,108.0,42.0,22.0
2016-07-07,14.0,2.0,2.0,3.0,7.0,52.0,147.0,379.0,467.0,285.0,94.0,76.0,84.0,86.0,113.0,133.0,296.0,521.0,333.0,134.0,86.0,55.0,38.0,19.0
2016-07-08,8.0,2.0,3.0,3.0,4.0,20.0,122.0,306.0,392.0,219.0,61.0,76.0,81.0,85.0,115.0,121.0,314.0,512.0,283.0,186.0,123.0,469.0,261.0,208.0
2016-07-09,18.0,5.0,6.0,1.0,6.0,5.0,24.0,53.0,101.0,127.0,166.0,192.0,173.0,143.0,192.0,148.0,183.0,132.0,111.0,79.0,55.0,48.0,28.0,33.0
2016-07-10,11.0,12.0,7.0,5.0,7.0,6.0,20.0,46.0,62.0,121.0,119.0,207.0,188.0,222.0,233.0,237.0,153.0,170.0,129.0,93.0,64.0,60.0,36.0,21.0
2016-07-11,16.0,2.0,3.0,1.0,4.0,41.0,171.0,423.0,551.0,292.0,124.0,71.0,86.0,92.0,105.0,146.0,357.0,653.0,508.0,223.0,144.0,79.0,34.0,19.0
2016-07-12,13.0,4.0,8.0,3.0,9.0,42.0,187.0,462.0,533.0,297.0,113.0,96.0,100.0,110.0,110.0,167.0,326.0,677.0,531.0,268.0,178.0,98.0,27.0,25.0
2016-07-13,18.0,6.0,3.0,4.0,8.0,63.0,193.0,475.0,626.0,304.0,134.0,89.0,110.0,89.0,120.0,207.0,358.0,787.0,488.0,277.0,141.0,91.0,78.0,27.0
2016-07-14,16.0,9.0,6.0,2.0,11.0,54.0,197.0,439.0,598.0,324.0,127.0,104.0,125.0,108.0,137.0,195.0,392.0,704.0,507.0,247.0,164.0,94.0,41.0,20.0
2016-07-15,14.0,7.0,9.0,3.0,8.0,35.0,125.0,360.0,482.0,250.0,108.0,105.0,121.0,132.0,139.0,221.0,376.0,544.0,349.0,182.0,109.0,62.0,56.0,39.0
2016-07-16,18.0,13.0,6.0,7.0,39.0,49.0,63.0,52.0,82.0,110.0,125.0,143.0,185.0,134.0,158.0,162.0,172.0,171.0,110.0,72.0,82.0,42.0,36.0,38.0
2016-07-17,17.0,13.0,4.0,5.0,1.0,9.0,21.0,29.0,73.0,93.0,116.0,177.0,174.0,176.0,211.0,201.0,168.0,150.0,136.0,88.0,81.0,47.0,32.0,15.0
2016-07-18,22.0,3.0,4.0,0.0,10.0,52.0,161.0,427.0,523.0,298.0,133.0,92.0,87.0,80.0,87.0,117.0,287.0,634.0,400.0,233.0,113.0,73.0,40.0,21.0
2016-07-19,9.0,2.0,5.0,2.0,9.0,52.0,181.0,459.0,612.0,306.0,130.0,85.0,107.0,136.0,114.0,165.0,362.0,719.0,442.0,246.0,155.0,90.0,60.0,30.0
2016-07-20,12.0,2.0,5.0,1.0,13.0,51.0,199.0,471.0,615.0,315.0,123.0,115.0,97.0,107.0,129.0,176.0,354.0,760.0,489.0,246.0,207.0,95.0,34.0,32.0
2016-07-21,13.0,9.0,10.0,7.0,9.0,42.0,175.0,448.0,578.0,302.0,145.0,113.0,116.0,129.0,128.0,196.0,370.0,695.0,491.0,259.0,137.0,89.0,49.0,41.0
2016-07-22,25.0,8.0,4.0,6.0,8.0,27.0,85.0,143.0,217.0,148.0,64.0,41.0,54.0,86.0,86.0,115.0,198.0,271.0,231.0,112.0,58.0,36.0,28.0,27.0
2016-07-23,16.0,11.0,9.0,4.0,3.0,13.0,25.0,53.0,67.0,110.0,116.0,136.0,152.0,172.0,193.0,172.0,179.0,151.0,192.0,99.0,68.0,62.0,48.0,56.0
2016-07-24,22.0,18.0,10.0,6.0,2.0,9.0,16.0,39.0,59.0,101.0,134.0,214.0,182.0,207.0,210.0,198.0,171.0,176.0,123.0,104.0,66.0,47.0,36.0,20.0
2016-07-25,15.0,5.0,1.0,7.0,10.0,46.0,161.0,459.0,579.0,342.0,106.0,92.0,99.0,99.0,93.0,149.0,354.0,719.0,483.0,264.0,145.0,91.0,40.0,16.0
2016-07-26,9.0,6.0,5.0,5.0,16.0,50.0,185.0,486.0,584.0,336.0,122.0,90.0,104.0,111.0,119.0,213.0,366.0,780.0,474.0,312.0,193.0,107.0,47.0,24.0
2016-07-27,13.0,6.0,7.0,2.0,11.0,56.0,197.0,505.0,549.0,332.0,125.0,94.0,118.0,95.0,119.0,181.0,415.0,783.0,510.0,296.0,174.0,103.0,72.0,31.0
2016-07-28,17.0,7.0,3.0,2.0,9.0,47.0,172.0,455.0,570.0,314.0,138.0,111.0,105.0,120.0,108.0,182.0,318.0,714.0,485.0,231.0,175.0,112.0,58.0,30.0
2016-07-29,12.0,13.0,6.0,5.0,9.0,39.0,139.0,371.0,477.0,307.0,134.0,115.0,128.0,98.0,134.0,215.0,349.0,535.0,345.0,182.0,150.0,66.0,56.0,53.0
2016-07-30,44.0,15.0,7.0,4.0,6.0,11.0,22.0,58.0,92.0,127.0,124.0,134.0,161.0,200.0,166.0,194.0,172.0,185.0,118.0,97.0,70.0,50.0,31.0,43.0
2016-07-31,25.0,13.0,8.0,4.0,5.0,6.0,25.0,32.0,71.0,104.0,135.0,166.0,198.0,142.0,190.0,217.0,215.0,169.0,129.0,95.0,73.0,44.0,25.0,14.0
2016-08-01,11.0,10.0,6.0,3.0,10.0,52.0,178.0,394.0,609.0,325.0,100.0,74.0,82.0,93.0,119.0,168.0,323.0,635.0,558.0,228.0,133.0,76.0,43.0,19.0
2016-08-02,7.0,5.0,1.0,1.0,10.0,39.0,153.0,333.0,512.0,248.0,98.0,61.0,79.0,72.0,84.0,135.0,303.0,573.0,416.0,191.0,93.0,76.0,42.0,25.0
2016-08-03,11.0,6.0,2.0,1.0,13.0,46.0,179.0,399.0,605.0,323.0,133.0,92.0,97.0,98.0,114.0,161.0,396.0,705.0,546.0,260.0,167.0,96.0,52.0,19.0
2016-08-04,20.0,3.0,2.0,5.0,7.0,49.0,174.0,432.0,575.0,324.0,143.0,106.0,120.0,113.0,112.0,152.0,416.0,661.0,512.0,245.0,169.0,86.0,64.0,33.0
2016-08-05,26.0,8.0,6.0,7.0,11.0,45.0,138.0,348.0,466.0,278.0,137.0,113.0,118.0,103.0,115.0,200.0,374.0,562.0,349.0,177.0,130.0,73.0,42.0,29.0
2016-08-06,23.0,16.0,8.0,7.0,8.0,10.0,27.0,56.0,85.0,106.0,120.0,151.0,130.0,138.0,127.0,159.0,182.0,198.0,138.0,111.0,79.0,32.0,28.0,39.0
2016-08-07,34.0,25.0,16.0,5.0,1.0,8.0,16.0,39.0,68.0,98.0,120.0,140.0,108.0,180.0,134.0,155.0,121.0,95.0,102.0,67.0,36.0,11.0,14.0,11.0
2016-08-08,10.0,5.0,4.0,2.0,12.0,29.0,116.0,358.0,449.0,271.0,101.0,82.0,79.0,82.0,93.0,112.0,295.0,588.0,415.0,208.0,101.0,48.0,33.0,20.0
2016-08-09,19.0,10.0,1.0,1.0,9.0,42.0,168.0,392.0,583.0,299.0,118.0,78.0,97.0,83.0,86.0,197.0,365.0,678.0,471.0,200.0,122.0,66.0,46.0,30.0
2016-08-10,11.0,5.0,2.0,0.0,12.0,43.0,170.0,429.0,595.0,336.0,119.0,105.0,97.0,109.0,128.0,180.0,331.0,767.0,488.0,255.0,151.0,88.0,53.0,36.0
2016-08-11,19.0,8.0,4.0,1.0,16.0,51.0,176.0,417.0,615.0,328.0,121.0,98.0,115.0,110.0,128.0,169.0,360.0,744.0,492.0,233.0,172.0,107.0,59.0,26.0
2016-08-12,7.0,11.0,5.0,2.0,11.0,37.0,154.0,337.0,492.0,265.0,135.0,106.0,136.0,105.0,130.0,214.0,342.0,550.0,336.0,178.0,136.0,85.0,47.0,52.0
2016-08-13,16.0,14.0,11.0,1.0,4.0,15.0,43.0,45.0,91.0,127.0,150.0,164.0,152.0,139.0,132.0,153.0,117.0,142.0,112.0,82.0,87.0,48.0,20.0,26.0
2016-08-14,23.0,18.0,5.0,5.0,2.0,4.0,30.0,63.0,105.0,127.0,156.0,268.0,328.0,246.0,283.0,243.0,175.0,131.0,141.0,83.0,77.0,46.0,28.0,15.0
2016-08-15,7.0,4.0,5.0,2.0,12.0,42.0,147.0,445.0,607.0,323.0,118.0,83.0,91.0,108.0,95.0,154.0,371.0,704.0,461.0,282.0,156.0,81.0,34.0,34.0
2016-08-16,11.0,8.0,4.0,3.0,9.0,48.0,185.0,456.0,669.0,326.0,121.0,113.0,90.0,120.0,127.0,168.0,360.0,762.0,514.0,285.0,140.0,81.0,49.0,21.0
2016-08-17,15.0,3.0,6.0,6.0,11.0,47.0,196.0,438.0,659.0,328.0,135.0,110.0,97.0,106.0,111.0,176.0,359.0,785.0,465.0,249.0,148.0,84.0,47.0,30.0
2016-08-18,14.0,12.0,3.0,3.0,15.0,53.0,158.0,430.0,575.0,315.0,141.0,111.0,107.0,115.0,140.0,177.0,362.0,684.0,467.0,248.0,133.0,84.0,61.0,33.0
2016-08-19,20.0,8.0,1.0,5.0,15.0,38.0,134.0,330.0,518.0,239.0,130.0,110.0,100.0,102.0,107.0,186.0,340.0,547.0,325.0,181.0,108.0,72.0,60.0,48.0
2016-08-20,25.0,15.0,12.0,10.0,2.0,8.0,26.0,60.0,111.0,132.0,207.0,119.0,160.0,164.0,171.0,144.0,117.0,119.0,108.0,70.0,82.0,35.0,35.0,19.0
2016-08-21,19.0,11.0,11.0,0.0,2.0,9.0,18.0,39.0,61.0,87.0,95.0,137.0,160.0,138.0,142.0,175.0,156.0,134.0,126.0,70.0,50.0,58.0,30.0,16.0
2016-08-22,8.0,7.0,2.0,2.0,8.0,39.0,153.0,415.0,604.0,330.0,122.0,78.0,84.0,91.0,93.0,144.0,368.0,713.0,511.0,250.0,136.0,69.0,41.0,24.0
2016-08-23,9.0,5.0,7.0,3.0,10.0,49.0,188.0,456.0,667.0,306.0,133.0,91.0,120.0,117.0,119.0,162.0,398.0,753.0,528.0,258.0,140.0,84.0,46.0,36.0
2016-08-24,16.0,9.0,2.0,5.0,13.0,48.0,201.0,462.0,633.0,299.0,160.0,105.0,99.0,100.0,101.0,171.0,358.0,753.0,502.0,289.0,144.0,79.0,45.0,29.0
2016-08-25,20.0,7.0,4.0,4.0,8.0,42.0,170.0,434.0,576.0,324.0,145.0,111.0,117.0,103.0,116.0,175.0,329.0,666.0,462.0,231.0,151.0,85.0,61.0,41.0
2016-08-26,22.0,7.0,9.0,4.0,12.0,33.0,125.0,359.0,489.0,258.0,137.0,112.0,110.0,130.0,137.0,184.0,347.0,569.0,349.0,192.0,140.0,90.0,51.0,30.0
2016-08-27,21.0,13.0,8.0,6.0,2.0,12.0,23.0,51.0,70.0,116.0,128.0,120.0,158.0,151.0,122.0,154.0,140.0,129.0,116.0,66.0,53.0,22.0,28.0,24.0
2016-08-28,15.0,7.0,4.0,2.0,5.0,5.0,12.0,34.0,81.0,86.0,106.0,133.0,118.0,153.0,155.0,122.0,141.0,95.0,74.0,64.0,56.0,26.0,29.0,12.0
2016-08-29,8.0,3.0,2.0,4.0,11.0,39.0,163.0,412.0,535.0,316.0,127.0,102.0,93.0,95.0,135.0,172.0,341.0,748.0,507.0,259.0,134.0,54.0,40.0,23.0
2016-08-30,12.0,4.0,0.0,1.0,16.0,53.0,152.0,496.0,593.0,325.0,134.0,90.0,81.0,101.0,96.0,170.0,369.0,758.0,443.0,237.0,121.0,64.0,46.0,30.0
2016-08-31,12.0,7.0,1.0,2.0,17.0,45.0,165.0,391.0,491.0,301.0,119.0,62.0,54.0,60.0,72.0,101.0,299.0,566.0,430.0,208.0,78.0,71.0,37.0,17.0
2016-09-01,16.0,4.0,6.0,1.0,9.0,39.0,143.0,341.0,481.0,247.0,99.0,84.0,84.0,77.0,89.0,124.0,290.0,528.0,369.0,139.0,90.0,37.0,30.0,13.0
2016-09-02,13.0,4.0,3.0,1.0,12.0,31.0,87.0,233.0,308.0,136.0,34.0,43.0,43.0,53.0,101.0,118.0,217.0,314.0,168.0,84.0,38.0,22.0,32.0,25.0
2016-09-03,17.0,7.0,3.0,0.0,0.0,13.0,18.0,29.0,49.0,59.0,53.0,65.0,59.0,84.0,103.0,120.0,164.0,154.0,142.0,75.0,58.0,26.0,24.0,36.0
2016-09-04,13.0,6.0,5.0,4.0,4.0,7.0,18.0,19.0,37.0,79.0,91.0,126.0,129.0,182.0,192.0,181.0,201.0,149.0,101.0,98.0,41.0,42.0,34.0,25.0
2016-09-05,20.0,3.0,2.0,4.0,8.0,11.0,12.0,33.0,55.0,91.0,94.0,119.0,140.0,138.0,151.0,165.0,145.0,118.0,71.0,55.0,41.0,18.0,17.0,5.0
2016-09-06,5.0,8.0,2.0,1.0,3.0,34.0,88.0,272.0,431.0,205.0,109.0,72.0,63.0,55.0,61.0,109.0,264.0,487.0,278.0,175.0,103.0,37.0,20.0,13.0
2016-09-07,10.0,3.0,1.0,2.0,7.0,38.0,144.0,337.0,511.0,262.0,94.0,76.0,60.0,70.0,75.0,130.0,245.0,524.0,374.0,160.0,76.0,45.0,37.0,18.0
2016-09-08,9.0,3.0,4.0,4.0,13.0,38.0,160.0,357.0,482.0,279.0,102.0,81.0,82.0,87.0,81.0,128.0,327.0,623.0,443.0,193.0,107.0,50.0,36.0,21.0
2016-09-09,16.0,5.0,3.0,4.0,11.0,32.0,132.0,374.0,515.0,268.0,128.0,99.0,100.0,114.0,173.0,196.0,367.0,625.0,314.0,202.0,111.0,71.0,53.0,25.0
2016-09-10,26.0,10.0,13.0,4.0,6.0,8.0,14.0,58.0,85.0,120.0,132.0,175.0,155.0,219.0,173.0,220.0,200.0,191.0,155.0,76.0,56.0,39.0,32.0,30.0
2016-09-11,17.0,11.0,8.0,2.0,3.0,4.0,12.0,37.0,63.0,86.0,98.0,123.0,140.0,149.0,170.0,166.0,162.0,138.0,119.0,72.0,32.0,38.0,22.0,15.0
2016-09-12,12.0,5.0,1.0,2.0,8.0,49.0,150.0,430.0,624.0,293.0,118.0,94.0,91.0,106.0,115.0,170.0,325.0,740.0,443.0,239.0,110.0,62.0,37.0,19.0
2016-09-13,11.0,4.0,3.0,3.0,8.0,52.0,190.0,468.0,620.0,300.0,116.0,98.0,105.0,112.0,103.0,181.0,381.0,796.0,506.0,238.0,118.0,73.0,48.0,27.0
2016-09-14,17.0,5.0,4.0,1.0,9.0,39.0,164.0,456.0,618.0,321.0,141.0,108.0,83.0,92.0,111.0,177.0,351.0,783.0,512.0,244.0,97.0,82.0,56.0,25.0
2016-09-15,10.0,6.0,6.0,2.0,4.0,47.0,164.0,407.0,536.0,291.0,139.0,73.0,103.0,116.0,112.0,182.0,354.0,695.0,485.0,232.0,108.0,65.0,49.0,31.0
2016-09-16,18.0,4.0,3.0,4.0,10.0,39.0,145.0,387.0,506.0,248.0,125.0,108.0,112.0,116.0,130.0,189.0,362.0,602.0,325.0,136.0,62.0,41.0,32.0,28.0
2016-09-17,21.0,5.0,7.0,3.0,0.0,6.0,15.0,15.0,38.0,46.0,38.0,63.0,54.0,56.0,70.0,72.0,124.0,82.0,50.0,43.0,29.0,30.0,30.0,24.0
2016-09-18,15.0,7.0,6.0,1.0,1.0,3.0,14.0,30.0,46.0,81.0,97.0,136.0,181.0,164.0,171.0,157.0,142.0,148.0,123.0,64.0,44.0,25.0,25.0,12.0
2016-09-19,7.0,4.0,2.0,4.0,5.0,34.0,115.0,238.0,438.0,236.0,90.0,67.0,64.0,93.0,76.0,125.0,245.0,527.0,344.0,167.0,91.0,50.0,35.0,16.0
2016-09-20,10.0,5.0,4.0,3.0,5.0,43.0,159.0,459.0,568.0,284.0,122.0,95.0,89.0,102.0,130.0,186.0,349.0,731.0,506.0,224.0,113.0,52.0,17.0,23.0
2016-09-21,15.0,3.0,3.0,3.0,10.0,40.0,169.0,427.0,568.0,274.0,124.0,79.0,76.0,98.0,91.0,172.0,349.0,709.0,415.0,247.0,81.0,65.0,49.0,22.0
2016-09-22,7.0,7.0,2.0,6.0,11.0,37.0,150.0,422.0,609.0,295.0,135.0,93.0,108.0,118.0,115.0,164.0,384.0,699.0,455.0,222.0,100.0,66.0,57.0,30.0
2016-09-23,16.0,9.0,3.0,3.0,9.0,41.0,84.0,276.0,402.0,210.0,87.0,71.0,62.0,45.0,65.0,114.0,251.0,414.0,260.0,125.0,48.0,39.0,63.0,22.0
2016-09-24,14.0,13.0,10.0,8.0,1.0,10.0,17.0,31.0,70.0,81.0,114.0,125.0,172.0,149.0,161.0,161.0,172.0,144.0,81.0,59.0,30.0,31.0,19.0,37.0
2016-09-25,16.0,12.0,5.0,1.0,1.0,3.0,10.0,34.0,58.0,81.0,107.0,123.0,139.0,147.0,154.0,179.0,169.0,158.0,118.0,61.0,34.0,35.0,19.0,9.0
2016-09-26,6.0,1.0,1.0,0.0,8.0,33.0,173.0,423.0,615.0,305.0,121.0,93.0,119.0,113.0,136.0,197.0,424.0,868.0,388.0,139.0,114.0,66.0,27.0,12.0
2016-09-27,8.0,9.0,3.0,1.0,4.0,45.0,170.0,441.0,604.0,265.0,114.0,96.0,63.0,101.0,129.0,158.0,368.0,735.0,463.0,205.0,89.0,56.0,32.0,23.0
2016-09-28,11.0,9.0,2.0,4.0,10.0,41.0,151.0,429.0,591.0,298.0,140.0,107.0,87.0,104.0,140.0,165.0,385.0,651.0,534.0,179.0,113.0,72.0,64.0,26.0
2016-09-29,14.0,5.0,1.0,3.0,11.0,38.0,154.0,386.0,566.0,311.0,119.0,88.0,113.0,109.0,107.0,169.0,339.0,651.0,448.0,161.0,80.0,63.0,39.0,18.0
2016-09-30,15.0,7.0,4.0,4.0,8.0,42.0,115.0,327.0,485.0,286.0,137.0,82.0,97.0,117.0,136.0,233.0,398.0,531.0,334.0,141.0,71.0,70.0,69.0,36.0
2016-10-01,25.0,7.0,7.0,5.0,2.0,7.0,23.0,32.0,62.0,88.0,99.0,92.0,107.0,67.0,58.0,55.0,91.0,73.0,72.0,36.0,19.0,15.0,19.0,15.0
2016-10-02,10.0,2.0,1.0,2.0,2.0,7.0,10.0,17.0,66.0,72.0,79.0,119.0,118.0,156.0,200.0,150.0,222.0,135.0,95.0,47.0,33.0,15.0,13.0,15.0
2016-10-03,11.0,5.0,5.0,2.0,12.0,33.0,163.0,378.0,565.0,248.0,113.0,74.0,83.0,65.0,83.0,142.0,322.0,687.0,417.0,156.0,84.0,41.0,16.0,10.0
2016-10-04,3.0,6.0,5.0,5.0,9.0,37.0,122.0,321.0,497.0,221.0,89.0,59.0,67.0,61.0,55.0,107.0,244.0,503.0,285.0,141.0,80.0,35.0,23.0,6.0
2016-10-05,12.0,4.0,4.0,0.0,13.0,43.0,117.0,323.0,480.0,234.0,107.0,55.0,62.0,83.0,72.0,157.0,294.0,580.0,399.0,199.0,94.0,63.0,44.0,21.0
2016-10-06,14.0,6.0,5.0,2.0,12.0,33.0,128.0,337.0,503.0,250.0,113.0,87.0,85.0,84.0,84.0,140.0,254.0,532.0,314.0,136.0,66.0,52.0,33.0,10.0
2016-10-07,2.0,3.0,0.0,3.0,8.0,28.0,92.0,241.0,351.0,189.0,89.0,63.0,54.0,64.0,70.0,136.0,224.0,439.0,250.0,82.0,44.0,22.0,21.0,20.0
2016-10-08,12.0,15.0,3.0,1.0,2.0,4.0,8.0,17.0,41.0,51.0,66.0,65.0,87.0,55.0,51.0,48.0,37.0,26.0,30.0,20.0,22.0,22.0,7.0,10.0
2016-10-09,5.0,4.0,1.0,2.0,1.0,5.0,6.0,18.0,30.0,57.0,63.0,76.0,102.0,105.0,134.0,112.0,129.0,94.0,48.0,15.0,23.0,17.0,20.0,10.0
2016-10-10,3.0,5.0,0.0,5.0,5.0,30.0,126.0,375.0,539.0,263.0,125.0,68.0,75.0,77.0,98.0,134.0,290.0,674.0,393.0,153.0,78.0,44.0,23.0,15.0
2016-10-11,11.0,2.0,4.0,1.0,13.0,44.0,159.0,390.0,560.0,295.0,112.0,99.0,92.0,96.0,117.0,168.0,340.0,659.0,447.0,176.0,95.0,69.0,29.0,21.0
2016-10-12,15.0,5.0,0.0,1.0,7.0,31.0,127.0,387.0,554.0,282.0,114.0,77.0,98.0,103.0,122.0,164.0,363.0,702.0,391.0,158.0,76.0,41.0,50.0,12.0
2016-10-13,5.0,3.0,2.0,0.0,3.0,28.0,64.0,174.0,235.0,129.0,44.0,23.0,23.0,19.0,34.0,55.0,99.0,236.0,162.0,66.0,32.0,17.0,12.0,12.0
2016-10-14,3.0,2.0,2.0,3.0,4.0,18.0,40.0,77.0,130.0,75.0,42.0,20.0,16.0,15.0,18.0,43.0,91.0,165.0,91.0,38.0,19.0,11.0,16.0,3.0
2016-10-15,3.0,5.0,1.0,2.0,1.0,1.0,8.0,12.0,26.0,13.0,27.0,26.0,22.0,17.0,18.0,26.0,17.0,14.0,17.0,10.0,8.0,13.0,3.0,2.0
2016-10-16,8.0,4.0,1.0,2.0,0.0,1.0,5.0,2.0,10.0,24.0,30.0,39.0,34.0,48.0,43.0,47.0,42.0,49.0,28.0,29.0,20.0,10.0,11.0,2.0
2016-10-17,2.0,1.0,1.0,0.0,6.0,31.0,95.0,297.0,422.0,219.0,95.0,45.0,51.0,42.0,58.0,106.0,219.0,491.0,346.0,132.0,78.0,39.0,14.0,8.0
2016-10-18,5.0,4.0,5.0,2.0,4.0,28.0,118.0,314.0,413.0,234.0,70.0,63.0,65.0,59.0,52.0,138.0,267.0,500.0,340.0,132.0,93.0,41.0,26.0,16.0
2016-10-19,5.0,9.0,4.0,3.0,11.0,41.0,136.0,351.0,521.0,276.0,125.0,83.0,75.0,97.0,90.0,159.0,319.0,601.0,320.0,131.0,56.0,45.0,22.0,6.0
2016-10-20,4.0,3.0,3.0,0.0,3.0,22.0,63.0,218.0,284.0,136.0,48.0,29.0,38.0,44.0,37.0,85.0,172.0,340.0,244.0,113.0,51.0,38.0,27.0,8.0
2016-10-21,8.0,6.0,5.0,0.0,9.0,25.0,98.0,270.0,388.0,223.0,101.0,79.0,85.0,103.0,95.0,129.0,259.0,395.0,244.0,93.0,72.0,35.0,16.0,21.0
2016-10-22,9.0,9.0,8.0,3.0,1.0,4.0,7.0,24.0,66.0,75.0,86.0,129.0,135.0,138.0,153.0,163.0,121.0,132.0,84.0,58.0,29.0,31.0,22.0,23.0
2016-10-23,9.0,9.0,5.0,0.0,0.0,3.0,5.0,19.0,39.0,43.0,59.0,94.0,121.0,117.0,124.0,118.0,104.0,89.0,47.0,30.0,23.0,26.0,14.0,11.0
2016-10-24,9.0,3.0,2.0,0.0,9.0,38.0,110.0,344.0,488.0,259.0,102.0,67.0,78.0,72.0,64.0,119.0,238.0,454.0,306.0,118.0,59.0,33.0,12.0,12.0
2016-10-25,3.0,5.0,2.0,0.0,7.0,50.0,130.0,341.0,474.0,243.0,119.0,66.0,80.0,83.0,87.0,126.0,287.0,570.0,370.0,151.0,74.0,53.0,43.0,16.0
2016-10-26,11.0,7.0,1.0,1.0,7.0,33.0,102.0,218.0,294.0,163.0,56.0,36.0,23.0,29.0,27.0,61.0,148.0,303.0,234.0,87.0,55.0,21.0,9.0,9.0
2016-10-27,5.0,3.0,1.0,1.0,11.0,34.0,100.0,274.0,432.0,204.0,96.0,57.0,58.0,69.0,77.0,123.0,220.0,466.0,281.0,121.0,85.0,44.0,44.0,11.0
2016-10-28,5.0,5.0,9.0,2.0,7.0,33.0,104.0,274.0,399.0,245.0,115.0,95.0,87.0,99.0,98.0,204.0,317.0,507.0,307.0,119.0,78.0,35.0,26.0,32.0
2016-10-29,18.0,10.0,12.0,3.0,4.0,5.0,17.0,21.0,38.0,29.0,38.0,37.0,23.0,33.0,46.0,85.0,68.0,95.0,59.0,49.0,25.0,41.0,19.0,13.0
2016-10-30,10.0,15.0,7.0,3.0,2.0,6.0,10.0,14.0,47.0,74.0,69.0,87.0,98.0,86.0,65.0,57.0,55.0,48.0,33.0,22.0,19.0,14.0,9.0,9.0
2016-10-31,4.0,3.0,1.0,2.0,4.0,33.0,89.0,269.0,330.0,131.0,60.0,37.0,29.0,46.0,50.0,99.0,248.0,401.0,202.0,72.0,44.0,21.0,10.0,13.0
2016-11-01,8.0,6.0,1.0,1.0,7.0,32.0,107.0,267.0,354.0,185.0,64.0,35.0,42.0,49.0,49.0,95.0,226.0,433.0,272.0,128.0,62.0,46.0,22.0,9.0
2016-11-02,4.0,2.0,1.0,0.0,9.0,33.0,127.0,249.0,330.0,200.0,60.0,42.0,26.0,41.0,48.0,91.0,232.0,442.0,270.0,107.0,68.0,40.0,22.0,9.0
2016-11-03,3.0,4.0,2.0,3.0,2.0,32.0,123.0,366.0,534.0,261.0,110.0,96.0,87.0,97.0,112.0,148.0,329.0,609.0,362.0,137.0,106.0,55.0,35.0,22.0
2016-11-04,16.0,8.0,1.0,2.0,9.0,38.0,116.0,288.0,423.0,247.0,123.0,96.0,106.0,131.0,123.0,192.0,314.0,530.0,287.0,102.0,58.0,52.0,30.0,26.0
2016-11-05,18.0,13.0,4.0,6.0,4.0,5.0,9.0,13.0,37.0,19.0,24.0,38.0,25.0,37.0,22.0,19.0,36.0,27.0,18.0,24.0,8.0,10.0,14.0,9.0
2016-11-06,7.0,14.0,3.0,1.0,1.0,2.0,11.0,21.0,50.0,94.0,155.0,129.0,142.0,172.0,178.0,182.0,130.0,67.0,43.0,40.0,26.0,19.0,10.0,12.0
2016-11-07,4.0,5.0,1.0,0.0,0.0,38.0,126.0,417.0,479.0,227.0,89.0,61.0,61.0,64.0,78.0,126.0,318.0,595.0,267.0,119.0,72.0,59.0,24.0,13.0
2016-11-08,5.0,4.0,1.0,3.0,11.0,49.0,163.0,474.0,538.0,252.0,113.0,100.0,121.0,111.0,124.0,204.0,458.0,604.0,316.0,107.0,80.0,47.0,40.0,22.0
2016-11-09,9.0,5.0,1.0,3.0,9.0,29.0,105.0,286.0,397.0,180.0,64.0,47.0,48.0,67.0,68.0,123.0,261.0,471.0,292.0,123.0,92.0,55.0,35.0,12.0
2016-11-10,10.0,3.0,2.0,4.0,5.0,32.0,119.0,378.0,485.0,255.0,91.0,90.0,70.0,96.0,129.0,171.0,308.0,538.0,329.0,150.0,96.0,55.0,50.0,14.0
2016-11-11,13.0,4.0,4.0,2.0,7.0,25.0,81.0,216.0,348.0,182.0,83.0,93.0,95.0,88.0,107.0,146.0,247.0,361.0,191.0,93.0,42.0,35.0,18.0,27.0
2016-11-12,20.0,7.0,4.0,4.0,1.0,8.0,8.0,17.0,51.0,39.0,49.0,43.0,67.0,67.0,65.0,83.0,73.0,55.0,64.0,38.0,41.0,35.0,21.0,21.0
2016-11-13,16.0,6.0,4.0,4.0,2.0,2.0,8.0,18.0,25.0,29.0,39.0,51.0,54.0,59.0,59.0,47.0,55.0,35.0,25.0,15.0,17.0,17.0,14.0,5.0
2016-11-14,8.0,0.0,0.0,0.0,5.0,31.0,103.0,318.0,481.0,228.0,78.0,74.0,67.0,62.0,82.0,140.0,250.0,497.0,356.0,134.0,89.0,37.0,30.0,14.0
2016-11-15,5.0,3.0,2.0,1.0,9.0,27.0,99.0,278.0,373.0,212.0,89.0,41.0,49.0,48.0,53.0,96.0,205.0,425.0,237.0,122.0,44.0,29.0,22.0,6.0
2016-11-16,5.0,2.0,2.0,1.0,12.0,37.0,131.0,304.0,414.0,230.0,93.0,50.0,62.0,66.0,59.0,143.0,241.0,480.0,288.0,142.0,68.0,54.0,35.0,11.0
2016-11-17,4.0,5.0,7.0,1.0,4.0,24.0,116.0,320.0,426.0,223.0,110.0,69.0,78.0,71.0,86.0,123.0,261.0,448.0,307.0,149.0,89.0,64.0,45.0,27.0
2016-11-18,5.0,9.0,4.0,2.0,5.0,29.0,105.0,246.0,415.0,215.0,109.0,83.0,64.0,83.0,86.0,119.0,270.0,408.0,230.0,98.0,42.0,44.0,30.0,18.0
2016-11-19,14.0,6.0,6.0,2.0,0.0,6.0,11.0,20.0,42.0,42.0,47.0,54.0,88.0,58.0,70.0,82.0,68.0,42.0,36.0,40.0,29.0,32.0,28.0,16.0
2016-11-20,17.0,7.0,3.0,0.0,2.0,3.0,3.0,11.0,20.0,24.0,34.0,36.0,48.0,48.0,40.0,54.0,35.0,44.0,36.0,21.0,16.0,18.0,15.0,9.0
2016-11-21,0.0,2.0,0.0,1.0,7.0,28.0,127.0,302.0,392.0,238.0,106.0,44.0,74.0,71.0,116.0,135.0,278.0,456.0,312.0,108.0,88.0,32.0,30.0,9.0
2016-11-22,9.0,1.0,1.0,1.0,8.0,28.0,108.0,231.0,332.0,172.0,81.0,50.0,55.0,54.0,55.0,92.0,174.0,306.0,185.0,90.0,49.0,22.0,22.0,10.0
2016-11-23,7.0,4.0,2.0,0.0,3.0,32.0,67.0,159.0,255.0,147.0,80.0,50.0,55.0,65.0,91.0,131.0,210.0,191.0,133.0,51.0,37.0,13.0,8.0,3.0
2016-11-24,2.0,2.0,1.0,1.0,1.0,0.0,3.0,7.0,12.0,16.0,17.0,11.0,24.0,13.0,10.0,9.0,3.0,5.0,0.0,3.0,25.0,4.0,4.0,6.0
2016-11-25,3.0,0.0,2.0,1.0,7.0,8.0,13.0,27.0,45.0,49.0,77.0,95.0,111.0,104.0,91.0,93.0,62.0,49.0,49.0,21.0,26.0,13.0,9.0,12.0
2016-11-26,10.0,0.0,1.0,0.0,2.0,4.0,6.0,7.0,20.0,20.0,14.0,24.0,39.0,47.0,42.0,43.0,27.0,29.0,31.0,22.0,13.0,14.0,6.0,7.0
2016-11-27,9.0,5.0,2.0,0.0,1.0,5.0,6.0,7.0,29.0,51.0,61.0,61.0,61.0,31.0,25.0,24.0,30.0,19.0,14.0,20.0,10.0,8.0,8.0,3.0
2016-11-28,3.0,0.0,0.0,2.0,6.0,40.0,104.0,312.0,388.0,222.0,88.0,62.0,51.0,56.0,68.0,112.0,232.0,474.0,291.0,135.0,63.0,44.0,19.0,9.0
2016-11-29,7.0,3.0,0.0,1.0,7.0,43.0,120.0,307.0,462.0,231.0,116.0,59.0,49.0,81.0,78.0,122.0,258.0,509.0,307.0,128.0,62.0,45.0,26.0,5.0
2016-11-30,3.0,2.0,3.0,0.0,8.0,28.0,108.0,247.0,365.0,193.0,76.0,39.0,45.0,50.0,56.0,87.0,198.0,365.0,254.0,109.0,76.0,38.0,28.0,13.0
2016-12-01,11.0,3.0,2.0,0.0,5.0,35.0,119.0,295.0,414.0,197.0,98.0,66.0,53.0,67.0,56.0,94.0,227.0,454.0,306.0,141.0,74.0,48.0,33.0,8.0
2016-12-02,7.0,7.0,0.0,0.0,8.0,21.0,65.0,209.0,240.0,144.0,59.0,35.0,45.0,56.0,37.0,67.0,139.0,295.0,153.0,55.0,29.0,20.0,30.0,11.0
2016-12-03,9.0,2.0,2.0,2.0,3.0,7.0,17.0,16.0,58.0,72.0,58.0,76.0,91.0,60.0,76.0,69.0,74.0,49.0,30.0,19.0,17.0,21.0,9.0,10.0
2016-12-04,12.0,7.0,2.0,0.0,3.0,2.0,3.0,11.0,20.0,43.0,48.0,91.0,104.0,119.0,107.0,112.0,76.0,48.0,42.0,20.0,13.0,11.0,10.0,12.0
2016-12-05,2.0,2.0,0.0,1.0,7.0,31.0,77.0,169.0,220.0,114.0,41.0,27.0,22.0,28.0,35.0,61.0,110.0,266.0,163.0,66.0,38.0,13.0,12.0,8.0
2016-12-06,6.0,1.0,1.0,0.0,4.0,14.0,66.0,197.0,274.0,179.0,58.0,49.0,48.0,49.0,48.0,89.0,181.0,308.0,217.0,77.0,49.0,30.0,16.0,11.0
2016-12-07,6.0,5.0,0.0,2.0,5.0,30.0,73.0,196.0,278.0,166.0,76.0,35.0,46.0,60.0,47.0,84.0,157.0,278.0,200.0,90.0,48.0,24.0,27.0,7.0
2016-12-08,5.0,2.0,1.0,0.0,7.0,30.0,53.0,152.0,232.0,152.0,53.0,32.0,34.0,32.0,42.0,90.0,160.0,257.0,126.0,63.0,34.0,32.0,11.0,4.0
2016-12-09,1.0,2.0,1.0,1.0,5.0,18.0,13.0,50.0,55.0,45.0,36.0,19.0,14.0,17.0,21.0,27.0,46.0,83.0,45.0,29.0,15.0,6.0,12.0,5.0
2016-12-10,3.0,2.0,2.0,0.0,1.0,7.0,7.0,9.0,37.0,37.0,44.0,47.0,23.0,15.0,23.0,29.0,24.0,19.0,31.0,13.0,17.0,11.0,8.0,12.0
2016-12-11,9.0,2.0,1.0,0.0,2.0,1.0,7.0,8.0,20.0,22.0,39.0,42.0,39.0,44.0,46.0,43.0,39.0,17.0,26.0,21.0,10.0,10.0,5.0,3.0
2016-12-12,5.0,3.0,2.0,0.0,9.0,24.0,84.0,214.0,293.0,181.0,57.0,29.0,33.0,42.0,26.0,66.0,166.0,338.0,227.0,103.0,53.0,30.0,10.0,13.0
2016-12-13,6.0,2.0,0.0,0.0,6.0,26.0,89.0,246.0,344.0,192.0,79.0,44.0,55.0,60.0,49.0,92.0,181.0,344.0,242.0,93.0,52.0,37.0,23.0,12.0
2016-12-14,11.0,2.0,0.0,0.0,4.0,21.0,83.0,190.0,295.0,191.0,79.0,41.0,50.0,45.0,58.0,86.0,145.0,299.0,206.0,88.0,50.0,31.0,22.0,8.0
2016-12-15,4.0,4.0,1.0,0.0,3.0,20.0,63.0,199.0,252.0,159.0,69.0,35.0,39.0,57.0,40.0,83.0,177.0,326.0,173.0,83.0,36.0,23.0,22.0,7.0
2016-12-16,4.0,1.0,0.0,1.0,1.0,16.0,47.0,138.0,205.0,127.0,63.0,41.0,38.0,34.0,44.0,82.0,163.0,228.0,134.0,46.0,31.0,30.0,18.0,16.0
2016-12-17,9.0,3.0,3.0,3.0,0.0,5.0,11.0,8.0,18.0,25.0,31.0,40.0,34.0,47.0,47.0,57.0,46.0,36.0,32.0,12.0,8.0,9.0,14.0,20.0
2016-12-18,10.0,8.0,3.0,0.0,1.0,1.0,4.0,4.0,15.0,17.0,26.0,48.0,49.0,50.0,51.0,43.0,33.0,22.0,20.0,12.0,6.0,20.0,5.0,8.0
2016-12-19,2.0,6.0,1.0,0.0,3.0,18.0,56.0,140.0,194.0,130.0,54.0,31.0,18.0,25.0,34.0,62.0,139.0,229.0,172.0,55.0,32.0,13.0,6.0,7.0
2016-12-20,3.0,1.0,0.0,1.0,5.0,18.0,62.0,176.0,229.0,160.0,78.0,50.0,46.0,59.0,61.0,84.0,174.0,272.0,194.0,80.0,33.0,24.0,13.0,7.0
2016-12-21,6.0,1.0,0.0,0.0,3.0,31.0,73.0,199.0,258.0,136.0,74.0,48.0,56.0,67.0,69.0,102.0,171.0,315.0,196.0,83.0,44.0,27.0,22.0,17.0
2016-12-22,9.0,2.0,1.0,0.0,4.0,24.0,67.0,129.0,199.0,116.0,69.0,18.0,30.0,37.0,38.0,75.0,144.0,201.0,129.0,44.0,27.0,19.0,19.0,7.0
2016-12-23,6.0,0.0,1.0,1.0,2.0,15.0,26.0,45.0,63.0,45.0,24.0,19.0,19.0,24.0,25.0,42.0,50.0,51.0,44.0,13.0,13.0,12.0,7.0,8.0
2016-12-24,2.0,4.0,0.0,0.0,1.0,8.0,10.0,7.0,32.0,25.0,21.0,37.0,44.0,42.0,33.0,48.0,20.0,19.0,10.0,6.0,8.0,4.0,1.0,3.0
2016-12-25,4.0,0.0,1.0,1.0,0.0,2.0,2.0,5.0,3.0,19.0,21.0,24.0,25.0,23.0,38.0,23.0,17.0,15.0,11.0,8.0,7.0,4.0,2.0,5.0
2016-12-26,4.0,1.0,4.0,0.0,4.0,5.0,10.0,24.0,11.0,27.0,20.0,43.0,38.0,44.0,41.0,27.0,18.0,16.0,21.0,3.0,9.0,5.0,4.0,4.0
2016-12-27,4.0,1.0,0.0,0.0,6.0,11.0,55.0,95.0,109.0,90.0,56.0,27.0,42.0,44.0,41.0,71.0,107.0,152.0,99.0,41.0,21.0,14.0,7.0,12.0
2016-12-28,2.0,1.0,0.0,0.0,7.0,20.0,55.0,108.0,162.0,115.0,56.0,57.0,70.0,65.0,72.0,100.0,126.0,203.0,122.0,50.0,27.0,24.0,21.0,9.0
2016-12-29,9.0,1.0,0.0,0.0,3.0,16.0,40.0,108.0,149.0,108.0,55.0,46.0,25.0,32.0,43.0,71.0,106.0,148.0,87.0,39.0,19.0,13.0,11.0,5.0
2016-12-30,5.0,3.0,0.0,1.0,3.0,11.0,31.0,58.0,107.0,75.0,67.0,53.0,59.0,80.0,74.0,90.0,131.0,110.0,58.0,24.0,16.0,8.0,13.0,14.0
2016-12-31,4.0,6.0,2.0,0.0,4.0,3.0,6.0,14.0,36.0,35.0,43.0,51.0,40.0,43.0,29.0,33.0,38.0,18.0,15.0,10.0,9.0,10.0,15.0,8.0
2017-01-01,5.0,19.0,1.0,2.0,1.0,0.0,4.0,2.0,5.0,11.0,13.0,21.0,25.0,35.0,42.0,40.0,32.0,27.0,16.0,3.0,3.0,8.0,6.0,5.0
2017-01-02,1.0,1.0,1.0,1.0,1.0,4.0,11.0,17.0,29.0,32.0,43.0,47.0,55.0,58.0,73.0,66.0,54.0,45.0,31.0,17.0,12.0,15.0,4.0,5.0
2017-01-03,3.0,2.0,2.0,0.0,9.0,22.0,75.0,184.0,272.0,130.0,58.0,42.0,34.0,27.0,31.0,67.0,160.0,321.0,180.0,73.0,24.0,9.0,8.0,3.0
2017-01-04,3.0,1.0,0.0,1.0,5.0,26.0,68.0,161.0,278.0,180.0,57.0,29.0,35.0,37.0,44.0,76.0,155.0,304.0,198.0,77.0,29.0,24.0,12.0,8.0
2017-01-05,1.0,1.0,1.0,0.0,4.0,25.0,61.0,180.0,269.0,142.0,57.0,56.0,42.0,42.0,50.0,80.0,162.0,272.0,185.0,78.0,26.0,24.0,11.0,8.0
2017-01-06,4.0,1.0,0.0,0.0,3.0,24.0,65.0,137.0,254.0,142.0,71.0,37.0,51.0,54.0,41.0,82.0,154.0,232.0,163.0,64.0,33.0,13.0,12.0,11.0
2017-01-07,11.0,1.0,3.0,0.0,0.0,4.0,6.0,9.0,29.0,37.0,30.0,54.0,47.0,51.0,48.0,55.0,49.0,26.0,29.0,14.0,13.0,8.0,6.0,8.0
2017-01-08,11.0,4.0,1.0,2.0,0.0,2.0,6.0,8.0,17.0,22.0,36.0,25.0,25.0,17.0,16.0,16.0,13.0,11.0,8.0,5.0,7.0,7.0,5.0,4.0
2017-01-09,3.0,0.0,0.0,0.0,7.0,21.0,83.0,228.0,333.0,165.0,64.0,39.0,29.0,34.0,23.0,58.0,159.0,374.0,236.0,88.0,41.0,10.0,12.0,7.0
2017-01-10,5.0,0.0,1.0,0.0,6.0,31.0,85.0,194.0,270.0,150.0,53.0,37.0,40.0,35.0,46.0,78.0,140.0,283.0,200.0,89.0,41.0,18.0,13.0,5.0
2017-01-11,3.0,0.0,0.0,0.0,6.0,25.0,72.0,185.0,268.0,155.0,82.0,38.0,36.0,54.0,37.0,54.0,159.0,295.0,225.0,94.0,36.0,24.0,20.0,5.0
2017-01-12,6.0,1.0,2.0,1.0,2.0,27.0,60.0,163.0,271.0,143.0,67.0,61.0,37.0,47.0,54.0,75.0,141.0,262.0,211.0,84.0,47.0,29.0,30.0,17.0
2017-01-13,4.0,5.0,1.0,0.0,3.0,20.0,62.0,169.0,236.0,139.0,61.0,42.0,40.0,48.0,50.0,93.0,166.0,258.0,167.0,64.0,29.0,26.0,12.0,9.0
2017-01-14,2.0,7.0,2.0,2.0,0.0,4.0,9.0,13.0,27.0,43.0,65.0,57.0,79.0,91.0,76.0,61.0,56.0,47.0,31.0,19.0,17.0,9.0,10.0,4.0
2017-01-15,6.0,4.0,2.0,1.0,0.0,4.0,7.0,8.0,24.0,30.0,39.0,75.0,91.0,122.0,105.0,99.0,62.0,39.0,28.0,29.0,13.0,9.0,12.0,4.0
2017-01-16,3.0,2.0,1.0,0.0,3.0,10.0,44.0,105.0,158.0,102.0,78.0,58.0,93.0,72.0,83.0,99.0,91.0,199.0,121.0,64.0,23.0,16.0,9.0,8.0
2017-01-17,5.0,4.0,1.0,1.0,6.0,20.0,77.0,227.0,298.0,160.0,55.0,36.0,29.0,28.0,23.0,51.0,132.0,276.0,191.0,78.0,28.0,12.0,4.0,3.0
2017-01-18,3.0,0.0,0.0,1.0,6.0,16.0,70.0,168.0,185.0,88.0,32.0,29.0,31.0,36.0,24.0,52.0,136.0,222.0,164.0,65.0,34.0,21.0,14.0,9.0
2017-01-19,0.0,2.0,1.0,0.0,4.0,21.0,62.0,195.0,328.0,155.0,63.0,39.0,46.0,49.0,44.0,54.0,161.0,303.0,213.0,93.0,51.0,31.0,19.0,11.0
2017-01-20,2.0,3.0,0.0,1.0,9.0,19.0,69.0,227.0,346.0,183.0,56.0,52.0,48.0,77.0,65.0,93.0,217.0,342.0,196.0,87.0,49.0,33.0,26.0,20.0
2017-01-21,14.0,4.0,2.0,1.0,2.0,11.0,10.0,21.0,64.0,82.0,120.0,94.0,129.0,146.0,187.0,180.0,118.0,52.0,39.0,23.0,10.0,24.0,15.0,15.0
2017-01-22,8.0,6.0,3.0,1.0,0.0,5.0,2.0,12.0,21.0,21.0,17.0,26.0,28.0,34.0,40.0,46.0,52.0,31.0,28.0,16.0,15.0,9.0,5.0,7.0
2017-01-23,1.0,3.0,2.0,2.0,3.0,24.0,94.0,269.0,406.0,191.0,89.0,54.0,64.0,71.0,73.0,108.0,209.0,449.0,277.0,118.0,67.0,33.0,17.0,11.0
2017-01-24,5.0,6.0,3.0,1.0,5.0,31.0,94.0,292.0,371.0,217.0,83.0,64.0,48.0,70.0,47.0,99.0,181.0,414.0,279.0,131.0,62.0,38.0,18.0,15.0
2017-01-25,11.0,3.0,1.0,0.0,7.0,28.0,100.0,245.0,385.0,187.0,68.0,60.0,52.0,44.0,40.0,75.0,167.0,384.0,259.0,114.0,49.0,43.0,12.0,8.0
2017-01-26,5.0,0.0,5.0,3.0,7.0,34.0,103.0,242.0,401.0,205.0,57.0,61.0,51.0,53.0,65.0,94.0,210.0,387.0,273.0,134.0,55.0,33.0,27.0,13.0
2017-01-27,6.0,4.0,1.0,1.0,7.0,25.0,67.0,231.0,342.0,161.0,82.0,77.0,57.0,80.0,87.0,115.0,260.0,381.0,214.0,78.0,37.0,23.0,29.0,18.0
2017-01-28,13.0,5.0,3.0,0.0,3.0,3.0,6.0,23.0,54.0,54.0,99.0,107.0,102.0,131.0,109.0,126.0,136.0,70.0,59.0,31.0,26.0,25.0,17.0,13.0
2017-01-29,17.0,6.0,4.0,3.0,1.0,7.0,8.0,12.0,41.0,52.0,60.0,74.0,88.0,63.0,58.0,57.0,59.0,62.0,38.0,44.0,26.0,13.0,13.0,8.0
2017-01-30,1.0,2.0,2.0,2.0,6.0,32.0,103.0,306.0,410.0,189.0,79.0,50.0,46.0,60.0,68.0,103.0,200.0,454.0,302.0,114.0,55.0,37.0,15.0,9.0
2017-01-31,3.0,2.0,0.0,1.0,6.0,33.0,103.0,304.0,405.0,198.0,83.0,47.0,47.0,51.0,44.0,110.0,208.0,434.0,283.0,116.0,64.0,32.0,19.0,15.0
2017-02-01,7.0,0.0,1.0,1.0,4.0,28.0,87.0,244.0,355.0,201.0,71.0,48.0,48.0,56.0,56.0,120.0,182.0,365.0,276.0,113.0,70.0,41.0,18.0,14.0
2017-02-02,5.0,2.0,0.0,1.0,5.0,34.0,88.0,216.0,367.0,194.0,68.0,54.0,42.0,51.0,63.0,91.0,198.0,365.0,258.0,114.0,67.0,43.0,20.0,8.0
2017-02-03,2.0,3.0,1.0,0.0,4.0,21.0,35.0,93.0,165.0,113.0,49.0,33.0,23.0,16.0,32.0,36.0,82.0,176.0,129.0,46.0,21.0,16.0,11.0,14.0
2017-02-04,7.0,0.0,4.0,1.0,2.0,4.0,8.0,7.0,33.0,26.0,25.0,33.0,31.0,20.0,18.0,24.0,18.0,28.0,18.0,20.0,7.0,10.0,4.0,5.0
2017-02-05,7.0,1.0,0.0,0.0,1.0,2.0,8.0,13.0,22.0,28.0,29.0,24.0,28.0,21.0,26.0,16.0,13.0,14.0,10.0,11.0,13.0,2.0,1.0,2.0
2017-02-06,4.0,1.0,0.0,0.0,2.0,4.0,9.0,22.0,43.0,29.0,25.0,11.0,9.0,14.0,14.0,20.0,29.0,61.0,26.0,17.0,14.0,8.0,4.0,2.0
2017-02-07,1.0,1.0,0.0,0.0,3.0,18.0,43.0,119.0,219.0,113.0,46.0,28.0,25.0,36.0,21.0,56.0,96.0,249.0,179.0,66.0,42.0,26.0,9.0,7.0
2017-02-08,4.0,1.0,4.0,1.0,7.0,23.0,70.0,152.0,264.0,117.0,42.0,24.0,15.0,24.0,20.0,45.0,96.0,238.0,166.0,70.0,25.0,12.0,13.0,3.0
2017-02-09,1.0,1.0,1.0,1.0,5.0,17.0,60.0,136.0,166.0,97.0,38.0,29.0,24.0,14.0,30.0,43.0,101.0,207.0,151.0,58.0,29.0,22.0,9.0,6.0
2017-02-10,4.0,1.0,3.0,1.0,7.0,23.0,62.0,183.0,258.0,146.0,52.0,38.0,31.0,34.0,26.0,66.0,139.0,296.0,173.0,76.0,41.0,16.0,15.0,16.0
2017-02-11,6.0,3.0,3.0,1.0,2.0,3.0,10.0,17.0,42.0,53.0,64.0,86.0,88.0,99.0,125.0,109.0,82.0,72.0,33.0,31.0,20.0,37.0,24.0,13.0
2017-02-12,6.0,7.0,4.0,2.0,3.0,0.0,5.0,16.0,36.0,43.0,74.0,84.0,118.0,127.0,191.0,162.0,155.0,67.0,41.0,38.0,23.0,13.0,11.0,5.0
2017-02-13,2.0,3.0,0.0,0.0,4.0,29.0,112.0,290.0,436.0,233.0,112.0,57.0,67.0,81.0,95.0,137.0,242.0,535.0,331.0,134.0,64.0,34.0,21.0,8.0
2017-02-14,5.0,5.0,5.0,2.0,4.0,32.0,124.0,346.0,449.0,202.0,86.0,56.0,64.0,64.0,74.0,120.0,261.0,525.0,266.0,122.0,47.0,32.0,12.0,1.0
2017-02-15,4.0,3.0,0.0,2.0,2.0,18.0,60.0,188.0,262.0,147.0,49.0,23.0,12.0,22.0,17.0,47.0,99.0,272.0,181.0,76.0,43.0,15.0,16.0,3.0
2017-02-16,1.0,1.0,3.0,2.0,5.0,18.0,96.0,241.0,326.0,180.0,72.0,58.0,56.0,55.0,58.0,86.0,176.0,391.0,252.0,99.0,65.0,37.0,15.0,15.0
2017-02-17,11.0,2.0,2.0,3.0,8.0,17.0,92.0,260.0,347.0,205.0,71.0,68.0,92.0,71.0,86.0,175.0,263.0,411.0,232.0,80.0,46.0,31.0,24.0,22.0
2017-02-18,10.0,5.0,0.0,0.0,6.0,3.0,7.0,15.0,42.0,47.0,56.0,35.0,48.0,34.0,44.0,38.0,37.0,33.0,38.0,17.0,10.0,15.0,13.0,6.0
2017-02-19,10.0,3.0,3.0,2.0,3.0,1.0,5.0,3.0,20.0,27.0,56.0,71.0,91.0,61.0,44.0,40.0,33.0,27.0,17.0,21.0,6.0,7.0,7.0,6.0
2017-02-20,2.0,4.0,4.0,1.0,3.0,20.0,30.0,91.0,145.0,81.0,37.0,28.0,28.0,25.0,21.0,25.0,59.0,146.0,110.0,54.0,23.0,14.0,10.0,8.0
2017-02-21,6.0,2.0,4.0,3.0,3.0,27.0,92.0,208.0,282.0,147.0,61.0,38.0,38.0,43.0,40.0,64.0,157.0,335.0,224.0,87.0,38.0,22.0,10.0,6.0
2017-02-22,2.0,1.0,0.0,3.0,6.0,28.0,84.0,213.0,322.0,142.0,63.0,32.0,39.0,49.0,66.0,102.0,192.0,374.0,208.0,125.0,50.0,38.0,24.0,13.0
2017-02-23,7.0,2.0,1.0,3.0,7.0,31.0,97.0,216.0,306.0,159.0,70.0,53.0,49.0,55.0,47.0,74.0,152.0,346.0,218.0,95.0,65.0,35.0,20.0,9.0
2017-02-24,4.0,3.0,3.0,2.0,6.0,19.0,62.0,168.0,252.0,133.0,65.0,43.0,38.0,50.0,52.0,116.0,196.0,282.0,185.0,74.0,45.0,35.0,17.0,10.0
2017-02-25,8.0,6.0,1.0,1.0,1.0,11.0,6.0,22.0,47.0,80.0,75.0,85.0,99.0,95.0,111.0,100.0,70.0,56.0,30.0,25.0,22.0,13.0,10.0,7.0
2017-02-26,8.0,6.0,2.0,0.0,2.0,3.0,12.0,35.0,38.0,24.0,27.0,21.0,34.0,34.0,38.0,34.0,47.0,31.0,30.0,16.0,14.0,9.0,6.0,3.0
2017-02-27,5.0,1.0,0.0,1.0,4.0,21.0,51.0,85.0,161.0,84.0,31.0,25.0,23.0,27.0,27.0,43.0,82.0,177.0,104.0,42.0,22.0,14.0,14.0,3.0
2017-02-28,2.0,1.0,0.0,1.0,3.0,23.0,76.0,175.0,272.0,165.0,63.0,36.0,44.0,58.0,44.0,89.0,163.0,331.0,208.0,95.0,60.0,30.0,12.0,7.0
2017-03-01,3.0,4.0,2.0,1.0,6.0,24.0,96.0,247.0,339.0,181.0,70.0,37.0,44.0,53.0,59.0,78.0,160.0,406.0,265.0,117.0,75.0,45.0,28.0,20.0
2017-03-02,2.0,2.0,2.0,1.0,9.0,27.0,83.0,255.0,351.0,177.0,74.0,43.0,40.0,35.0,45.0,69.0,186.0,334.0,241.0,85.0,68.0,38.0,21.0,10.0
2017-03-03,9.0,4.0,0.0,0.0,3.0,20.0,63.0,158.0,269.0,114.0,51.0,30.0,29.0,41.0,43.0,57.0,113.0,248.0,159.0,77.0,26.0,19.0,18.0,12.0
2017-03-04,7.0,4.0,0.0,0.0,4.0,8.0,9.0,24.0,49.0,75.0,91.0,101.0,124.0,95.0,122.0,106.0,82.0,66.0,52.0,35.0,22.0,20.0,17.0,12.0
2017-03-05,7.0,6.0,2.0,1.0,0.0,6.0,8.0,24.0,36.0,58.0,74.0,72.0,60.0,38.0,50.0,54.0,38.0,44.0,21.0,22.0,28.0,11.0,5.0,10.0
2017-03-06,4.0,3.0,1.0,3.0,6.0,26.0,105.0,240.0,370.0,177.0,61.0,40.0,37.0,46.0,51.0,77.0,173.0,422.0,296.0,105.0,49.0,32.0,15.0,6.0
2017-03-07,6.0,3.0,1.0,5.0,8.0,29.0,86.0,218.0,252.0,134.0,30.0,29.0,30.0,19.0,29.0,49.0,125.0,294.0,206.0,92.0,40.0,19.0,16.0,7.0
2017-03-08,1.0,3.0,1.0,1.0,7.0,21.0,106.0,249.0,325.0,171.0,86.0,46.0,45.0,51.0,44.0,85.0,167.0,362.0,229.0,87.0,48.0,25.0,20.0,8.0
2017-03-09,12.0,2.0,0.0,2.0,5.0,25.0,76.0,202.0,282.0,146.0,61.0,30.0,23.0,32.0,21.0,37.0,123.0,295.0,188.0,85.0,51.0,21.0,20.0,9.0
2017-03-10,7.0,2.0,2.0,2.0,8.0,21.0,51.0,158.0,257.0,156.0,60.0,44.0,46.0,55.0,48.0,121.0,188.0,336.0,227.0,79.0,33.0,31.0,25.0,14.0
2017-03-11,12.0,15.0,1.0,4.0,2.0,4.0,15.0,26.0,53.0,42.0,21.0,23.0,16.0,21.0,26.0,42.0,33.0,29.0,30.0,15.0,13.0,9.0,10.0,12.0
2017-03-12,5.0,2.0,,2.0,1.0,2.0,5.0,6.0,28.0,37.0,46.0,66.0,76.0,65.0,60.0,61.0,67.0,57.0,55.0,24.0,33.0,14.0,12.0,12.0
2017-03-13,4.0,4.0,4.0,3.0,6.0,24.0,84.0,182.0,296.0,167.0,70.0,26.0,21.0,22.0,19.0,45.0,114.0,320.0,249.0,93.0,51.0,25.0,18.0,7.0
2017-03-14,3.0,3.0,1.0,2.0,3.0,28.0,77.0,191.0,307.0,191.0,55.0,36.0,23.0,27.0,25.0,58.0,146.0,321.0,243.0,122.0,47.0,19.0,18.0,9.0
2017-03-15,2.0,1.0,3.0,2.0,8.0,24.0,83.0,186.0,270.0,141.0,45.0,28.0,19.0,24.0,34.0,67.0,145.0,320.0,213.0,94.0,48.0,35.0,16.0,13.0
2017-03-16,4.0,3.0,0.0,1.0,5.0,29.0,99.0,281.0,383.0,249.0,91.0,63.0,70.0,82.0,65.0,89.0,230.0,454.0,325.0,151.0,59.0,51.0,26.0,18.0
2017-03-17,8.0,9.0,1.0,1.0,5.0,26.0,77.0,200.0,301.0,176.0,64.0,53.0,57.0,29.0,28.0,57.0,128.0,281.0,160.0,70.0,29.0,20.0,12.0,8.0
2017-03-18,4.0,2.0,2.0,1.0,2.0,8.0,5.0,12.0,24.0,22.0,26.0,27.0,16.0,31.0,38.0,61.0,83.0,70.0,58.0,31.0,19.0,14.0,24.0,17.0
2017-03-19,9.0,9.0,4.0,4.0,1.0,4.0,3.0,32.0,35.0,70.0,98.0,178.0,194.0,243.0,240.0,227.0,175.0,121.0,89.0,63.0,43.0,23.0,17.0,5.0
2017-03-20,6.0,1.0,1.0,1.0,7.0,40.0,121.0,260.0,431.0,191.0,83.0,39.0,47.0,72.0,75.0,102.0,203.0,480.0,297.0,137.0,52.0,36.0,27.0,9.0
2017-03-21,6.0,0.0,1.0,1.0,4.0,28.0,83.0,199.0,328.0,173.0,62.0,37.0,39.0,34.0,41.0,76.0,147.0,391.0,269.0,125.0,52.0,38.0,14.0,15.0
2017-03-22,7.0,2.0,1.0,0.0,7.0,30.0,105.0,263.0,366.0,199.0,89.0,49.0,57.0,53.0,61.0,102.0,216.0,440.0,296.0,140.0,73.0,49.0,28.0,14.0
2017-03-23,6.0,4.0,0.0,2.0,6.0,35.0,111.0,286.0,420.0,222.0,94.0,58.0,57.0,75.0,63.0,110.0,224.0,479.0,334.0,124.0,61.0,35.0,28.0,19.0
2017-03-24,10.0,3.0,4.0,1.0,3.0,24.0,61.0,165.0,229.0,104.0,55.0,35.0,41.0,46.0,27.0,72.0,153.0,249.0,167.0,60.0,22.0,22.0,24.0,8.0
2017-03-25,13.0,5.0,3.0,2.0,2.0,4.0,9.0,39.0,67.0,101.0,85.0,135.0,171.0,138.0,164.0,165.0,147.0,131.0,79.0,42.0,27.0,27.0,18.0,19.0
2017-03-26,11.0,6.0,3.0,0.0,1.0,3.0,10.0,16.0,29.0,25.0,37.0,16.0,48.0,38.0,36.0,27.0,41.0,31.0,30.0,25.0,9.0,8.0,6.0,10.0
2017-03-27,2.0,3.0,0.0,2.0,4.0,30.0,104.0,245.0,396.0,207.0,75.0,52.0,55.0,55.0,57.0,84.0,188.0,485.0,294.0,135.0,60.0,33.0,22.0,9.0
2017-03-28,6.0,2.0,0.0,2.0,5.0,33.0,107.0,234.0,361.0,199.0,64.0,37.0,53.0,47.0,42.0,68.0,157.0,408.0,272.0,125.0,56.0,29.0,16.0,6.0
2017-03-29,6.0,4.0,1.0,1.0,4.0,19.0,69.0,195.0,280.0,150.0,48.0,40.0,42.0,36.0,39.0,75.0,170.0,375.0,273.0,153.0,56.0,35.0,23.0,14.0
2017-03-30,6.0,0.0,3.0,1.0,9.0,34.0,94.0,274.0,429.0,226.0,86.0,63.0,62.0,76.0,61.0,84.0,247.0,437.0,317.0,175.0,83.0,36.0,30.0,16.0
2017-03-31,6.0,2.0,1.0,1.0,6.0,37.0,106.0,262.0,412.0,160.0,90.0,70.0,74.0,86.0,100.0,161.0,306.0,478.0,323.0,134.0,62.0,56.0,34.0,20.0
2017-04-01,21.0,10.0,4.0,5.0,1.0,4.0,14.0,24.0,58.0,60.0,91.0,87.0,93.0,92.0,120.0,116.0,136.0,94.0,80.0,37.0,29.0,27.0,22.0,12.0
2017-04-02,8.0,2.0,0.0,1.0,0.0,3.0,18.0,31.0,55.0,86.0,101.0,154.0,160.0,168.0,153.0,155.0,104.0,112.0,64.0,38.0,22.0,22.0,9.0,5.0
2017-04-03,4.0,2.0,0.0,3.0,4.0,38.0,127.0,365.0,520.0,243.0,94.0,55.0,72.0,78.0,98.0,141.0,294.0,619.0,401.0,161.0,87.0,54.0,43.0,10.0
2017-04-04,7.0,2.0,5.0,1.0,5.0,30.0,140.0,349.0,496.0,241.0,81.0,45.0,75.0,76.0,65.0,120.0,283.0,532.0,369.0,158.0,70.0,31.0,32.0,14.0
2017-04-05,6.0,3.0,2.0,3.0,4.0,24.0,78.0,203.0,302.0,151.0,55.0,18.0,41.0,26.0,27.0,71.0,138.0,316.0,239.0,92.0,43.0,24.0,27.0,11.0
2017-04-06,6.0,1.0,4.0,2.0,4.0,23.0,78.0,207.0,292.0,157.0,63.0,27.0,43.0,43.0,59.0,105.0,219.0,379.0,325.0,148.0,90.0,46.0,32.0,11.0
2017-04-07,9.0,4.0,3.0,2.0,3.0,20.0,76.0,218.0,276.0,132.0,55.0,31.0,31.0,49.0,42.0,72.0,153.0,270.0,158.0,54.0,25.0,14.0,14.0,11.0
2017-04-08,6.0,1.0,1.0,1.0,3.0,4.0,8.0,17.0,63.0,72.0,92.0,74.0,84.0,81.0,71.0,60.0,79.0,58.0,65.0,51.0,29.0,17.0,17.0,21.0
2017-04-09,7.0,1.0,4.0,0.0,2.0,5.0,16.0,24.0,45.0,91.0,100.0,173.0,186.0,185.0,181.0,159.0,159.0,106.0,86.0,59.0,24.0,22.0,11.0,9.0
2017-04-10,1.0,2.0,1.0,0.0,4.0,28.0,78.0,267.0,382.0,223.0,77.0,49.0,43.0,36.0,36.0,68.0,154.0,367.0,279.0,119.0,58.0,37.0,20.0,11.0
2017-04-11,3.0,2.0,2.0,1.0,5.0,30.0,122.0,330.0,472.0,221.0,120.0,85.0,94.0,96.0,85.0,115.0,266.0,566.0,371.0,172.0,76.0,50.0,36.0,17.0
2017-04-12,9.0,3.0,0.0,2.0,2.0,14.0,66.0,155.0,272.0,149.0,43.0,27.0,36.0,34.0,49.0,59.0,154.0,309.0,206.0,111.0,47.0,33.0,23.0,16.0
2017-04-13,6.0,2.0,6.0,3.0,9.0,20.0,99.0,253.0,374.0,183.0,71.0,56.0,46.0,50.0,45.0,86.0,202.0,396.0,258.0,136.0,105.0,41.0,30.0,10.0
2017-04-14,13.0,0.0,2.0,1.0,7.0,25.0,76.0,220.0,317.0,169.0,83.0,70.0,49.0,63.0,68.0,113.0,228.0,326.0,225.0,101.0,56.0,41.0,26.0,18.0
2017-04-15,7.0,11.0,2.0,3.0,2.0,8.0,16.0,37.0,56.0,112.0,121.0,129.0,141.0,164.0,137.0,219.0,167.0,167.0,124.0,69.0,47.0,30.0,17.0,20.0
2017-04-16,17.0,12.0,4.0,4.0,4.0,4.0,10.0,31.0,47.0,80.0,98.0,115.0,162.0,190.0,136.0,168.0,156.0,104.0,81.0,66.0,36.0,19.0,8.0,10.0
2017-04-17,9.0,2.0,4.0,1.0,7.0,29.0,104.0,278.0,427.0,236.0,100.0,65.0,49.0,63.0,53.0,89.0,195.0,402.0,307.0,127.0,44.0,32.0,21.0,9.0
2017-04-18,7.0,3.0,2.0,3.0,6.0,30.0,104.0,282.0,421.0,215.0,61.0,57.0,72.0,47.0,70.0,89.0,234.0,462.0,347.0,121.0,58.0,53.0,23.0,15.0
2017-04-19,8.0,0.0,1.0,0.0,7.0,34.0,112.0,300.0,392.0,188.0,70.0,39.0,37.0,30.0,40.0,83.0,189.0,421.0,328.0,158.0,78.0,36.0,16.0,8.0
2017-04-20,5.0,3.0,2.0,1.0,6.0,40.0,120.0,272.0,445.0,231.0,70.0,57.0,58.0,68.0,87.0,127.0,239.0,502.0,357.0,172.0,111.0,57.0,42.0,13.0
2017-04-21,24.0,5.0,5.0,1.0,5.0,33.0,142.0,341.0,506.0,276.0,132.0,112.0,129.0,150.0,155.0,267.0,424.0,630.0,374.0,176.0,107.0,48.0,45.0,22.0
2017-04-22,14.0,9.0,3.0,2.0,4.0,4.0,20.0,48.0,83.0,101.0,85.0,90.0,46.0,94.0,41.0,57.0,66.0,56.0,62.0,59.0,30.0,22.0,16.0,13.0
2017-04-23,10.0,5.0,5.0,3.0,2.0,1.0,12.0,24.0,64.0,78.0,88.0,74.0,38.0,54.0,39.0,34.0,23.0,23.0,25.0,22.0,11.0,8.0,10.0,6.0
2017-04-24,6.0,2.0,2.0,1.0,5.0,28.0,110.0,329.0,455.0,220.0,66.0,49.0,51.0,64.0,67.0,106.0,232.0,529.0,346.0,206.0,98.0,44.0,31.0,18.0
2017-04-25,11.0,10.0,3.0,0.0,8.0,40.0,219.0,360.0,493.0,264.0,111.0,52.0,64.0,82.0,72.0,124.0,290.0,532.0,335.0,136.0,80.0,27.0,22.0,21.0
2017-04-26,6.0,3.0,0.0,2.0,6.0,30.0,121.0,302.0,407.0,168.0,81.0,55.0,51.0,42.0,51.0,80.0,176.0,425.0,278.0,123.0,61.0,41.0,19.0,11.0
2017-04-27,5.0,1.0,1.0,0.0,7.0,38.0,120.0,293.0,414.0,201.0,91.0,64.0,71.0,63.0,91.0,121.0,244.0,483.0,302.0,161.0,89.0,48.0,35.0,18.0
2017-04-28,7.0,3.0,4.0,4.0,1.0,30.0,115.0,306.0,433.0,222.0,98.0,68.0,76.0,85.0,118.0,157.0,345.0,507.0,357.0,170.0,96.0,42.0,39.0,32.0
2017-04-29,14.0,7.0,5.0,4.0,2.0,6.0,13.0,39.0,85.0,126.0,103.0,137.0,121.0,120.0,138.0,105.0,80.0,86.0,52.0,36.0,25.0,27.0,18.0,9.0
2017-04-30,12.0,5.0,4.0,2.0,2.0,2.0,13.0,15.0,47.0,43.0,72.0,75.0,122.0,171.0,123.0,128.0,125.0,73.0,82.0,35.0,28.0,14.0,11.0,11.0
2017-05-01,6.0,4.0,1.0,2.0,10.0,42.0,182.0,393.0,525.0,228.0,54.0,44.0,47.0,38.0,78.0,123.0,326.0,593.0,352.0,151.0,78.0,49.0,27.0,10.0
2017-05-02,5.0,7.0,5.0,2.0,10.0,46.0,201.0,435.0,527.0,261.0,88.0,83.0,77.0,73.0,98.0,130.0,305.0,628.0,372.0,164.0,82.0,48.0,32.0,17.0
2017-05-03,6.0,4.0,4.0,2.0,4.0,35.0,184.0,444.0,579.0,291.0,86.0,67.0,74.0,84.0,95.0,171.0,403.0,829.0,565.0,274.0,186.0,85.0,48.0,23.0
2017-05-04,12.0,7.0,10.0,2.0,10.0,46.0,167.0,405.0,525.0,257.0,118.0,92.0,98.0,116.0,128.0,185.0,343.0,436.0,241.0,136.0,73.0,29.0,26.0,14.0
2017-05-05,3.0,5.0,4.0,2.0,3.0,36.0,110.0,292.0,400.0,189.0,67.0,48.0,50.0,64.0,61.0,97.0,299.0,483.0,245.0,132.0,58.0,28.0,28.0,29.0
2017-05-06,12.0,5.0,4.0,6.0,2.0,3.0,17.0,50.0,89.0,163.0,123.0,169.0,184.0,184.0,190.0,167.0,193.0,142.0,123.0,87.0,47.0,32.0,27.0,19.0
2017-05-07,14.0,7.0,4.0,1.0,2.0,1.0,13.0,38.0,74.0,76.0,129.0,168.0,198.0,218.0,193.0,209.0,228.0,215.0,149.0,75.0,34.0,28.0,11.0,13.0
2017-05-08,3.0,5.0,1.0,1.0,6.0,51.0,168.0,477.0,661.0,276.0,114.0,60.0,51.0,63.0,104.0,160.0,387.0,788.0,545.0,215.0,135.0,66.0,29.0,21.0
2017-05-09,5.0,4.0,0.0,1.0,8.0,48.0,213.0,570.0,696.0,323.0,126.0,90.0,107.0,113.0,143.0,183.0,433.0,827.0,571.0,284.0,153.0,86.0,59.0,28.0
2017-05-10,12.0,4.0,1.0,2.0,7.0,52.0,234.0,519.0,645.0,289.0,134.0,101.0,90.0,136.0,134.0,197.0,456.0,812.0,598.0,249.0,160.0,85.0,55.0,27.0
2017-05-11,12.0,5.0,2.0,3.0,7.0,33.0,117.0,345.0,454.0,232.0,102.0,35.0,41.0,35.0,44.0,94.0,196.0,524.0,275.0,147.0,143.0,39.0,15.0,18.0
2017-05-12,11.0,3.0,5.0,2.0,5.0,38.0,127.0,386.0,475.0,223.0,100.0,75.0,60.0,51.0,88.0,125.0,256.0,485.0,277.0,132.0,50.0,38.0,20.0,18.0
2017-05-13,11.0,2.0,8.0,5.0,2.0,6.0,18.0,31.0,59.0,84.0,95.0,121.0,112.0,94.0,99.0,160.0,116.0,113.0,78.0,42.0,22.0,21.0,10.0,24.0
2017-05-14,16.0,6.0,1.0,3.0,1.0,4.0,10.0,20.0,37.0,52.0,46.0,69.0,104.0,89.0,97.0,105.0,81.0,77.0,65.0,40.0,40.0,22.0,19.0,12.0
2017-05-15,6.0,6.0,0.0,1.0,9.0,42.0,151.0,373.0,511.0,201.0,90.0,52.0,48.0,49.0,56.0,89.0,197.0,493.0,311.0,120.0,54.0,32.0,23.0,4.0
2017-05-16,3.0,3.0,1.0,1.0,7.0,26.0,87.0,228.0,335.0,156.0,42.0,36.0,30.0,53.0,62.0,104.0,207.0,405.0,296.0,133.0,66.0,35.0,35.0,21.0
2017-05-17,2.0,2.0,5.0,2.0,7.0,45.0,179.0,475.0,548.0,285.0,105.0,67.0,95.0,76.0,100.0,152.0,332.0,732.0,438.0,209.0,130.0,64.0,50.0,25.0
2017-05-18,8.0,3.0,0.0,4.0,4.0,47.0,201.0,434.0,628.0,289.0,132.0,81.0,77.0,93.0,123.0,170.0,407.0,671.0,450.0,245.0,156.0,82.0,72.0,20.0
2017-05-19,15.0,6.0,3.0,6.0,9.0,70.0,279.0,719.0,789.0,354.0,144.0,114.0,119.0,132.0,200.0,306.0,514.0,743.0,434.0,189.0,95.0,72.0,42.0,38.0
2017-05-20,26.0,14.0,5.0,7.0,2.0,10.0,26.0,57.0,116.0,133.0,169.0,193.0,216.0,231.0,217.0,249.0,198.0,189.0,176.0,100.0,83.0,48.0,57.0,28.0
2017-05-21,12.0,4.0,3.0,1.0,4.0,4.0,24.0,45.0,80.0,111.0,182.0,208.0,226.0,208.0,234.0,251.0,220.0,226.0,150.0,116.0,44.0,41.0,23.0,14.0
2017-05-22,5.0,4.0,2.0,2.0,9.0,58.0,232.0,545.0,711.0,379.0,136.0,94.0,104.0,89.0,123.0,206.0,442.0,913.0,563.0,290.0,169.0,97.0,37.0,19.0
2017-05-23,11.0,6.0,4.0,2.0,14.0,62.0,241.0,666.0,763.0,350.0,150.0,108.0,130.0,118.0,138.0,208.0,457.0,874.0,574.0,282.0,158.0,94.0,48.0,20.0
2017-05-24,4.0,8.0,1.0,2.0,8.0,44.0,194.0,503.0,636.0,352.0,129.0,81.0,82.0,90.0,90.0,152.0,381.0,713.0,527.0,221.0,154.0,94.0,45.0,24.0
2017-05-25,15.0,1.0,5.0,4.0,9.0,61.0,205.0,489.0,668.0,353.0,143.0,108.0,109.0,104.0,141.0,168.0,390.0,792.0,550.0,271.0,164.0,97.0,74.0,21.0
2017-05-26,36.0,11.0,1.0,4.0,11.0,58.0,159.0,414.0,587.0,281.0,180.0,127.0,160.0,162.0,219.0,318.0,484.0,508.0,378.0,165.0,115.0,92.0,36.0,37.0
2017-05-27,25.0,11.0,8.0,4.0,6.0,11.0,37.0,65.0,110.0,155.0,153.0,204.0,172.0,192.0,204.0,181.0,208.0,162.0,153.0,113.0,74.0,60.0,47.0,50.0
2017-05-28,28.0,8.0,8.0,2.0,10.0,99.0,171.0,53.0,91.0,157.0,221.0,203.0,273.0,226.0,198.0,184.0,179.0,134.0,134.0,104.0,90.0,45.0,37.0,16.0
2017-05-29,12.0,3.0,1.0,1.0,3.0,15.0,29.0,40.0,83.0,120.0,147.0,147.0,188.0,255.0,217.0,236.0,209.0,237.0,148.0,126.0,90.0,48.0,26.0,15.0
2017-05-30,10.0,0.0,2.0,2.0,7.0,39.0,158.0,387.0,553.0,262.0,85.0,62.0,64.0,63.0,61.0,123.0,269.0,621.0,394.0,160.0,96.0,42.0,26.0,5.0
2017-05-31,6.0,2.0,1.0,1.0,8.0,45.0,201.0,488.0,592.0,296.0,111.0,102.0,88.0,127.0,119.0,199.0,369.0,721.0,501.0,212.0,140.0,67.0,49.0,48.0
2017-06-01,17.0,5.0,3.0,2.0,9.0,51.0,162.0,375.0,467.0,257.0,103.0,77.0,59.0,102.0,110.0,148.0,351.0,630.0,416.0,204.0,142.0,91.0,49.0,16.0
2017-06-02,13.0,4.0,6.0,7.0,4.0,50.0,161.0,352.0,522.0,275.0,120.0,96.0,101.0,117.0,143.0,205.0,402.0,610.0,375.0,197.0,123.0,84.0,45.0,28.0
2017-06-03,22.0,7.0,7.0,0.0,6.0,12.0,27.0,49.0,113.0,94.0,120.0,154.0,150.0,141.0,141.0,163.0,144.0,157.0,92.0,85.0,95.0,43.0,48.0,21.0
2017-06-04,15.0,4.0,4.0,8.0,8.0,7.0,13.0,51.0,105.0,134.0,117.0,148.0,180.0,210.0,188.0,176.0,220.0,146.0,133.0,71.0,48.0,28.0,27.0,9.0
2017-06-05,5.0,4.0,1.0,2.0,10.0,55.0,198.0,460.0,646.0,313.0,117.0,96.0,87.0,97.0,109.0,177.0,400.0,819.0,497.0,276.0,137.0,88.0,32.0,31.0
2017-06-06,11.0,2.0,2.0,2.0,14.0,58.0,218.0,529.0,747.0,327.0,136.0,121.0,110.0,128.0,125.0,198.0,407.0,854.0,506.0,328.0,160.0,84.0,52.0,21.0
2017-06-07,10.0,10.0,5.0,3.0,9.0,57.0,199.0,540.0,704.0,350.0,159.0,106.0,97.0,108.0,124.0,194.0,385.0,822.0,510.0,315.0,172.0,99.0,70.0,24.0
2017-06-08,12.0,5.0,0.0,1.0,6.0,32.0,93.0,243.0,300.0,173.0,65.0,43.0,37.0,32.0,50.0,84.0,203.0,467.0,279.0,137.0,103.0,51.0,44.0,20.0
2017-06-09,11.0,6.0,0.0,4.0,5.0,39.0,117.0,327.0,493.0,282.0,115.0,78.0,75.0,98.0,79.0,125.0,349.0,537.0,293.0,149.0,69.0,45.0,33.0,38.0
2017-06-10,18.0,6.0,10.0,5.0,6.0,14.0,26.0,69.0,99.0,134.0,143.0,160.0,185.0,195.0,237.0,243.0,230.0,278.0,214.0,108.0,102.0,57.0,48.0,20.0
2017-06-11,31.0,6.0,2.0,3.0,2.0,5.0,22.0,43.0,66.0,103.0,124.0,168.0,165.0,237.0,208.0,187.0,181.0,173.0,122.0,106.0,74.0,44.0,29.0,16.0
2017-06-12,2.0,3.0,3.0,2.0,10.0,54.0,175.0,436.0,594.0,272.0,139.0,84.0,74.0,62.0,88.0,129.0,320.0,667.0,462.0,205.0,109.0,54.0,42.0,20.0
2017-06-13,6.0,3.0,2.0,3.0,9.0,43.0,149.0,333.0,501.0,229.0,103.0,53.0,67.0,67.0,90.0,123.0,278.0,568.0,382.0,208.0,98.0,57.0,37.0,18.0
2017-06-14,8.0,2.0,3.0,2.0,10.0,55.0,186.0,487.0,545.0,293.0,137.0,87.0,92.0,98.0,124.0,168.0,318.0,754.0,463.0,256.0,161.0,80.0,41.0,29.0
2017-06-15,6.0,5.0,0.0,4.0,5.0,39.0,97.0,241.0,410.0,180.0,53.0,37.0,23.0,24.0,29.0,65.0,169.0,358.0,254.0,93.0,45.0,24.0,20.0,5.0
2017-06-16,4.0,1.0,2.0,2.0,3.0,39.0,120.0,338.0,446.0,243.0,110.0,97.0,93.0,123.0,139.0,181.0,374.0,526.0,384.0,172.0,116.0,70.0,42.0,40.0
2017-06-17,25.0,9.0,10.0,2.0,1.0,14.0,32.0,60.0,101.0,159.0,182.0,213.0,48.0,30.0,91.0,108.0,160.0,147.0,85.0,87.0,48.0,51.0,30.0,16.0
2017-06-18,22.0,7.0,6.0,3.0,5.0,11.0,25.0,34.0,72.0,109.0,103.0,136.0,130.0,142.0,164.0,136.0,110.0,142.0,93.0,85.0,51.0,40.0,26.0,21.0
2017-06-19,3.0,0.0,1.0,3.0,7.0,40.0,159.0,441.0,608.0,284.0,111.0,75.0,92.0,90.0,98.0,130.0,349.0,714.0,488.0,208.0,161.0,86.0,49.0,24.0
2017-06-20,12.0,0.0,3.0,3.0,12.0,44.0,161.0,403.0,501.0,282.0,100.0,79.0,74.0,71.0,76.0,278.0,315.0,621.0,433.0,240.0,117.0,51.0,36.0,23.0
2017-06-21,5.0,5.0,3.0,2.0,4.0,50.0,188.0,467.0,609.0,340.0,118.0,76.0,101.0,78.0,122.0,182.0,393.0,766.0,483.0,263.0,179.0,103.0,81.0,32.0
2017-06-22,10.0,9.0,3.0,3.0,11.0,51.0,230.0,483.0,628.0,336.0,149.0,122.0,113.0,99.0,130.0,200.0,398.0,743.0,569.0,304.0,198.0,102.0,88.0,32.0
2017-06-23,15.0,6.0,5.0,3.0,10.0,40.0,153.0,394.0,594.0,297.0,140.0,120.0,128.0,131.0,148.0,253.0,460.0,621.0,333.0,182.0,114.0,74.0,46.0,36.0
2017-06-24,21.0,10.0,14.0,4.0,5.0,17.0,31.0,88.0,151.0,177.0,182.0,207.0,200.0,173.0,189.0,202.0,144.0,142.0,138.0,101.0,110.0,69.0,39.0,32.0
2017-06-25,19.0,10.0,8.0,3.0,3.0,12.0,12.0,73.0,106.0,146.0,184.0,212.0,209.0,166.0,141.0,145.0,210.0,122.0,95.0,113.0,69.0,59.0,27.0,20.0
2017-06-26,10.0,4.0,2.0,2.0,2.0,48.0,160.0,492.0,597.0,317.0,110.0,81.0,80.0,81.0,101.0,162.0,328.0,729.0,471.0,292.0,137.0,97.0,47.0,20.0
2017-06-27,13.0,7.0,6.0,3.0,5.0,52.0,175.0,515.0,606.0,338.0,139.0,88.0,82.0,94.0,110.0,157.0,433.0,771.0,502.0,267.0,160.0,98.0,55.0,26.0
2017-06-28,12.0,5.0,2.0,3.0,9.0,57.0,190.0,473.0,599.0,304.0,141.0,92.0,94.0,85.0,91.0,151.0,353.0,707.0,527.0,290.0,190.0,114.0,52.0,18.0
2017-06-29,7.0,1.0,1.0,2.0,4.0,53.0,172.0,430.0,583.0,358.0,143.0,104.0,110.0,140.0,122.0,221.0,373.0,749.0,498.0,285.0,162.0,136.0,63.0,26.0
2017-06-30,16.0,14.0,4.0,2.0,6.0,47.0,162.0,378.0,540.0,295.0,157.0,135.0,155.0,124.0,183.0,253.0,417.0,591.0,361.0,225.0,119.0,87.0,58.0,36.0
2017-07-01,19.0,8.0,10.0,5.0,2.0,15.0,30.0,64.0,109.0,115.0,118.0,159.0,141.0,168.0,173.0,189.0,199.0,191.0,123.0,97.0,69.0,71.0,42.0,41.0
2017-07-02,33.0,5.0,8.0,2.0,5.0,8.0,31.0,29.0,100.0,119.0,144.0,138.0,183.0,229.0,166.0,244.0,191.0,181.0,135.0,130.0,75.0,43.0,34.0,22.0
2017-07-03,8.0,6.0,1.0,4.0,12.0,38.0,103.0,214.0,285.0,199.0,125.0,106.0,122.0,115.0,175.0,245.0,294.0,374.0,243.0,174.0,120.0,65.0,38.0,34.0
2017-07-04,10.0,11.0,1.0,3.0,8.0,12.0,31.0,64.0,99.0,198.0,176.0,207.0,204.0,224.0,243.0,221.0,240.0,213.0,207.0,173.0,149.0,146.0,104.0,155.0
2017-07-05,42.0,22.0,6.0,3.0,5.0,43.0,170.0,391.0,578.0,321.0,132.0,99.0,94.0,120.0,126.0,147.0,369.0,709.0,514.0,282.0,170.0,94.0,60.0,28.0
2017-07-06,11.0,7.0,2.0,3.0,11.0,49.0,196.0,486.0,656.0,346.0,142.0,121.0,107.0,130.0,117.0,186.0,374.0,764.0,569.0,317.0,160.0,125.0,68.0,33.0
2017-07-07,23.0,8.0,7.0,4.0,5.0,43.0,164.0,397.0,542.0,315.0,111.0,109.0,135.0,105.0,128.0,229.0,393.0,634.0,413.0,216.0,155.0,99.0,277.0,288.0
2017-07-08,43.0,20.0,6.0,5.0,4.0,11.0,39.0,57.0,135.0,156.0,156.0,217.0,174.0,195.0,229.0,236.0,201.0,191.0,147.0,130.0,103.0,90.0,43.0,34.0
2017-07-09,19.0,13.0,9.0,5.0,3.0,6.0,22.0,43.0,87.0,112.0,140.0,189.0,242.0,195.0,228.0,161.0,167.0,171.0,152.0,107.0,85.0,65.0,28.0,25.0
2017-07-10,8.0,8.0,0.0,1.0,8.0,54.0,210.0,478.0,665.0,342.0,142.0,85.0,98.0,99.0,112.0,170.0,390.0,792.0,580.0,259.0,165.0,79.0,44.0,17.0
2017-07-11,6.0,4.0,3.0,4.0,15.0,55.0,228.0,481.0,595.0,371.0,144.0,115.0,90.0,108.0,123.0,190.0,404.0,834.0,558.0,314.0,162.0,103.0,52.0,29.0
2017-07-12,13.0,7.0,3.0,4.0,11.0,61.0,199.0,519.0,699.0,325.0,145.0,120.0,115.0,142.0,134.0,197.0,417.0,773.0,612.0,311.0,236.0,111.0,75.0,21.0
2017-07-13,18.0,2.0,2.0,2.0,12.0,50.0,170.0,433.0,599.0,312.0,127.0,98.0,81.0,86.0,114.0,163.0,360.0,663.0,69.0,197.0,212.0,107.0,69.0,22.0
2017-07-14,15.0,6.0,2.0,3.0,10.0,47.0,156.0,397.0,522.0,300.0,157.0,111.0,135.0,127.0,135.0,229.0,413.0,634.0,395.0,221.0,137.0,92.0,48.0,37.0
2017-07-15,27.0,12.0,4.0,9.0,30.0,36.0,36.0,61.0,112.0,129.0,153.0,170.0,220.0,211.0,189.0,186.0,153.0,193.0,129.0,154.0,89.0,69.0,35.0,19.0
2017-07-16,26.0,10.0,5.0,2.0,8.0,12.0,23.0,40.0,82.0,98.0,145.0,152.0,197.0,182.0,227.0,190.0,163.0,148.0,159.0,112.0,68.0,35.0,31.0,16.0
2017-07-17,7.0,3.0,2.0,4.0,10.0,63.0,179.0,482.0,648.0,331.0,134.0,95.0,99.0,109.0,127.0,171.0,399.0,763.0,563.0,276.0,168.0,84.0,50.0,24.0
2017-07-18,9.0,3.0,6.0,2.0,9.0,61.0,198.0,518.0,731.0,345.0,141.0,107.0,112.0,99.0,150.0,201.0,437.0,815.0,552.0,287.0,232.0,111.0,67.0,45.0
2017-07-19,11.0,8.0,3.0,1.0,9.0,53.0,203.0,491.0,695.0,329.0,191.0,132.0,108.0,126.0,132.0,216.0,412.0,771.0,558.0,294.0,157.0,102.0,64.0,22.0
2017-07-20,17.0,4.0,2.0,3.0,8.0,56.0,160.0,437.0,653.0,323.0,138.0,97.0,93.0,107.0,112.0,176.0,378.0,688.0,509.0,266.0,173.0,116.0,65.0,34.0
2017-07-21,11.0,9.0,3.0,3.0,7.0,39.0,149.0,377.0,519.0,318.0,124.0,105.0,98.0,121.0,157.0,230.0,376.0,595.0,348.0,182.0,112.0,71.0,25.0,34.0
2017-07-22,34.0,17.0,4.0,13.0,4.0,13.0,30.0,61.0,104.0,125.0,149.0,202.0,200.0,178.0,229.0,197.0,194.0,159.0,139.0,94.0,75.0,58.0,29.0,30.0
2017-07-23,33.0,14.0,4.0,2.0,5.0,11.0,25.0,51.0,76.0,95.0,134.0,167.0,163.0,218.0,187.0,226.0,168.0,157.0,122.0,111.0,76.0,51.0,36.0,23.0
2017-07-24,13.0,7.0,5.0,6.0,11.0,48.0,193.0,462.0,667.0,348.0,132.0,118.0,101.0,105.0,144.0,174.0,431.0,783.0,541.0,259.0,159.0,104.0,60.0,36.0
2017-07-25,11.0,9.0,2.0,5.0,12.0,52.0,196.0,534.0,707.0,343.0,133.0,115.0,108.0,96.0,150.0,170.0,404.0,798.0,529.0,333.0,185.0,110.0,61.0,31.0
2017-07-26,17.0,5.0,4.0,1.0,14.0,46.0,205.0,507.0,650.0,348.0,163.0,110.0,106.0,106.0,134.0,194.0,402.0,788.0,551.0,297.0,205.0,115.0,85.0,34.0
2017-07-27,14.0,14.0,6.0,4.0,17.0,59.0,175.0,335.0,499.0,256.0,128.0,85.0,71.0,84.0,112.0,163.0,325.0,613.0,417.0,252.0,169.0,105.0,48.0,29.0
2017-07-28,15.0,8.0,2.0,2.0,11.0,45.0,150.0,353.0,533.0,297.0,150.0,117.0,119.0,114.0,173.0,232.0,385.0,652.0,398.0,209.0,128.0,106.0,67.0,45.0
2017-07-29,30.0,18.0,12.0,4.0,5.0,12.0,33.0,65.0,88.0,134.0,168.0,206.0,182.0,224.0,208.0,199.0,181.0,161.0,158.0,99.0,90.0,69.0,49.0,40.0
2017-07-30,33.0,22.0,8.0,4.0,7.0,13.0,28.0,37.0,76.0,93.0,128.0,156.0,189.0,193.0,199.0,177.0,179.0,203.0,152.0,116.0,96.0,52.0,34.0,24.0
2017-07-31,5.0,7.0,1.0,2.0,11.0,52.0,166.0,492.0,660.0,364.0,148.0,119.0,107.0,107.0,145.0,167.0,365.0,840.0,555.0,270.0,154.0,106.0,41.0,38.0
2017-08-01,18.0,8.0,5.0,2.0,12.0,51.0,209.0,513.0,734.0,343.0,160.0,109.0,112.0,119.0,105.0,194.0,436.0,835.0,508.0,311.0,188.0,104.0,50.0,40.0
2017-08-02,16.0,5.0,6.0,2.0,11.0,52.0,189.0,483.0,606.0,373.0,143.0,106.0,112.0,107.0,115.0,164.0,389.0,750.0,471.0,271.0,158.0,107.0,60.0,24.0
2017-08-03,14.0,6.0,0.0,2.0,12.0,39.0,130.0,387.0,563.0,317.0,121.0,93.0,90.0,112.0,102.0,134.0,322.0,602.0,445.0,255.0,143.0,110.0,55.0,43.0
2017-08-04,13.0,17.0,13.0,1.0,13.0,46.0,126.0,346.0,481.0,268.0,149.0,110.0,117.0,119.0,116.0,161.0,358.0,475.0,306.0,211.0,110.0,88.0,65.0,26.0
2017-08-05,22.0,15.0,13.0,5.0,4.0,12.0,19.0,53.0,88.0,142.0,128.0,123.0,161.0,159.0,160.0,169.0,176.0,150.0,106.0,116.0,62.0,57.0,49.0,37.0
2017-08-06,32.0,29.0,14.0,8.0,5.0,10.0,13.0,56.0,107.0,121.0,159.0,181.0,195.0,196.0,147.0,175.0,183.0,158.0,127.0,98.0,76.0,35.0,27.0,20.0
2017-08-07,7.0,2.0,3.0,2.0,10.0,55.0,169.0,429.0,613.0,295.0,127.0,106.0,103.0,89.0,123.0,164.0,368.0,735.0,494.0,257.0,152.0,75.0,52.0,18.0
2017-08-08,14.0,10.0,4.0,4.0,16.0,54.0,208.0,492.0,640.0,352.0,125.0,102.0,103.0,92.0,109.0,158.0,395.0,790.0,486.0,311.0,169.0,111.0,43.0,32.0
2017-08-09,15.0,5.0,7.0,2.0,17.0,47.0,174.0,460.0,637.0,316.0,143.0,118.0,96.0,129.0,111.0,160.0,362.0,737.0,554.0,260.0,155.0,111.0,54.0,29.0
2017-08-10,29.0,8.0,5.0,4.0,11.0,47.0,144.0,451.0,559.0,307.0,137.0,93.0,94.0,106.0,123.0,170.0,391.0,684.0,440.0,280.0,186.0,78.0,56.0,33.0
2017-08-11,22.0,4.0,6.0,2.0,10.0,47.0,128.0,352.0,512.0,252.0,123.0,109.0,118.0,127.0,133.0,236.0,360.0,620.0,365.0,221.0,148.0,59.0,52.0,36.0
2017-08-12,33.0,16.0,11.0,3.0,5.0,10.0,36.0,56.0,100.0,90.0,127.0,134.0,211.0,189.0,184.0,208.0,189.0,182.0,145.0,103.0,79.0,45.0,28.0,21.0
2017-08-13,16.0,10.0,9.0,2.0,1.0,5.0,66.0,55.0,82.0,92.0,112.0,203.0,637.0,545.0,334.0,375.0,273.0,162.0,113.0,67.0,42.0,33.0,23.0,11.0
2017-08-14,10.0,5.0,2.0,2.0,16.0,44.0,172.0,432.0,595.0,329.0,138.0,96.0,93.0,101.0,125.0,161.0,342.0,769.0,506.0,222.0,134.0,75.0,36.0,18.0
2017-08-15,15.0,7.0,4.0,0.0,6.0,51.0,189.0,499.0,688.0,319.0,150.0,114.0,110.0,122.0,112.0,185.0,392.0,812.0,487.0,286.0,158.0,113.0,65.0,31.0
2017-08-16,18.0,5.0,5.0,2.0,11.0,44.0,186.0,479.0,656.0,369.0,139.0,125.0,123.0,128.0,129.0,178.0,426.0,779.0,523.0,320.0,180.0,99.0,56.0,30.0
2017-08-17,16.0,8.0,2.0,6.0,16.0,45.0,153.0,440.0,612.0,315.0,150.0,102.0,94.0,146.0,137.0,182.0,380.0,741.0,556.0,256.0,173.0,98.0,60.0,27.0
2017-08-18,12.0,10.0,5.0,5.0,5.0,63.0,155.0,388.0,454.0,276.0,116.0,101.0,109.0,116.0,172.0,206.0,382.0,578.0,348.0,173.0,98.0,82.0,59.0,30.0
2017-08-19,27.0,16.0,14.0,5.0,2.0,8.0,25.0,57.0,88.0,101.0,124.0,162.0,190.0,167.0,216.0,187.0,184.0,170.0,132.0,113.0,87.0,46.0,21.0,28.0
2017-08-20,19.0,13.0,9.0,5.0,2.0,1.0,13.0,25.0,61.0,78.0,99.0,159.0,191.0,200.0,197.0,152.0,163.0,124.0,111.0,76.0,66.0,42.0,18.0,14.0
2017-08-21,7.0,2.0,3.0,2.0,9.0,31.0,118.0,358.0,476.0,253.0,174.0,135.0,100.0,102.0,95.0,149.0,318.0,597.0,402.0,235.0,104.0,51.0,28.0,19.0
2017-08-22,17.0,6.0,2.0,4.0,7.0,39.0,147.0,442.0,608.0,331.0,138.0,118.0,95.0,99.0,123.0,163.0,391.0,752.0,458.0,269.0,142.0,70.0,48.0,20.0
2017-08-23,8.0,3.0,4.0,9.0,11.0,42.0,172.0,466.0,624.0,347.0,132.0,100.0,92.0,98.0,120.0,160.0,409.0,768.0,546.0,296.0,130.0,64.0,53.0,24.0
2017-08-24,18.0,4.0,1.0,1.0,10.0,42.0,141.0,388.0,546.0,293.0,129.0,108.0,100.0,121.0,128.0,188.0,355.0,620.0,538.0,285.0,146.0,68.0,61.0,42.0
2017-08-25,21.0,10.0,9.0,8.0,6.0,49.0,129.0,376.0,497.0,297.0,131.0,107.0,105.0,94.0,164.0,220.0,395.0,608.0,371.0,187.0,144.0,65.0,43.0,36.0
2017-08-26,20.0,13.0,5.0,4.0,16.0,14.0,22.0,40.0,90.0,115.0,149.0,170.0,197.0,198.0,181.0,174.0,185.0,193.0,140.0,127.0,80.0,49.0,38.0,21.0
2017-08-27,12.0,11.0,8.0,7.0,4.0,6.0,19.0,40.0,58.0,124.0,154.0,205.0,199.0,176.0,184.0,191.0,183.0,154.0,129.0,73.0,70.0,60.0,29.0,10.0
2017-08-28,9.0,1.0,2.0,3.0,5.0,44.0,145.0,479.0,584.0,324.0,113.0,118.0,101.0,103.0,103.0,155.0,345.0,726.0,516.0,246.0,124.0,60.0,44.0,20.0
2017-08-29,14.0,6.0,5.0,2.0,9.0,44.0,197.0,532.0,630.0,307.0,162.0,114.0,107.0,94.0,107.0,179.0,440.0,751.0,516.0,297.0,141.0,68.0,48.0,23.0
2017-08-30,11.0,5.0,5.0,3.0,5.0,45.0,174.0,472.0,591.0,319.0,135.0,98.0,95.0,97.0,100.0,172.0,358.0,749.0,520.0,322.0,162.0,57.0,57.0,30.0
2017-08-31,11.0,8.0,5.0,7.0,11.0,46.0,141.0,413.0,573.0,234.0,80.0,54.0,80.0,67.0,80.0,142.0,365.0,627.0,440.0,221.0,157.0,75.0,50.0,21.0
2017-09-01,17.0,10.0,4.0,2.0,8.0,48.0,126.0,356.0,481.0,229.0,127.0,112.0,147.0,137.0,153.0,264.0,392.0,463.0,282.0,174.0,118.0,61.0,44.0,31.0
2017-09-02,20.0,15.0,5.0,9.0,1.0,12.0,22.0,70.0,91.0,121.0,126.0,165.0,146.0,194.0,212.0,193.0,194.0,173.0,108.0,102.0,68.0,23.0,39.0,44.0
2017-09-03,24.0,9.0,5.0,1.0,5.0,9.0,20.0,29.0,85.0,126.0,148.0,168.0,158.0,182.0,162.0,164.0,127.0,129.0,123.0,69.0,45.0,44.0,23.0,24.0
2017-09-04,28.0,6.0,8.0,3.0,5.0,14.0,30.0,49.0,93.0,153.0,157.0,185.0,168.0,213.0,199.0,161.0,159.0,139.0,108.0,96.0,57.0,33.0,31.0,26.0
2017-09-05,8.0,5.0,5.0,3.0,8.0,47.0,150.0,438.0,537.0,237.0,108.0,70.0,62.0,64.0,69.0,125.0,270.0,588.0,399.0,168.0,83.0,51.0,33.0,22.0
2017-09-06,8.0,3.0,2.0,6.0,9.0,43.0,149.0,393.0,539.0,269.0,99.0,68.0,91.0,50.0,105.0,135.0,285.0,603.0,392.0,208.0,89.0,53.0,39.0,26.0
2017-09-07,9.0,4.0,3.0,2.0,9.0,38.0,153.0,404.0,589.0,258.0,95.0,88.0,59.0,82.0,95.0,147.0,316.0,648.0,399.0,210.0,129.0,70.0,46.0,26.0
2017-09-08,8.0,5.0,7.0,5.0,12.0,41.0,137.0,341.0,539.0,250.0,100.0,98.0,87.0,96.0,104.0,173.0,355.0,523.0,337.0,188.0,104.0,59.0,35.0,33.0
2017-09-09,21.0,5.0,8.0,4.0,8.0,5.0,31.0,33.0,72.0,95.0,114.0,115.0,127.0,147.0,122.0,140.0,114.0,124.0,94.0,73.0,55.0,35.0,29.0,30.0
2017-09-10,25.0,11.0,4.0,3.0,7.0,3.0,18.0,48.0,76.0,121.0,144.0,199.0,201.0,239.0,191.0,156.0,164.0,149.0,128.0,82.0,72.0,39.0,16.0,20.0
2017-09-11,6.0,2.0,1.0,1.0,12.0,48.0,163.0,468.0,704.0,303.0,131.0,97.0,97.0,93.0,132.0,199.0,355.0,780.0,556.0,273.0,117.0,73.0,37.0,32.0
2017-09-12,9.0,5.0,3.0,1.0,11.0,55.0,178.0,544.0,664.0,340.0,153.0,100.0,105.0,106.0,128.0,192.0,371.0,792.0,550.0,258.0,126.0,64.0,40.0,17.0
2017-09-13,6.0,3.0,5.0,3.0,9.0,47.0,172.0,506.0,651.0,304.0,139.0,85.0,89.0,106.0,110.0,178.0,363.0,732.0,511.0,267.0,129.0,74.0,40.0,26.0
2017-09-14,8.0,7.0,3.0,3.0,13.0,34.0,178.0,438.0,644.0,310.0,116.0,95.0,96.0,110.0,105.0,162.0,352.0,726.0,533.0,253.0,110.0,76.0,50.0,29.0
2017-09-15,19.0,7.0,5.0,2.0,11.0,38.0,112.0,396.0,553.0,284.0,132.0,124.0,97.0,136.0,149.0,214.0,440.0,607.0,374.0,183.0,104.0,64.0,39.0,26.0
2017-09-16,23.0,11.0,6.0,7.0,5.0,12.0,28.0,43.0,117.0,123.0,158.0,137.0,151.0,176.0,198.0,185.0,170.0,168.0,123.0,103.0,71.0,50.0,51.0,37.0
2017-09-17,18.0,8.0,6.0,3.0,6.0,7.0,16.0,34.0,58.0,111.0,109.0,143.0,127.0,91.0,51.0,42.0,36.0,45.0,28.0,38.0,24.0,17.0,10.0,5.0
2017-09-18,5.0,2.0,4.0,2.0,8.0,29.0,122.0,320.0,471.0,226.0,85.0,61.0,79.0,70.0,83.0,128.0,212.0,527.0,324.0,117.0,46.0,36.0,27.0,27.0
2017-09-19,8.0,2.0,2.0,2.0,10.0,30.0,99.0,301.0,440.0,215.0,79.0,51.0,53.0,39.0,58.0,89.0,198.0,408.0,269.0,113.0,59.0,24.0,13.0,18.0
2017-09-20,3.0,0.0,2.0,2.0,11.0,36.0,131.0,320.0,483.0,241.0,102.0,72.0,58.0,81.0,94.0,125.0,318.0,535.0,384.0,151.0,87.0,49.0,25.0,21.0
2017-09-21,8.0,5.0,1.0,1.0,12.0,40.0,106.0,326.0,467.0,251.0,106.0,65.0,59.0,81.0,108.0,145.0,289.0,577.0,365.0,155.0,89.0,52.0,42.0,20.0
2017-09-22,7.0,6.0,6.0,2.0,6.0,41.0,116.0,329.0,496.0,292.0,127.0,118.0,117.0,125.0,144.0,201.0,408.0,599.0,335.0,166.0,69.0,54.0,44.0,32.0
2017-09-23,29.0,14.0,6.0,2.0,4.0,8.0,19.0,38.0,84.0,102.0,151.0,182.0,174.0,201.0,199.0,228.0,187.0,164.0,166.0,85.0,62.0,37.0,32.0,33.0
2017-09-24,22.0,11.0,6.0,3.0,5.0,5.0,16.0,39.0,63.0,87.0,86.0,146.0,182.0,174.0,216.0,175.0,215.0,193.0,139.0,86.0,47.0,25.0,13.0,14.0
2017-09-25,15.0,3.0,3.0,4.0,16.0,28.0,144.0,324.0,545.0,260.0,95.0,67.0,77.0,66.0,71.0,146.0,308.0,574.0,372.0,143.0,66.0,51.0,32.0,21.0
2017-09-26,7.0,6.0,2.0,3.0,14.0,40.0,159.0,483.0,651.0,323.0,148.0,102.0,119.0,114.0,102.0,204.0,367.0,792.0,532.0,234.0,115.0,71.0,43.0,18.0
2017-09-27,10.0,4.0,2.0,3.0,12.0,37.0,171.0,477.0,645.0,352.0,156.0,105.0,102.0,115.0,132.0,200.0,429.0,760.0,517.0,234.0,116.0,71.0,75.0,33.0
2017-09-28,15.0,5.0,3.0,0.0,13.0,40.0,171.0,477.0,646.0,344.0,141.0,126.0,117.0,128.0,141.0,244.0,477.0,851.0,441.0,248.0,118.0,87.0,55.0,25.0
2017-09-29,12.0,13.0,2.0,6.0,6.0,29.0,119.0,339.0,417.0,178.0,77.0,57.0,54.0,74.0,85.0,137.0,295.0,488.0,247.0,156.0,73.0,34.0,39.0,33.0
2017-09-30,19.0,7.0,7.0,3.0,2.0,8.0,13.0,30.0,57.0,79.0,90.0,145.0,132.0,139.0,128.0,96.0,64.0,58.0,59.0,39.0,37.0,39.0,15.0,18.0
2017-10-01,19.0,7.0,4.0,2.0,4.0,4.0,6.0,18.0,43.0,76.0,94.0,105.0,120.0,132.0,138.0,156.0,144.0,102.0,77.0,42.0,33.0,30.0,13.0,9.0
2017-10-02,5.0,1.0,1.0,2.0,11.0,44.0,157.0,404.0,581.0,321.0,122.0,74.0,71.0,64.0,85.0,165.0,305.0,710.0,431.0,182.0,95.0,62.0,23.0,16.0
2017-10-03,9.0,4.0,10.0,1.0,9.0,33.0,167.0,447.0,676.0,295.0,133.0,89.0,94.0,103.0,137.0,173.0,371.0,742.0,491.0,198.0,110.0,67.0,40.0,18.0
2017-10-04,7.0,2.0,4.0,3.0,13.0,38.0,158.0,461.0,582.0,296.0,136.0,94.0,90.0,95.0,138.0,172.0,364.0,712.0,467.0,181.0,96.0,71.0,46.0,13.0
2017-10-05,10.0,5.0,1.0,1.0,8.0,35.0,150.0,418.0,593.0,306.0,136.0,85.0,104.0,94.0,134.0,166.0,350.0,663.0,469.0,195.0,85.0,90.0,43.0,32.0
2017-10-06,8.0,3.0,1.0,2.0,9.0,33.0,115.0,351.0,527.0,290.0,122.0,87.0,95.0,99.0,109.0,179.0,378.0,564.0,286.0,139.0,70.0,46.0,27.0,34.0
2017-10-07,24.0,9.0,3.0,0.0,4.0,9.0,14.0,23.0,47.0,85.0,90.0,106.0,130.0,125.0,122.0,95.0,89.0,105.0,58.0,38.0,11.0,16.0,19.0,29.0
2017-10-08,10.0,6.0,4.0,3.0,4.0,5.0,10.0,24.0,39.0,47.0,98.0,128.0,126.0,167.0,131.0,138.0,138.0,138.0,73.0,37.0,21.0,19.0,13.0,10.0
2017-10-09,6.0,2.0,0.0,2.0,13.0,36.0,126.0,401.0,563.0,303.0,102.0,82.0,83.0,87.0,128.0,193.0,339.0,690.0,427.0,193.0,78.0,57.0,25.0,21.0
2017-10-10,2.0,3.0,5.0,0.0,14.0,44.0,122.0,398.0,515.0,249.0,113.0,56.0,70.0,49.0,64.0,127.0,283.0,571.0,350.0,136.0,65.0,44.0,23.0,15.0
2017-10-11,5.0,3.0,0.0,1.0,12.0,40.0,132.0,349.0,441.0,247.0,108.0,76.0,62.0,95.0,110.0,136.0,277.0,519.0,388.0,137.0,73.0,68.0,36.0,24.0
2017-10-12,9.0,4.0,0.0,1.0,8.0,28.0,117.0,274.0,420.0,229.0,76.0,42.0,36.0,52.0,51.0,108.0,219.0,460.0,282.0,132.0,69.0,56.0,26.0,13.0
2017-10-13,5.0,5.0,0.0,2.0,9.0,28.0,89.0,244.0,360.0,236.0,89.0,58.0,67.0,69.0,89.0,151.0,310.0,431.0,268.0,92.0,57.0,25.0,31.0,27.0
2017-10-14,15.0,14.0,9.0,3.0,5.0,6.0,15.0,22.0,59.0,69.0,90.0,114.0,100.0,108.0,139.0,122.0,114.0,99.0,79.0,56.0,46.0,17.0,34.0,31.0
2017-10-15,5.0,6.0,10.0,2.0,5.0,7.0,12.0,25.0,53.0,73.0,118.0,143.0,162.0,190.0,219.0,172.0,171.0,142.0,93.0,55.0,37.0,23.0,19.0,19.0
2017-10-16,4.0,0.0,4.0,2.0,16.0,31.0,158.0,436.0,587.0,295.0,111.0,82.0,70.0,95.0,126.0,165.0,297.0,687.0,401.0,160.0,83.0,61.0,27.0,23.0
2017-10-17,6.0,4.0,3.0,0.0,11.0,32.0,119.0,298.0,405.0,199.0,85.0,36.0,43.0,52.0,57.0,89.0,224.0,481.0,332.0,109.0,58.0,48.0,39.0,16.0
2017-10-18,6.0,3.0,3.0,4.0,6.0,37.0,122.0,291.0,393.0,201.0,61.0,39.0,26.0,36.0,54.0,83.0,197.0,380.0,212.0,80.0,32.0,16.0,9.0,10.0
2017-10-19,2.0,5.0,2.0,0.0,6.0,20.0,91.0,243.0,332.0,174.0,57.0,32.0,40.0,58.0,62.0,80.0,166.0,389.0,217.0,71.0,44.0,36.0,23.0,17.0
2017-10-20,2.0,2.0,3.0,3.0,8.0,29.0,81.0,233.0,336.0,168.0,66.0,45.0,36.0,44.0,59.0,115.0,222.0,418.0,205.0,98.0,45.0,27.0,27.0,19.0
2017-10-21,9.0,6.0,3.0,2.0,3.0,4.0,7.0,7.0,23.0,51.0,29.0,33.0,37.0,35.0,34.0,30.0,32.0,26.0,16.0,17.0,14.0,10.0,10.0,14.0
2017-10-22,8.0,3.0,3.0,0.0,5.0,4.0,9.0,13.0,32.0,52.0,120.0,114.0,160.0,123.0,121.0,120.0,122.0,95.0,69.0,33.0,28.0,15.0,19.0,17.0
2017-10-23,5.0,2.0,1.0,0.0,8.0,37.0,155.0,404.0,560.0,295.0,130.0,79.0,85.0,87.0,119.0,152.0,368.0,689.0,407.0,144.0,81.0,46.0,30.0,56.0
2017-10-24,8.0,1.0,4.0,3.0,13.0,33.0,138.0,421.0,609.0,311.0,122.0,83.0,109.0,100.0,125.0,179.0,356.0,711.0,445.0,178.0,81.0,62.0,43.0,16.0
2017-10-25,10.0,2.0,2.0,3.0,9.0,36.0,134.0,396.0,495.0,282.0,87.0,70.0,65.0,54.0,89.0,104.0,284.0,602.0,358.0,149.0,95.0,59.0,31.0,16.0
2017-10-26,12.0,8.0,1.0,2.0,11.0,27.0,139.0,347.0,503.0,292.0,96.0,84.0,66.0,74.0,84.0,152.0,293.0,595.0,395.0,143.0,93.0,66.0,34.0,32.0
2017-10-27,8.0,7.0,1.0,2.0,10.0,30.0,115.0,323.0,491.0,234.0,138.0,75.0,102.0,121.0,141.0,204.0,369.0,567.0,308.0,103.0,65.0,50.0,27.0,29.0
2017-10-28,16.0,9.0,7.0,8.0,4.0,11.0,17.0,36.0,62.0,99.0,117.0,138.0,161.0,176.0,161.0,213.0,206.0,146.0,91.0,39.0,28.0,27.0,20.0,22.0
2017-10-29,8.0,7.0,9.0,3.0,3.0,5.0,10.0,22.0,47.0,55.0,79.0,80.0,89.0,100.0,152.0,152.0,124.0,123.0,62.0,25.0,27.0,17.0,10.0,9.0
2017-10-30,5.0,1.0,2.0,2.0,8.0,35.0,142.0,377.0,595.0,337.0,122.0,79.0,84.0,102.0,83.0,170.0,327.0,709.0,415.0,173.0,72.0,61.0,28.0,15.0
2017-10-31,7.0,7.0,1.0,5.0,12.0,39.0,131.0,404.0,581.0,278.0,117.0,79.0,96.0,134.0,101.0,179.0,407.0,679.0,324.0,116.0,72.0,32.0,40.0,23.0
2017-11-01,6.0,14.0,3.0,3.0,10.0,32.0,126.0,370.0,516.0,257.0,104.0,57.0,55.0,64.0,77.0,118.0,289.0,566.0,356.0,131.0,88.0,66.0,34.0,16.0
2017-11-02,11.0,7.0,5.0,4.0,8.0,29.0,122.0,294.0,475.0,239.0,79.0,58.0,37.0,39.0,56.0,103.0,222.0,498.0,293.0,139.0,56.0,42.0,39.0,14.0
2017-11-03,5.0,4.0,2.0,1.0,5.0,16.0,67.0,209.0,332.0,188.0,71.0,44.0,40.0,42.0,43.0,81.0,163.0,350.0,189.0,59.0,42.0,22.0,10.0,14.0
2017-11-04,13.0,4.0,2.0,2.0,3.0,1.0,11.0,16.0,42.0,43.0,62.0,82.0,89.0,87.0,59.0,51.0,60.0,41.0,19.0,17.0,17.0,15.0,17.0,12.0
2017-11-05,3.0,4.0,1.0,3.0,3.0,4.0,4.0,8.0,13.0,25.0,20.0,21.0,20.0,22.0,25.0,15.0,26.0,29.0,21.0,9.0,9.0,14.0,8.0,8.0
2017-11-06,2.0,0.0,1.0,0.0,0.0,29.0,119.0,377.0,480.0,250.0,86.0,65.0,68.0,101.0,81.0,138.0,263.0,557.0,346.0,122.0,60.0,43.0,23.0,11.0
2017-11-07,5.0,3.0,2.0,1.0,9.0,36.0,154.0,372.0,477.0,241.0,94.0,71.0,62.0,65.0,73.0,115.0,293.0,539.0,341.0,151.0,73.0,53.0,27.0,11.0
2017-11-08,9.0,2.0,2.0,6.0,5.0,32.0,123.0,357.0,438.0,215.0,88.0,51.0,72.0,67.0,76.0,114.0,228.0,442.0,274.0,127.0,78.0,41.0,17.0,15.0
2017-11-09,10.0,2.0,0.0,3.0,3.0,28.0,95.0,263.0,335.0,211.0,69.0,37.0,25.0,34.0,39.0,77.0,187.0,404.0,224.0,125.0,58.0,45.0,33.0,19.0
2017-11-10,12.0,3.0,6.0,4.0,7.0,16.0,63.0,204.0,320.0,176.0,86.0,78.0,77.0,116.0,119.0,173.0,239.0,326.0,186.0,85.0,35.0,31.0,23.0,23.0
2017-11-11,10.0,10.0,4.0,0.0,3.0,2.0,8.0,23.0,60.0,53.0,47.0,53.0,39.0,30.0,38.0,72.0,41.0,26.0,41.0,18.0,27.0,13.0,20.0,13.0
2017-11-12,17.0,5.0,3.0,0.0,3.0,3.0,5.0,5.0,21.0,33.0,45.0,83.0,64.0,82.0,47.0,32.0,35.0,31.0,18.0,14.0,13.0,7.0,4.0,9.0
2017-11-13,1.0,2.0,0.0,1.0,3.0,24.0,87.0,246.0,386.0,184.0,70.0,41.0,42.0,48.0,52.0,83.0,140.0,322.0,188.0,66.0,41.0,27.0,14.0,9.0
2017-11-14,5.0,2.0,3.0,3.0,7.0,20.0,88.0,260.0,397.0,181.0,73.0,44.0,50.0,47.0,51.0,89.0,199.0,422.0,261.0,128.0,73.0,43.0,26.0,10.0
2017-11-15,5.0,0.0,3.0,1.0,8.0,28.0,87.0,229.0,277.0,171.0,82.0,28.0,45.0,41.0,49.0,84.0,187.0,391.0,250.0,105.0,75.0,33.0,21.0,15.0
2017-11-16,7.0,1.0,2.0,3.0,6.0,34.0,99.0,316.0,371.0,207.0,73.0,47.0,28.0,37.0,57.0,78.0,209.0,429.0,278.0,122.0,59.0,49.0,26.0,16.0
2017-11-17,9.0,2.0,1.0,4.0,9.0,24.0,106.0,279.0,389.0,207.0,99.0,74.0,83.0,94.0,107.0,126.0,247.0,423.0,230.0,102.0,52.0,38.0,36.0,20.0
2017-11-18,27.0,10.0,7.0,1.0,7.0,6.0,13.0,28.0,77.0,97.0,89.0,91.0,132.0,167.0,188.0,148.0,114.0,78.0,62.0,30.0,21.0,31.0,19.0,37.0
2017-11-19,22.0,11.0,9.0,1.0,3.0,4.0,8.0,20.0,53.0,60.0,75.0,77.0,77.0,79.0,61.0,39.0,27.0,17.0,19.0,16.0,7.0,8.0,6.0,5.0
2017-11-20,3.0,2.0,1.0,1.0,8.0,26.0,89.0,191.0,263.0,164.0,65.0,43.0,49.0,51.0,39.0,73.0,162.0,339.0,217.0,107.0,37.0,28.0,24.0,6.0
2017-11-21,7.0,3.0,1.0,2.0,10.0,28.0,68.0,184.0,253.0,146.0,37.0,30.0,24.0,35.0,35.0,54.0,139.0,310.0,188.0,84.0,33.0,20.0,12.0,4.0
2017-11-22,3.0,2.0,3.0,3.0,5.0,23.0,69.0,200.0,255.0,152.0,77.0,55.0,58.0,73.0,114.0,151.0,215.0,229.0,115.0,57.0,34.0,17.0,6.0,6.0
2017-11-23,3.0,4.0,8.0,4.0,1.0,2.0,7.0,11.0,23.0,25.0,26.0,35.0,16.0,18.0,40.0,29.0,11.0,20.0,12.0,8.0,40.0,14.0,8.0,5.0
2017-11-24,9.0,2.0,4.0,0.0,5.0,9.0,23.0,29.0,52.0,56.0,65.0,96.0,69.0,88.0,71.0,74.0,67.0,32.0,37.0,17.0,14.0,29.0,5.0,10.0
2017-11-25,8.0,10.0,0.0,1.0,3.0,10.0,11.0,17.0,49.0,53.0,82.0,79.0,101.0,104.0,74.0,73.0,42.0,34.0,17.0,11.0,25.0,21.0,15.0,18.0
2017-11-26,5.0,0.0,1.0,2.0,3.0,2.0,9.0,9.0,17.0,28.0,55.0,70.0,50.0,19.0,32.0,22.0,33.0,25.0,17.0,16.0,10.0,8.0,4.0,5.0
2017-11-27,1.0,1.0,1.0,0.0,8.0,41.0,124.0,342.0,493.0,199.0,98.0,38.0,57.0,58.0,74.0,112.0,288.0,529.0,339.0,143.0,66.0,47.0,20.0,19.0
2017-11-28,5.0,2.0,4.0,2.0,9.0,26.0,96.0,290.0,361.0,184.0,61.0,26.0,36.0,31.0,39.0,75.0,184.0,405.0,284.0,90.0,52.0,41.0,22.0,6.0
2017-11-29,7.0,4.0,5.0,4.0,8.0,37.0,134.0,328.0,431.0,260.0,86.0,59.0,65.0,83.0,84.0,149.0,277.0,496.0,311.0,122.0,91.0,40.0,19.0,19.0
2017-11-30,13.0,2.0,2.0,2.0,9.0,36.0,97.0,229.0,286.0,158.0,55.0,37.0,36.0,45.0,49.0,80.0,189.0,328.0,200.0,98.0,47.0,39.0,28.0,9.0
2017-12-01,11.0,6.0,6.0,4.0,4.0,30.0,74.0,212.0,344.0,202.0,83.0,72.0,53.0,63.0,45.0,78.0,188.0,400.0,178.0,73.0,30.0,30.0,20.0,15.0
2017-12-02,15.0,15.0,2.0,2.0,1.0,2.0,11.0,10.0,34.0,31.0,23.0,29.0,27.0,28.0,20.0,26.0,16.0,22.0,27.0,13.0,5.0,6.0,10.0,8.0
2017-12-03,5.0,3.0,3.0,6.0,4.0,3.0,8.0,14.0,44.0,40.0,72.0,103.0,68.0,97.0,84.0,81.0,56.0,27.0,18.0,22.0,11.0,9.0,11.0,8.0
2017-12-04,4.0,1.0,0.0,2.0,9.0,45.0,96.0,269.0,441.0,247.0,90.0,52.0,59.0,69.0,71.0,112.0,228.0,501.0,334.0,158.0,57.0,30.0,27.0,11.0
2017-12-05,3.0,6.0,4.0,3.0,9.0,34.0,116.0,285.0,414.0,248.0,93.0,64.0,63.0,61.0,91.0,125.0,239.0,485.0,323.0,119.0,68.0,48.0,33.0,15.0
2017-12-06,6.0,1.0,3.0,2.0,7.0,35.0,98.0,319.0,396.0,230.0,113.0,61.0,70.0,95.0,87.0,120.0,258.0,420.0,287.0,122.0,75.0,54.0,31.0,12.0
2017-12-07,11.0,9.0,3.0,2.0,7.0,32.0,87.0,254.0,389.0,194.0,95.0,73.0,64.0,89.0,78.0,124.0,243.0,385.0,271.0,121.0,60.0,51.0,31.0,17.0
2017-12-08,7.0,1.0,4.0,4.0,7.0,25.0,56.0,170.0,296.0,164.0,88.0,68.0,54.0,67.0,80.0,106.0,224.0,310.0,187.0,62.0,41.0,25.0,13.0,21.0
2017-12-09,18.0,3.0,3.0,6.0,6.0,5.0,7.0,15.0,30.0,37.0,44.0,61.0,85.0,80.0,95.0,101.0,66.0,39.0,27.0,23.0,12.0,12.0,19.0,16.0
2017-12-10,11.0,12.0,3.0,0.0,5.0,4.0,4.0,18.0,24.0,28.0,46.0,91.0,78.0,115.0,121.0,125.0,71.0,35.0,41.0,22.0,11.0,17.0,9.0,6.0
2017-12-11,5.0,0.0,1.0,1.0,8.0,28.0,91.0,219.0,363.0,207.0,68.0,50.0,64.0,47.0,68.0,96.0,220.0,400.0,250.0,103.0,51.0,39.0,21.0,10.0
2017-12-12,3.0,2.0,2.0,4.0,12.0,32.0,98.0,254.0,391.0,214.0,107.0,56.0,55.0,71.0,48.0,118.0,217.0,400.0,280.0,148.0,67.0,35.0,23.0,8.0
2017-12-13,5.0,3.0,3.0,3.0,7.0,32.0,92.0,274.0,392.0,240.0,95.0,54.0,60.0,69.0,100.0,115.0,219.0,419.0,280.0,130.0,62.0,49.0,21.0,17.0
2017-12-14,7.0,4.0,3.0,3.0,3.0,36.0,97.0,253.0,373.0,204.0,97.0,58.0,44.0,64.0,85.0,110.0,238.0,406.0,239.0,104.0,52.0,44.0,29.0,16.0
2017-12-15,9.0,10.0,3.0,4.0,6.0,27.0,62.0,191.0,298.0,154.0,87.0,56.0,55.0,52.0,62.0,80.0,189.0,296.0,152.0,70.0,13.0,28.0,19.0,19.0
2017-12-16,8.0,6.0,6.0,1.0,4.0,8.0,10.0,20.0,40.0,38.0,44.0,83.0,79.0,78.0,91.0,67.0,57.0,53.0,33.0,30.0,21.0,14.0,2.0,13.0
2017-12-17,3.0,2.0,10.0,1.0,3.0,5.0,4.0,7.0,18.0,27.0,43.0,43.0,44.0,52.0,46.0,30.0,32.0,30.0,22.0,19.0,8.0,10.0,5.0,5.0
2017-12-18,1.0,2.0,1.0,3.0,6.0,20.0,83.0,177.0,278.0,169.0,45.0,34.0,31.0,32.0,34.0,69.0,149.0,287.0,201.0,71.0,37.0,20.0,14.0,4.0
2017-12-19,2.0,2.0,3.0,2.0,8.0,23.0,65.0,132.0,175.0,122.0,46.0,23.0,23.0,22.0,26.0,45.0,137.0,244.0,157.0,51.0,37.0,24.0,14.0,4.0
2017-12-20,7.0,4.0,0.0,4.0,8.0,32.0,87.0,204.0,282.0,163.0,93.0,60.0,58.0,53.0,81.0,116.0,201.0,320.0,166.0,96.0,45.0,20.0,17.0,16.0
2017-12-21,9.0,1.0,3.0,4.0,4.0,28.0,67.0,128.0,239.0,140.0,66.0,46.0,48.0,55.0,69.0,108.0,204.0,265.0,129.0,48.0,35.0,18.0,14.0,8.0
2017-12-22,12.0,0.0,0.0,3.0,6.0,20.0,54.0,102.0,120.0,81.0,49.0,32.0,36.0,63.0,89.0,96.0,130.0,109.0,63.0,35.0,21.0,17.0,17.0,4.0
2017-12-23,4.0,3.0,3.0,1.0,2.0,5.0,7.0,10.0,25.0,29.0,28.0,54.0,59.0,75.0,87.0,65.0,28.0,41.0,21.0,12.0,8.0,6.0,5.0,8.0
2017-12-24,5.0,2.0,1.0,0.0,4.0,2.0,4.0,6.0,21.0,19.0,23.0,30.0,24.0,32.0,27.0,18.0,10.0,3.0,6.0,4.0,0.0,4.0,1.0,2.0
2017-12-25,2.0,0.0,0.0,0.0,0.0,1.0,0.0,2.0,1.0,1.0,4.0,3.0,5.0,0.0,6.0,3.0,2.0,0.0,5.0,6.0,3.0,1.0,1.0,2.0
2017-12-26,2.0,0.0,0.0,0.0,8.0,12.0,12.0,24.0,41.0,38.0,34.0,26.0,22.0,36.0,38.0,50.0,67.0,63.0,24.0,22.0,19.0,5.0,4.0,7.0
2017-12-27,4.0,2.0,0.0,1.0,4.0,17.0,42.0,58.0,118.0,63.0,33.0,41.0,41.0,50.0,45.0,73.0,133.0,111.0,62.0,34.0,27.0,21.0,10.0,7.0
2017-12-28,2.0,0.0,2.0,2.0,8.0,21.0,43.0,83.0,117.0,83.0,37.0,31.0,37.0,28.0,30.0,62.0,101.0,133.0,51.0,51.0,18.0,15.0,14.0,3.0
2017-12-29,11.0,2.0,2.0,2.0,5.0,15.0,35.0,56.0,70.0,39.0,27.0,11.0,15.0,20.0,35.0,40.0,60.0,66.0,29.0,24.0,10.0,7.0,6.0,4.0
2017-12-30,3.0,2.0,1.0,2.0,3.0,5.0,9.0,17.0,29.0,33.0,60.0,48.0,78.0,76.0,75.0,69.0,89.0,27.0,26.0,13.0,26.0,14.0,12.0,8.0
2017-12-31,12.0,5.0,2.0,2.0,5.0,3.0,6.0,10.0,22.0,30.0,47.0,65.0,86.0,93.0,90.0,69.0,57.0,33.0,20.0,21.0,14.0,13.0,13.0,16.0
